"customerid","Recency","Frequency","Monetary","Avg_Transaction_Value","Total_Quantity","Purchase_Frequency"
"12346",326.117361111111,1,77183.6,77183.6,74215,1
"12347",2.87361111111111,7,4310,23.6813186813187,2458,0.575282266886075
"12348",75.9840277777778,4,1797.24,57.9754838709677,2341,0.424399013665255
"12349",19.1243055555556,1,1757.55,24.0760273972603,631,1
"12350",310.867361111111,1,334.4,19.6705882352941,197,1
"12352",36.9256944444444,8,2506.04,29.4828235294118,536,0.922771304375688
"12353",204.79375,1,89,22.25,20,1
"12354",232.985416666667,1,1079.4,18.6103448275862,530,1
"12355",214.959027777778,1,459.4,35.3384615384615,240,1
"12356",23.1736111111111,3,2811.43,47.6513559322034,1591,0.297077363896848
"12357",33.8631944444444,1,6207.67,47.3867938931298,2708,1
"12358",2.1,2,1168.06,61.4768421052632,248,0.402643278560177
"12359",58.0020833333333,4,6310.03,25.7552244897959,1609,0.437951764479273
"12360",52.8944444444444,3,2662.06,20.6361240310078,1165,0.607142355206386
"12361",287.957638888889,1,189.9,18.99,91,1
"12362",3.88194444444444,10,5226.23,19.6474812030075,2229,1.02664036692887
"12363",110.105555555556,2,552,24,408,0.451578171631065
"12364",8.10277777777778,4,1313.1,15.4482352941176,1506,1.14514440217896
"12365",291.948611111111,2,641.38,29.1536363636364,174,2
"12367",4.83472222222222,1,168.9,15.3545454545455,173,1
"12370",51.9159722222222,4,3541.94,21.3369879518072,2352,0.388250916141846
"12371",45.1069444444444,2,1887.96,29.967619047619,591,2
"12372",72.0263888888889,3,1298.04,24.9623076923077,794,0.400041979713921
"12373",311.986111111111,1,364.6,26.0428571428571,197,1
"12374",25.8840277777778,1,742.93,22.5130303030303,342,1
"12375",11.0930555555556,2,457.5,26.9117647058824,178,0.683041749345814
"12377",315.878472222222,2,1628.12,21.1444155844156,944,1.52844607981885
"12378",130.094444444444,1,4008.62,18.304200913242,2529,1
"12379",82.1118055555555,2,852.24,21.306,407,0.676178028909741
"12380",22.0576388888889,4,2724.81,26.2000961538462,1127,0.731403804315621
"12381",5.00416666666667,5,1845.31,21.2104597701149,808,1.3030337763246
"12383",185.2,5,1850.56,18.6925252525253,1532,0.894284034545861
"12384",29.1743055555556,2,585.27,21.6766666666667,126,0.64595233111038
"12386",338.009027777778,2,401.9,40.19,354,2
"12388",16.0138888888889,6,2780.66,27.8066,1462,0.578677347193013
"12390",80.1368055555556,1,549.84,17.1825,353,1
"12391",22.0298611111111,1,439.66,4.72752688172043,293,1
"12393",72.88125,4,1582.6,24.728125,816,0.461102483228998
"12394",64.1958333333333,2,1272.48,47.1288888888889,819,0.390231564494348
"12395",19.8951388888889,12,3018.63,19.3501923076923,2118,1.02287660367083
"12397",36.1236111111111,2,2409.9,19.1261904761905,1263,0.601122931030884
"12398",46.0993055555556,1,1635.66,19.2430588235294,1394,1
"12399",119.982638888889,4,1108.65,18.7906779661017,1178,0.844191056850991
"12401",303.958333333333,1,84.3,16.86,11,1
"12402",323.959027777778,1,225.6,20.5090909090909,94,1
"12403",50.0826388888889,1,427.7,85.54,96,1
"12405",149.165277777778,1,1710.39,31.6738888888889,857,1
"12406",22.7277777777778,2,3415.3,32.5266666666667,1818,0.371806402471824
"12407",50.1104166666667,5,1708.12,22.1833766233766,1416,0.698102840890728
"12408",33.0159722222222,5,2888.55,27.51,1409,0.658173386027832
"12409",79.0916666666667,3,11072.67,101.584128440367,5551,0.865968635364395
"12410",309.090972222222,2,693.33,26.6665384615385,211,2
"12412",75.1069444444445,3,1226.88,20.1127868852459,829,0.948859684445583
"12413",67.1597222222222,3,758.1,19.95,286,0.332471370520872
"12414",217.915972222222,3,562.41,31.245,300,0.967741935483871
"12415",24.9361111111111,21,124914.53,174.950322128852,77374,2.01193142755761
"12417",3.91527777777778,9,3649.1,19.0057291666667,1552,0.762441145152086
"12418",113.070833333333,1,668.58,19.6641176470588,407,1
"12420",64.1631944444444,1,600.39,20.7031034482759,345,1
"12421",16.1548611111111,4,807.04,17.9342222222222,484,0.395063534812688
"12422",96.1263888888889,3,803.56,20.6041025641026,370,0.39297139131885
"12423",1.11111111111111,8,1859.31,14.87448,1339,0.679945541398768
"12424",163.030555555556,2,1760.96,58.6986666666667,740,2
"12425",78.8048611111111,1,777.2,21.5888888888889,496,1
"12426",195.016666666667,1,582.73,19.4243333333333,258,1
"12427",22.1625,3,825.8,26.6387096774194,533,0.257197970993784
"12428",26.1861111111111,9,7956.46,27.0627891156463,3536,1.04671166162784
"12429",9.81111111111111,4,3750.4,38.6639175257732,1557,0.336870341958488
"12430",43.9034722222222,1,256.4,23.3090909090909,117,1
"12431",36.0381944444444,15,6419.95,27.4356837606838,2896,1.33105465540474
"12432",43.0465277777778,5,5059.32,46.8455555555556,1801,1.15448753581049
"12433",1.11666666666667,7,13375.87,31.8473095238095,11071,0.563214494578316
"12434",85.0083333333333,2,806.14,16.1228,394,0.340945413218738
"12435",80.1555555555556,2,7829.89,217.496944444444,2055,0.319047583879235
"12436",100.028472222222,1,509.01,31.813125,211,1
"12437",2.05208333333333,18,4951.41,24.8814572864322,2922,1.63690789445986
"12438",14.9736111111111,2,2906.85,29.6617346938776,1180,0.476193100711534
"12441",367.086805555556,1,173.55,15.7772727272727,121,1
"12442",3.93611111111111,1,172.06,14.3383333333333,182,1
"12444",21.9770833333333,5,5005.46,28.4401136363636,1153,1.00017132564374
"12445",22.7548611111111,1,133.4,33.35,62,1
"12446",58,1,1002.31,17.5843859649123,351,1
"12447",243.975694444444,1,476.49,18.3265384615385,190,1
"12448",44.9611111111111,1,449.45,20.4295454545455,243,1
"12449",22.9611111111111,4,4067.29,21.2947120418848,1553,0.727612647322613
"12450",156.922916666667,2,197.88,24.735,128,2
"12451",11.1736111111111,5,9035.52,25.5240677966102,6575,0.477733420327999
"12452",17.0986111111111,2,430.57,19.5713636363636,185,2
"12453",134.945833333333,1,707.09,16.4439534883721,473,1
"12454",56.8173611111111,1,3528.34,235.222666666667,1006,1
"12455",73.8881944444445,6,2466.86,27.4095555555556,2089,0.806333701451214
"12456",44.9229166666667,3,3181.04,25.44832,1633,0.42810566546317
"12457",66.9840277777778,7,2363.23,38.1166129032258,843,1.21555133935749
"12458",71.8923611111111,2,947.4,24.9315789473684,506,0.281442392260334
"12461",94.8284722222222,2,826.88,23.6251428571429,287,0.995460515703851
"12462",19.1520833333333,2,1189.59,19.186935483871,536,0.210697276298751
"12463",53.9625,4,1344.78,16.2021686746988,776,0.638163507240275
"12464",10.9701388888889,8,1212.05,41.7948275862069,112,0.802669992544645
"12465",17.8444444444444,2,742.19,15.7912765957447,479,0.394417891233788
"12468",188.051388888889,2,729.54,19.1984210526316,366,0.465399387008678
"12471",2.87986111111111,30,19788.65,43.1125272331155,8200,2.48443394779622
"12472",32.9506944444444,7,6572.11,19.3867551622419,4148,0.623168515152639
"12473",29.9611111111111,5,3928.05,23.5212574850299,2414,0.925089189733223
"12474",17.9243055555556,18,7324.09,17.355663507109,4833,1.72971818673215
"12475",54.1111111111111,1,723.38,20.0938888888889,535,1
"12476",16.0069444444444,11,6816.42,29.2550214592275,2408,0.95398507591529
"12477",23.1243055555556,6,13219.74,44.0658,3653,0.645440827120467
"12478",4.12083333333333,1,680.99,18.9163888888889,236,1
"12479",11.975,1,527.2,17.0064516129032,385,1
"12480",28.9152777777778,4,3281.63,21.3092857142857,1707,0.389641137806239
"12481",23.18125,10,5579.82,25.8325,3294,0.874819770926823
"12483",17.825,8,2484.98,33.1330666666667,1110,0.745081299235515
"12484",33.0506944444444,6,4527.32,13.1991836734694,2187,0.592304159154321
"12488",10.1666666666667,3,1298.66,23.612,529,1.36513019297211
"12489",336.984027777778,1,334.93,22.3286666666667,105,1
"12490",5.86319444444444,10,5417.93,22.114,3064,0.925105037967852
"12491",39.0222222222222,1,460.4,17.7076923076923,260,1
"12492",63.8993055555556,2,263.21,13.1605,192,1.42800476001587
"12493",166.10625,2,433.74,19.7154545454545,207,1.88629813990045
"12494",16.1361111111111,7,1246.1,16.1831168831169,707,0.600139318055977
"12497",82.0145833333333,1,1043.1,74.5071428571429,1236,1
"12498",21.9979166666667,3,403.7,17.5521739130435,159,2.49024844839844
"12500",23.8541666666667,11,4257.82,69.8003278688525,2678,1.06358215903597
"12501",337.015277777778,1,2169.39,14.5596644295302,1783,1
"12502",96.0402777777778,5,3723.87,25.3324489795918,820,0.700773121457608
"12504",18.8666666666667,2,482.05,53.5611111111111,90,2
"12506",233.163888888889,1,73.5,3.19565217391304,23,1
"12507",134.820138888889,3,1304.81,62.1338095238095,894,0.54770206022187
"12508",26.8840277777778,2,397.88,5.85117647058824,271,2
"12509",284.920138888889,1,176.5,25.2142857142857,55,1
"12510",143.107638888889,2,982.57,29.7748484848485,353,0.328154019696837
"12512",66.9131944444444,2,132.18,4.26387096774194,96,2
"12513",113.082638888889,1,612.29,17.494,462,1
"12514",267.841666666667,1,1017.68,19.9545098039216,440,1
"12515",353.879861111111,1,383.7,23.98125,131,1
"12516",78.1506944444444,2,1312.06,50.4638461538462,875,0.583090379008746
"12517",28.9486111111111,5,2481.6,8.89462365591398,1361,0.92619987907946
"12518",1.10902777777778,5,2056.89,16.5878225806452,1318,1.36523085674557
"12519",64.1416666666667,1,330.84,19.4611764705882,175,1
"12520",79.89375,5,2634.26,17.3306578947368,1439,0.772565346152195
"12521",143.082638888889,1,599.68,15.7810526315789,309,1
"12522",39.8888888888889,2,192.72,16.06,194,2
"12523",19.9965277777778,11,1789.77,16.8846226415094,865,1.05724049551474
"12524",9.88819444444444,8,4485.72,31.1508333333333,3699,0.740271090014908
"12526",1.02847222222222,3,1316.66,18.5445070422535,632,0.958367226207202
"12527",82.0381944444444,3,348.71,19.3727777777778,234,0.36886295716522
"12528",9.92361111111111,6,1933.48,21.0160869565217,756,0.593603645898936
"12530",60.0111111111111,4,1662.28,25.1860606060606,913,0.433050146605518
"12531",15.0680555555556,1,125.22,7.36588235294118,45,1
"12532",30.9604166666667,1,349.83,21.864375,153,1
"12534",131.1,1,1089.18,17.2885714285714,651,1
"12535",92.1680555555556,2,716.35,21.0691176470588,219,0.632684294930471
"12536",43.9375,3,12601.83,48.2828735632184,2803,3
"12538",29.8152777777778,1,363.95,17.3309523809524,191,1
"12539",22.9722222222222,4,5568.35,20.3968864468864,2067,0.385629068576364
"12540",20.0548611111111,17,13400.24,28.0339748953975,6685,1.4908890115958
"12541",30.0902777777778,3,981.18,18.8688461538462,680,0.358498290494263
"12544",36.8576388888889,1,372.7,19.6157894736842,136,1
"12545",75.9659722222222,2,1000.39,20.0078,523,0.32597008168116
"12546",47.0284722222222,2,1161.5,16.8333333333333,633,1.92921737188791
"12547",198.008333333333,2,207.8,25.975,134,0.722939955820336
"12548",166.885416666667,1,95.2,19.04,49,1
"12550",79.9270833333333,1,964.83,16.9268421052632,569,1
"12551",358.060416666667,1,168,16.8,100,1
"12552",39.1166666666667,2,437.82,21.891,88,2
"12553",8.84166666666667,10,3692.28,19.3313089005236,1965,0.933860214960787
"12556",50.9888888888889,2,599.56,5.03831932773109,355,0.594177882003425
"12557",16.8270833333333,5,11990.96,363.362424242424,4384,0.422304728053351
"12558",8.08958333333333,1,269.96,24.5418181818182,196,1
"12559",311.125694444444,2,561.71,26.7480952380952,283,2
"12560",5.95555555555556,3,2134.01,20.3239047619048,1110,0.652571261688125
"12561",303.049305555556,1,238.85,14.928125,177,1
"12562",8.8125,7,3781.74,22.5103571428571,1779,1.10414932305131
"12564",261.913194444444,1,456.9,21.7571428571429,133,1
"12565",289.094444444444,1,145.92,16.2133333333333,80,1
"12566",86.9305555555556,1,351.65,18.5078947368421,265,1
"12567",23.075,10,9401.28,21.0791031390135,4305,0.864648486364774
"12569",2.85138888888889,32,4124.69,21.9398404255319,1801,3.8383260633557
"12571",40.1048611111111,2,519.61,15.2826470588235,523,0.732551041172082
"12572",9.14583333333333,2,1020.42,17.007,452,1.39399806389158
"12573",227.873611111111,1,160.54,5.73357142857143,84,1
"12574",316.145833333333,1,218.45,19.8590909090909,61,1
"12576",36.1104166666667,5,1315.83,14.9526136363636,967,0.557736004957653
"12577",35.9763888888889,3,626.6,4.29178082191781,469,0.277883199001679
"12578",21.9722222222222,2,2794.51,24.5132456140351,1196,0.194228884352885
"12579",78.8159722222222,1,440.42,15.1868965517241,285,1
"12580",247.101388888889,1,415.7,17.3208333333333,238,1
"12581",40.1625,1,197.71,13.1806666666667,161,1
"12582",239.170138888889,2,511.36,23.2436363636364,300,1.20295726995531
"12583",3.19652777777778,15,7281.38,29.4792712550607,5060,1.21302428669305
"12584",4.13541666666667,9,2338.15,24.3557291666667,416,0.975560796908717
"12585",234.965972222222,2,2040.1,23.4494252873563,1279,0.51269574711757
"12586",17.8513888888889,1,196.94,17.9036363636364,79,1
"12587",8.00208333333333,1,144,36,51,1
"12588",39.9090277777778,1,214.9,21.49,53,1
"12589",29.1048611111111,2,646.68,18.4765714285714,306,0.517569818011909
"12590",211.915277777778,2,9864.26,145.062647058824,4283,2
"12591",317.927083333333,1,452.85,17.4173076923077,228,1
"12592",92.9069444444444,2,437.6,24.3111111111111,290,0.49564020192749
"12593",109.004861111111,3,418.1,19.9095238095238,206,0.817180977842794
"12594",38.0208333333333,10,3338.22,28.29,1777,1.05225211181153
"12596",51.9916666666667,2,618.27,22.8988888888889,474,0.314158970256709
"12597",19.9701388888889,4,3811.22,18.501067961165,2236,0.481964003313503
"12598",10.0222222222222,8,3023.08,22.9021212121212,1964,0.872683197818292
"12599",29.9694444444444,7,1032.58,16.6545161290323,956,0.763624793563734
"12600",29.0979166666667,10,2599.04,40.61,774,0.874897726076003
"12601",190.10625,5,577.06,20.6092857142857,245,1.04905803330759
"12602",59.0611111111111,1,153.12,12.76,162,1
"12603",22.0888888888889,1,739.2,369.6,63,1
"12604",79.9458333333333,2,254.18,15.88625,201,0.329516937323133
"12607",60.8638888888889,1,1579.51,15.6387128712871,1228,1
"12609",78.8444444444444,3,1126.85,18.7808333333333,648,0.374912129969538
"12610",23.1361111111111,5,2099.54,19.8069811320755,1049,1.44479672512742
"12611",52.9847222222222,1,1193.32,18.3587692307692,846,1
"12612",74.8854166666667,1,704.04,37.0547368421053,262,1
"12613",57.9104166666667,5,3344.38,21.8586928104575,1644,0.731813915983697
"12614",278.102777777778,1,315.6,15.78,76,1
"12615",2.90833333333333,4,2291.19,21.8208571428571,1376,0.722628561392064
"12616",95.8979166666667,2,713.3,22.290625,284,0.296968447102495
"12617",29.9243055555556,1,352.98,8.60926829268293,210,1
"12618",22.0694444444444,1,177.31,16.1190909090909,96,1
"12619",16.9152777777778,9,3641.24,40.4582222222222,3378,1.13890011775665
"12620",15.1041666666667,3,1339.41,14.5588043478261,1181,0.473874730337489
"12621",2.05902777777778,20,13689.67,29.3140685224839,7440,1.64813468922933
"12622",232.840972222222,1,180.1,16.3727272727273,69,1
"12623",276.958333333333,1,305.1,16.95,191,1
"12624",106.906944444444,2,641.13,16.8718421052632,355,0.84383240550835
"12625",212.122222222222,2,2683.82,31.2072093023256,1612,0.556317487299349
"12626",23.8638888888889,9,6620.48,22.5186394557823,3453,0.890466647580876
"12627",11.0298611111111,7,4478.53,19.4718695652174,2752,1.61635166338835
"12628",4.98263888888889,3,786.46,19.1819512195122,448,1.49606935482009
"12630",10.0847222222222,2,1270.88,19.8575,548,1.76445361161599
"12631",57.95625,1,640.5,20.6612903225806,236,1
"12633",59.0486111111111,4,2163.98,21.4255445544554,1162,0.523737937054459
"12635",90.0736111111111,2,1689.18,16.7245544554455,1172,0.921688482094281
"12637",67.9611111111111,8,6002.9,15.7143979057592,2994,0.937045000393147
"12638",33.9854166666667,1,671.69,17.2228205128205,577,1
"12639",239.001388888889,1,486.1,22.0954545454545,201,1
"12640",24.0402777777778,3,1174.58,22.1618867924528,311,1.55189136760427
"12641",115.975,1,185.9,18.59,72,1
"12642",25.9076388888889,3,1013.26,21.5587234042553,552,1.09440972808647
"12643",128.995833333333,6,3344.64,139.36,1808,0.88214874007923
"12644",130.095138888889,1,477.91,15.4164516129032,325,1
"12645",34.0083333333333,4,1775.18,24.3175342465753,1084,0.424059486122359
"12646",5.10833333333333,2,1346.97,29.9326666666667,897,1.3365923084063
"12647",22.9958333333333,12,3722.82,30.7671074380165,1431,1.03760102799361
"12648",155.038194444444,1,318.05,15.1452380952381,160,1
"12649",107.922916666667,3,623.51,20.1132258064516,586,0.857120182005767
"12650",3.84444444444444,1,314.44,15.722,254,1
"12651",335.002777777778,1,114,12.6666666666667,78,1
"12652",331.909722222222,1,919.98,19.16625,505,1
"12653",149.089583333333,2,2209.85,51.3918604651163,919,0.40542823357171
"12654",11.1111111111111,5,601.98,15.8415789473684,264,0.526554432564466
"12656",17.9638888888889,5,4051.17,32.1521428571429,1723,0.69385998162556
"12657",11.8770833333333,4,1643.18,34.9612765957447,1044,1.7864712024564
"12658",19.1027777777778,1,686.05,19.0569444444444,320,1
"12659",30.0395833333333,1,91.68,18.336,105,1
"12660",11.975,1,245.1,18.8538461538462,127,1
"12662",1.03541666666667,11,3849.78,16.7381739130435,2058,0.88482557652382
"12664",8.82152777777778,9,4881.88,131.942702702703,1203,0.859255002928274
"12665",325.177777777778,1,63,21,37,1
"12667",58.8263888888889,1,620.13,18.7918181818182,395,1
"12668",12.0791666666667,4,3807.15,23.6468944099379,1634,0.348914689550732
"12669",151.122222222222,3,2744.03,27.1686138613861,1115,0.849173431879386
"12670",10.89375,5,2996.05,32.5657608695652,1397,0.675027422989059
"12672",330.145833333333,1,225.9,22.59,78,1
"12673",5.95486111111111,2,610.52,14.5361904761905,351,0.186863738702205
"12674",39.0263888888889,4,1970.6,23.7421686746988,1133,0.709528541278301
"12676",25.0173611111111,6,1331.39,29.5864444444444,670,0.627475283477453
"12678",42.9902777777778,12,17628.46,106.839151515152,10923,1.15723584930932
"12679",59.0138888888889,4,1113.02,23.1879166666667,554,0.533326749052481
"12680",1,4,862.81,16.5925,443,1.06308368092725
"12681",15.0534722222222,22,13787.54,21.6105642633229,7536,1.869375792921
"12682",4.11805555555556,31,12279.82,23.4347709923664,5555,2.52831421176142
"12683",4.84652777777778,15,8476.57,24.6411918604651,4987,1.24568910829421
"12684",8.12291666666667,7,2283.63,21.7488571428571,1985,1.02004331136282
"12685",28.9611111111111,6,2863.08,18.236178343949,1523,2.76338514680484
"12686",372.124305555556,1,89.14,12.7342857142857,107,1
"12688",114.167361111111,1,4873.81,28.5018128654971,3028,1
"12689",26.1798611111111,2,1247.61,17.3279166666667,628,0.588607982995769
"12690",206.153472222222,1,389.01,24.313125,106,1
"12691",28.8340277777778,6,1035.8,32.36875,394,0.546970454732497
"12693",127.790972222222,4,855.91,21.9464102564103,255,0.624338356703869
"12694",70.9888888888889,2,869.67,23.5045945945946,509,0.531895246186237
"12695",7.97777777777778,4,582.1,21.5592592592593,220,0.591118849781238
"12697",29.16875,3,957.59,23.3558536585366,508,0.639611495239928
"12700",8.08541666666667,4,4939.99,18.4327985074627,2967,0.577545897853254
"12701",80.0854166666667,2,797.71,15.0511320754717,678,0.368309994245156
"12702",20.0930555555556,1,219,18.25,53,1
"12703",71.7902777777778,1,283.55,13.502380952381,164,1
"12704",7.98263888888889,8,2340.84,26.6004545454545,1006,1.48037094943351
"12705",15.98125,9,6868.29,20.5637425149701,3997,0.789731860846321
"12707",292.175,1,603.42,18.2854545454545,256,1
"12708",30.1236111111111,10,2712.91,17.2796815286624,1307,0.885048216689305
"12709",15.8833333333333,15,9706.52,46.8914009661836,3912,1.28116665249739
"12710",97.0347222222222,3,1149.02,14.9223376623377,851,0.857852060234983
"12712",29.1881944444444,13,4396.13,33.0536090225564,1062,1.13788093988641
"12713",1.02361111111111,1,848.55,22.3302631578947,508,1
"12714",9.87986111111111,5,4708.86,18.1809266409266,3069,0.525944142784095
"12715",106.894444444444,1,343.36,17.168,192,1
"12716",4.16319444444444,2,1053.49,15.2679710144928,708,0.462212521465599
"12717",151.91875,2,1030.98,18.7450909090909,506,0.637097666187369
"12718",71.8416666666667,1,238.25,12.5394736842105,203,1
"12719",5.96180555555556,2,644.95,16.5371794871795,374,1.00075288121851
"12720",3.19930555555556,25,5781.73,16.3325706214689,4672,2.04529185178452
"12721",32.0256944444444,6,2656.13,16.497701863354,1959,0.557233610301942
"12722",85.9166666666667,4,997.63,18.8232075471698,566,1.84270861103706
"12723",4.10486111111111,5,725.07,10.5082608695652,434,2.42841242537691
"12724",5.86666666666667,4,1031.41,19.4605660377358,445,0.366924164759142
"12725",371.878472222222,1,427.8,17.825,164,1
"12726",28.96875,7,2609.1,21.0411290322581,3143,0.638245331881241
"12727",11.0444444444444,7,3980.7,28.6381294964029,2098,0.677739702233807
"12728",71.8881944444445,4,836.33,18.1810869565217,419,0.45962336418768
"12729",114.048611111111,1,453.01,17.4234615384615,233,1
"12731",24.0354166666667,12,18895.91,68.9631751824817,8437,1.05558304469734
"12732",180.053472222222,1,236.26,19.6883333333333,111,1
"12733",234.854861111111,1,383.95,17.4522727272727,137,1
"12734",353.002083333333,1,110.4,27.6,88,1
"12735",315.967361111111,2,779.57,18.1295348837209,368,2
"12736",333.203472222222,1,234,58.5,173,1
"12738",372.765972222222,1,155.35,14.1227272727273,148,1
"12739",78.9930555555556,2,1013.04,26.6589473684211,486,2
"12740",64.0875,1,427.6,15.837037037037,342,1
"12743",134.853472222222,2,540.13,4.12312977099237,315,2
"12744",52.0638888888889,7,21279.29,95.8526576576577,5241,0.78677878611273
"12747",2.92777777777778,11,4196.01,40.7379611650485,1275,0.899291467328771
"12748",1.02083333333333,209,33053.19,7.49165684496827,25287,16.8105278052922
"12749",4.12083333333333,5,4090.88,20.5571859296482,1471,0.71506367708254
"12750",129.150694444444,1,275.88,18.392,137,1
"12752",81.9708333333333,1,4366.78,82.3920754716981,2262,1
"12753",23.0819444444444,6,21429.39,108.778629441624,11421,0.529467999052187
"12754",236.159722222222,3,3010.74,47.7895238095238,6481,1.2339449104533
"12755",281.005555555556,2,3811.95,952.9875,1491,0.705202500857017
"12756",87.1381944444445,1,112.08,28.02,144,1
"12757",16.0138888888889,13,7834.65,21.5237637362637,2395,1.99255629787581
"12758",117.102777777778,2,2791.59,28.7792783505155,2135,0.375167718207358
"12759",52.9173611111111,3,1531.44,16.1204210526316,902,0.403085344613088
"12762",8.10208333333333,2,1898.52,27.5147826086957,1227,2
"12763",138.943055555556,2,494.08,27.4488888888889,316,0.259813679911952
"12764",317.104861111111,1,1693.88,37.6417777777778,386,1
"12766",4.16944444444444,7,6989.63,22.5471935483871,3646,0.578852363934282
"12769",239.100694444444,1,1143.6,35.7375,356,1
"12770",211.136805555556,1,1351.45,112.620833333333,743,1
"12772",60.1465277777778,1,892.47,16.2267272727273,556,1
"12775",17.8451388888889,5,1386.04,21.0006060606061,877,0.510001700005667
"12778",20.0555555555556,6,822.23,16.4446,825,0.614603957461439
"12779",38.0465277777778,8,3981.36,26.7205369127517,2024,0.718737716884721
"12781",64.0923611111111,2,826.74,33.0696,671,0.271395993139712
"12782",5.14861111111111,5,2330.92,22.6302912621359,1086,0.425041225063264
"12783",2.87083333333333,6,2225.91,26.4989285714286,624,2.46526093531543
"12784",9.88333333333333,2,532.82,9.34771929824561,280,2
"12785",364.959722222222,1,311.95,22.2821428571429,131,1
"12787",10.1708333333333,3,463.66,23.183,261,0.491900344633883
"12789",65.9694444444444,1,91.85,22.9625,4,1
"12790",192.941666666667,1,324.92,15.472380952381,166,1
"12791",374.057638888889,1,192.6,96.3,97,1
"12792",257.051388888889,1,400.54,16.0216,217,1
"12793",335.026388888889,2,545.48,22.7283333333333,295,1.62717993144751
"12794",53.9138888888889,2,860.41,19.1202222222222,592,1.32978314068921
"12795",19.0993055555556,1,430.48,30.7485714285714,68,1
"12797",366.079861111111,1,254.03,19.5407692307692,118,1
"12798",10.8736111111111,3,6977.04,872.13,5256,0.561668710805622
"12802",187.134722222222,1,427.58,17.1032,314,1
"12808",37.1145833333333,3,483.65,17.2732142857143,188,0.271096812520656
"12809",178.082638888889,1,489.31,19.5724,220,1
"12811",261.130555555556,3,514.85,16.608064516129,230,3
"12812",45.1222222222222,1,229.64,15.3093333333333,164,1
"12814",102.027083333333,1,125.92,62.96,49,1
"12815",148.103472222222,2,1063.46,22.6268085106383,379,1.17957049435472
"12816",96.00625,2,572.2,19.7310344827586,128,0.741013919740645
"12817",281.848611111111,1,166.04,41.51,53,1
"12818",262.030555555556,1,1542.08,110.148571428571,929,1
"12820",3.90138888888889,4,942.34,15.9718644067797,722,0.371390867395407
"12821",214.874305555556,1,92.72,15.4533333333333,70,1
"12822",71.1152777777778,2,948.88,20.6278260869565,550,2
"12823",75.21875,5,1759.5,351.9,230,0.676268002504696
"12824",60.0006944444444,1,397.12,15.8848,232,1
"12826",3.10069444444444,7,1474.72,16.2057142857143,1058,0.578840175795905
"12827",6.02291666666667,3,430.15,17.206,197,2.31622969277787
"12828",3.17013888888889,6,1018.71,18.19125,494,1.40969929678195
"12829",337.067361111111,2,293,26.6363636363636,376,2
"12830",38.0388888888889,6,6814.64,179.332631578947,9848,1.34285906714813
"12831",262.991666666667,1,215.05,23.8944444444444,135,1
"12832",32.9722222222222,2,383.03,14.1862962962963,195,0.909263118014775
"12833",145.961111111111,1,417.38,17.3908333333333,156,1
"12834",283.125694444444,1,312.38,17.3544444444444,110,1
"12836",59.9027777777778,4,2610.36,15.0020689655172,1062,0.475887538521279
"12837",173.863194444444,1,134.1,11.175,24,1
"12838",34.0208333333333,2,671.95,5.59958333333333,355,0.176462298543982
"12839",3.01180555555556,14,5591.42,17.8070700636943,3807,1.15111199931481
"12840",144.139583333333,4,2726.77,24.1307079646018,1511,1.44786674263498
"12841",5.06736111111111,25,3991.58,9.64149758454106,2720,2.04348072884146
"12842",70.8868055555556,2,1118.99,32.9114705882353,547,0.251970708405148
"12843",66.0284722222222,8,1702.26,16.5267961165049,781,1.20665756552646
"12844",29.9715277777778,2,325.96,6.26846153846154,125,0.593977725835281
"12845",267.969444444444,4,354.09,13.1144444444444,204,4
"12847",22.9819444444444,1,843.64,10.0433333333333,873,1
"12849",31.9645833333333,2,1010.29,21.0477083333333,597,0.253108933514962
"12851",97.00625,1,131.81,2.80446808510638,106,1
"12852",295.16875,1,311.55,18.3264705882353,149,1
"12853",135.05625,6,1957.1,25.0910256410256,800,0.994242446327402
"12854",79.0243055555556,3,1316.25,12.0756880733945,626,0.375086825654087
"12855",373.134027777778,1,38.1,12.7,30,1
"12856",8.08194444444444,6,2170.78,6.98,1076,3.21851640300991
"12857",211.104166666667,2,1106.4,24.0521739130435,343,0.652824372109892
"12863",52.9409722222222,1,521.2,104.24,188,1
"12864",138.990972222222,1,147.12,49.04,216,1
"12865",26.9298611111111,2,1568.23,16.5076842105263,925,0.617407460340146
"12866",283.94375,1,559.12,21.5046153846154,171,1
"12867",26.8888888888889,7,4009.34,7.50812734082397,4284,0.628832729246336
"12868",186.088888888889,6,1607.06,15.0192523364486,928,0.957899716177862
"12871",84.9048611111111,2,380.64,34.6036363636364,200,0.487543379510764
"12872",327.081944444444,2,599.97,9.09045454545454,319,1.5448433700472
"12873",282.911111111111,1,374,93.5,128,1
"12875",143.888888888889,2,343.23,171.615,2019,0.273792887088954
"12876",58.0166666666667,2,2218.02,26.0943529411765,1941,0.43180137136917
"12877",4.09722222222222,12,1535.77,9.97253246753247,1178,1.0143087184765
"12878",236.988194444444,2,854.99,18.1912765957447,547,2
"12879",45.0180555555556,3,573.22,57.322,370,1.9145258741672
"12881",276.045833333333,1,298,42.5714285714286,21,1
"12882",9.85555555555556,2,1463.04,112.541538461538,246,2
"12883",25.1375,4,703.47,16.7492857142857,196,1.8530036245094
"12884",88.9861111111111,1,309.05,44.15,43,1
"12885",63.9652777777778,3,1175.22,16.5523943661972,655,1.4980061261053
"12886",68.1118055555555,2,1378.4,16.809756097561,770,0.394866732477789
"12888",214.866666666667,2,354.12,70.824,76,1.46116250359372
"12890",24.8083333333333,1,376.72,4.76860759493671,256,1
"12891",186.013194444444,3,331,110.333333333333,950,0.840777719390436
"12893",31.0111111111111,1,176.55,5.69516129032258,90,1
"12895",42.9576388888889,2,372.8,16.9454545454545,210,1.35686915007224
"12897",205.025694444444,2,216.5,54.125,110,0.618410598870542
"12901",9.11319444444444,28,17654.54,152.194310344828,23075,3.20639582659591
"12902",265.030555555556,1,138.68,13.868,66,1
"12904",18.9277777777778,2,496.06,6.98676056338028,294,0.389476910871094
"12906",12.1215277777778,5,2919.81,46.3461904761905,1749,2.2459759597388
"12908",176.882638888889,2,750,375,1200,0.440766852700207
"12909",40.0048611111111,5,2178.67,23.9414285714286,1280,0.700952776551832
"12910",23.9319444444444,8,3075.04,41.0005333333333,1692,1.09998185793811
"12912",3.16319444444444,5,1662.3,69.2625,670,3.95894428152493
"12913",5.02708333333333,5,2483.63,49.6726,1419,0.412296357094456
"12915",149.052777777778,2,363.65,16.5295454545455,93,0.267906146027454
"12916",139.09375,4,2944.95,28.5917475728155,1083,0.65936078634879
"12917",128.838888888889,1,594,297,120,1
"12919",8.96041666666667,6,1335.19,26.7038,673,1.1167359600181
"12920",17.90625,1,162.78,6.02888888888889,128,1
"12921",9.85277777777778,37,16587.09,23.037625,9526,3.0490084618378
"12922",161.885416666667,1,405.38,14.4778571428571,370,1
"12923",64.8541666666667,1,172.82,6.17214285714286,68,1
"12924",88.9548611111111,4,933.7,31.1233333333333,481,0.501908297171538
"12925",5.06875,2,694.05,15.4233333333333,541,0.857091839771442
"12928",35.9347222222222,5,2062.7,24.5559523809524,1472,0.463043352433872
"12929",312.029166666667,1,117.85,14.73125,37,1
"12930",78.8972222222222,2,415.8,16.632,252,0.644617370349093
"12931",22.0076388888889,15,42055.96,512.87756097561,28004,1.33880424946386
"12933",24.8416666666667,3,607.53,5.73141509433962,499,0.347203617775968
"12935",2.80902777777778,7,2160.7,16.7496124031008,1853,0.662160297972134
"12936",17.8041666666667,4,1063.9,17.1596774193548,559,1.96227614948729
"12937",15.90625,4,1504.27,12.5355833333333,1007,0.476130120189791
"12938",26.0618055555556,1,114.14,12.6822222222222,140,1
"12939",64.9284722222222,8,11581.8,246.421276595745,4876,0.888447864100382
"12940",55.0284722222222,2,899.69,9.37177083333333,404,1.8138685365188
"12942",131.924305555556,3,675.6,9.65142857142857,198,0.384267564081657
"12944",36.0736111111111,2,604.51,20.1503333333333,289,0.188078357274867
"12945",288.940972222222,1,462.95,20.1282608695652,165,1
"12947",144.113888888889,6,1603.99,16.5359793814433,1165,0.783495805939696
"12948",16.8194444444444,7,2064.95,17.8012931034483,1080,0.845796052392367
"12949",31.0590277777778,8,4167.22,19.3824186046512,2381,1.08147012344906
"12950",2.98125,3,1843,80.1304347826087,1380,3
"12951",9.025,6,1064.07,16.89,503,0.558884473490721
"12952",6.09375,4,1387.79,17.5669620253165,653,1.64951602741557
"12953",10.1430555555556,1,329.85,19.4029411764706,84,1
"12955",1.84791666666667,11,4757.16,26.4286666666667,3664,1.23915866550539
"12956",306.8625,1,108.07,5.68789473684211,34,1
"12957",10.1229166666667,8,4017.54,16.8804201680672,2549,0.72749471113871
"12962",7.87152777777778,2,266.39,16.649375,129,0.565530151789864
"12963",8.99652777777778,8,1856.63,19.5434736842105,881,0.671980027260301
"12965",89.8881944444445,1,769.81,7.12787037037037,282,1
"12966",10.0083333333333,1,160.18,16.018,75,1
"12967",358.736111111111,2,1660.9,87.4157894736842,438,2
"12968",112.879166666667,1,135.95,27.19,73,1
"12970",7.93055555555556,4,405.47,3.14317829457364,268,0.380930546309074
"12971",4.02083333333333,86,11189.91,36.6882295081967,9289,6.9953191313091
"12974",198.136805555556,1,144.8,18.1,24,1
"12976",212.121527777778,1,738.6,33.5727272727273,561,1
"12977",156.840277777778,1,39.24,4.36,12,1
"12980",158.136111111111,9,7374.9,368.745,886,1.3438500197015
"12981",30.0347222222222,2,372.22,18.611,242,0.577439749776108
"12982",243.040972222222,1,390.54,13.9478571428571,288,1
"12984",19.0090277777778,1,97.5,24.375,26,1
"12985",1.08611111111111,2,1239.38,16.3076315789474,1533,2
"12987",74.0326388888889,2,558.7,19.9535714285714,219,0.483862838325969
"12988",292.929861111111,1,505.82,6.09421686746988,126,1
"12989",3.89027777777778,15,6924.11,108.18921875,2943,1.2462401243163
"12990",31.9923611111111,3,409.5,31.5,200,0.32270755623727
"12991",23.8861111111111,2,503.76,16.2503225806452,405,0.673868112155364
"12993",23.8756944444444,4,414.76,15.3614814814815,240,0.43627549989901
"12994",4.87986111111111,3,974.42,15.9740983606557,459,0.340522133938706
"12995",85.8791666666667,1,211.32,70.44,108,1
"12997",22.8770833333333,4,1226.89,20.7947457627119,664,0.406781576184445
"12999",196.976388888889,3,455.88,16.2814285714286,342,1.83211286720009
"13000",107.088194444444,3,534.85,17.2532258064516,379,0.348821247951079
"13001",4.91597222222222,13,9785.97,29.0384866468843,5490,1.2108510886017
"13002",318.897222222222,1,120.95,17.2785714285714,73,1
"13003",106.083333333333,3,149.05,24.8416666666667,103,0.824915503446696
"13004",12.0576388888889,18,5655.91,13.9997772277228,4822,1.56010810008286
"13005",174.08125,2,513.7,19.7576923076923,172,0.823162889073084
"13006",56.9590277777778,1,81.57,20.3925,55,1
"13008",323.934722222222,1,229.47,16.3907142857143,175,1
"13011",372.811111111111,1,50.55,16.85,13,1
"13012",9.98958333333333,8,1646.84,18.7140909090909,820,0.84169098056025
"13013",1.90902777777778,13,4810.94,21.9677625570776,2224,1.05375145650742
"13014",11.0159722222222,10,3466.28,31.8007339449541,905,1.10803608298985
"13015",53.9798611111111,5,3339.64,19.0836571428571,1609,0.765493264722456
"13016",73.9458333333333,3,789.89,16.806170212766,527,1.80130093956747
"13017",7.87291666666667,1,204,204,48,1
"13018",16.9736111111111,28,7277.7,15.8901746724891,5435,3.0096814405466
"13021",4.84236111111111,9,2616.38,19.9723664122137,1352,0.762136255378373
"13023",64.8493055555556,2,689.9,17.2475,286,0.919021837405465
"13026",1.82777777777778,5,975.36,24.384,1620,0.546997465071933
"13027",114.132638888889,6,6912,265.846153846154,17280,0.747288484492034
"13028",23.0694444444444,2,661.32,14.696,798,2
"13029",31.1506944444444,3,1247.5,124.75,134,0.278805610532656
"13030",11.9305555555556,2,752.44,8.17869565217391,348,0.168067553819549
"13032",52.8722222222222,2,1010.18,14.2278873239437,375,1.71585176947214
"13033",357.935416666667,1,190.55,17.3227272727273,83,1
"13034",55.0201388888889,2,642.77,17.3721621621622,369,0.190539619670569
"13035",74.1618055555556,2,921.88,34.1437037037037,644,0.320884214279348
"13037",138.877777777778,3,881.07,18.355625,431,0.762693910218686
"13038",80.9256944444444,3,908.46,32.445,360,0.42832497174245
"13040",9.09166666666667,2,676.99,15.7439534883721,355,2
"13043",273.915277777778,1,516.42,39.7246153846154,254,1
"13044",291.895833333333,1,560.47,16.9839393939394,429,1
"13045",99.9069444444444,1,305.28,16.96,221,1
"13046",31.1763888888889,2,629.31,17.9802857142857,264,0.254557132461043
"13047",32.0305555555556,10,3237.54,18.8229069767442,1391,0.87681553587231
"13048",14.9770833333333,4,1819.41,13.4771111111111,1228,0.383448686000351
"13049",64.8881944444445,2,656.68,46.9057142857143,268,0.236260520976325
"13050",15.1472222222222,17,5836.86,14.483523573201,3748,1.44889793792467
"13052",212.943055555556,1,348.15,19.3416666666667,222,1
"13055",78.9333333333333,3,1214.41,15.9790789473684,894,0.665543732796516
"13058",25.0048611111111,3,271.4,33.925,52,0.708498704365795
"13059",250.090277777778,1,183.4,22.925,35,1
"13060",254.050694444444,1,307.53,20.502,123,1
"13061",72.8652777777778,1,248.61,24.861,107,1
"13062",191.901388888889,1,346.98,31.5436363636364,343,1
"13064",13.0131944444444,4,1105.59,16.2586764705882,514,0.381011178973828
"13065",373.831944444444,1,205.86,14.7042857142857,74,1
"13066",24.9951388888889,2,470.8,9.80833333333333,322,2
"13067",82.9666666666667,1,115.46,7.69733333333333,32,1
"13068",10.9097222222222,2,344,172,200,0.194000359259925
"13069",1.17430555555556,24,4431.44,10.4515094339623,5873,1.95174476720436
"13070",192.961805555556,1,228.8,25.4222222222222,110,1
"13072",267.193055555556,1,177.15,25.3071428571429,69,1
"13075",130.104861111111,1,919.61,41.8004545454545,485,1
"13077",1.72638888888889,4,728.02,6.55873873873874,862,0.328601447139475
"13078",3.88472222222222,26,12627.94,35.2735754189944,5630,2.14716244606765
"13079",4.83125,5,220.1,36.6833333333333,62,1.10219827322271
"13080",179.910416666667,1,58.08,9.68,120,1
"13081",12.0805555555556,11,28337.38,27.67322265625,19068,0.91734972413873
"13082",126.856944444444,9,3613.63,49.5017808219178,4324,1.27344307827352
"13083",4.90902777777778,2,303.75,16.875,187,0.842967949656081
"13085",158.027083333333,2,416.08,18.9127272727273,216,0.435014651535139
"13089",3.15833333333333,97,58762.08,32.3936493936053,31025,7.93043083299426
"13090",9.00763888888889,14,8910.82,57.4891612903226,2263,1.153205923909
"13091",28.8722222222222,1,345.82,16.467619047619,466,1
"13092",71.0638888888889,5,477.83,19.1132,279,0.51911721234057
"13093",276.025,8,7832.47,49.2608176100629,3961,2.45186372859231
"13094",21.9465277777778,12,1927.32,80.305,1716,1.03702192269146
"13095",71.0326388888889,1,74.4,12.4,144,1
"13097",33.0881944444444,10,6003.22,14.2594299287411,2360,0.915157292659676
"13098",1.94166666666667,28,28882.44,50.4937762237762,15968,2.65806428929303
"13099",99.7986111111111,1,207.36,207.36,288,1
"13101",234.925694444444,1,101.19,12.64875,113,1
"13102",1.99861111111111,24,6424.09,21.131875,4204,1.97819558340361
"13103",40.1333333333333,1,243.94,30.4925,82,1
"13104",3.98611111111111,6,1098.48,54.924,504,0.512747471870104
"13106",133.901388888889,1,76.5,76.5,18,1
"13107",44.9152777777778,4,1531.62,26.4072413793103,1293,0.415081286751989
"13108",373.09375,1,350.06,35.006,298,1
"13109",60.1069444444444,2,786.54,16.7348936170213,520,0.613462084635047
"13110",31.9305555555556,7,1488.67,10.2666896551724,388,0.75010045988302
"13113",1.00069444444444,24,12245.96,61.2298,3045,1.96733256421155
"13115",12.0083333333333,4,2294.78,19.1231666666667,1567,0.694246352996951
"13116",138.928472222222,1,501.14,16.7046666666667,291,1
"13117",22.0333333333333,8,984.91,12.9593421052632,945,0.683854039903358
"13118",20.0027777777778,5,1197.81,15.1621518987342,410,0.557600664990423
"13120",239.104861111111,1,30.6,30.6,12,1
"13121",269.835416666667,1,283.73,5.6746,252,1
"13122",94.8729166666667,2,922.39,16.7707272727273,585,0.410761572874523
"13124",90.0034722222222,3,3756.33,16.9204054054054,2119,0.33344911427579
"13126",5.11805555555556,8,2099.64,14.9974285714286,2143,0.663113178223179
"13127",78.1,1,259.17,17.278,127,1
"13130",94.8888888888889,1,64,32,32,1
"13131",23.9784722222222,3,1073.3,24.3931818181818,447,0.548439106755196
"13132",262.004166666667,1,77.3,25.7666666666667,20,1
"13133",274.096527777778,2,109.8,15.6857142857143,32,1.94932653475622
"13134",86.09375,4,1793.58,18.3018367346939,1059,0.774686404432928
"13135",197.081944444444,1,3096,3096,4300,1
"13136",56.9645833333333,5,2607.61,20.5323622047244,1328,0.961307378034126
"13137",11.0284722222222,8,3603.29,5.24496360989811,2204,0.80534097661575
"13138",22.8326388888889,6,962.39,15.2760317460317,473,0.514175533814183
"13139",16.9555555555556,7,5064.94,29.7937647058824,2425,0.863908672511763
"13140",108.886805555556,3,422.47,9.38822222222222,185,0.348817492551293
"13141",85.1222222222222,5,2388.75,17.6944444444444,1548,0.649721762671078
"13142",19.8631944444444,1,307.09,13.3517391304348,258,1
"13144",333.065972222222,1,110.95,36.9833333333333,21,1
"13145",40.0034722222222,4,618.52,103.086666666667,145,0.360601754177283
"13146",26.8895833333333,1,228.91,13.4652941176471,154,1
"13147",10.9520833333333,4,712.8,178.2,144,1.34735791533789
"13148",29.89375,12,3683.26,11.8053205128205,1965,1.07432176185453
"13149",14.9868055555556,4,1676.06,19.4890697674419,1280,0.436416535337617
"13151",296.014583333333,1,1257.87,16.9982432432432,363,1
"13153",6.025,1,486.22,32.4146666666667,418,1
"13155",33.88125,4,971.76,11.4324705882353,497,0.358077571040476
"13157",49.9583333333333,4,1741.22,20.0140229885057,1439,0.481945184313354
"13158",95.0361111111111,4,1201.06,15.2032911392405,784,0.535515061361101
"13159",9.0625,4,1429.35,11.91125,1058,1.12167004206263
"13160",22.9881944444444,1,91.8,22.95,56,1
"13161",313.949305555556,1,112.75,14.09375,29,1
"13162",122.86875,4,1688.29,21.3707594936709,1713,0.565452427387793
"13165",46.90625,2,1021.48,24.3209523809524,1376,0.196694888437118
"13166",283.898611111111,1,417.2,10.1756097560976,216,1
"13167",19.0180555555556,4,791.33,12.1743076923077,785,0.959941336918299
"13168",36.9958333333333,4,1299.59,10.3142063492063,670,0.425593750076966
"13169",64.0270833333333,2,712.88,54.8369230769231,272,0.31761553081128
"13170",27.0215277777778,1,108.81,3.627,141,1
"13171",22.0993055555556,3,468.41,10.1828260869565,229,0.323926306765211
"13173",4.87430555555556,2,353.65,8.22441860465116,277,0.165263647162113
"13174",16.9270833333333,3,2742.82,9.36116040955631,1352,0.255012189818796
"13176",46.8798611111111,1,481.49,7.18641791044776,448,1
"13177",65.1208333333333,1,282.45,16.6147058823529,91,1
"13178",26.8583333333333,11,5725.47,21.6055471698113,3570,0.987547590151125
"13182",45.9611111111111,1,121.18,11.0163636363636,201,1
"13183",8.09722222222222,9,3957.78,42.1040425531915,2208,0.82572314488383
"13184",15.0333333333333,10,1668.95,9.32374301675978,1662,1.08784061120526
"13185",268.0375,1,71.4,71.4,12,1
"13186",40.0486111111111,3,1575.89,19.9479746835443,820,1.0100459040924
"13187",337.745138888889,1,236.02,6.37891891891892,95,1
"13188",11.8902777777778,1,114.6,57.3,25,1
"13189",19.0909722222222,2,260.68,8.98896551724138,842,0.619234986776753
"13192",95.9423611111111,2,911.94,14.4752380952381,595,0.545606102705297
"13193",61.9305555555556,1,112.08,4.4832,46,1
"13194",136.159027777778,1,60.7,20.2333333333333,26,1
"13196",11.9555555555556,4,1797.78,16.3434545454545,1224,0.478127334606126
"13198",10.8979166666667,6,3401.24,15.0497345132743,2648,0.512467674203421
"13199",4.01388888888889,38,9817.12,82.4968067226891,6176,3.13990118951301
"13200",19.8854166666667,4,870.09,18.915,516,1.12116788321168
"13203",10.0868055555556,4,869.46,15.2536842105263,800,0.515382435838168
"13207",15.9152777777778,2,250.26,31.2825,130,0.443994511734508
"13208",59.1222222222222,6,1217.65,8.22736486486487,803,0.718280118161513
"13209",30.9555555555556,8,5891.61,18.3539252336449,4253,0.724766851982728
"13210",94.1888888888889,1,353.48,16.0672727272727,316,1
"13211",10.9215277777778,3,1095.42,19.9167272727273,834,0.256457951581689
"13212",20.0069444444444,3,786.83,5.58035460992908,309,2.1474019088017
"13213",57.0472222222222,5,1520.58,16.8953333333333,1360,1.04915484748397
"13216",268.022222222222,1,333.74,66.748,297,1
"13217",122.8875,3,533.98,133.495,262,2.63607517695875
"13218",127.827083333333,1,62.64,12.528,88,1
"13220",78.9666666666667,4,819.29,39.0138095238095,196,0.758963277245596
"13221",240.827777777778,2,847.41,12.8395454545455,244,0.503572802405959
"13223",200.990972222222,2,163.2,32.64,88,1.88042744901735
"13224",60.9131944444444,2,2155.95,19.9625,1518,0.659114315139032
"13225",3.97291666666667,7,6463.84,201.995,3416,0.586341955248769
"13226",273.927083333333,1,108.21,6.763125,80,1
"13227",202.04375,1,257.7,28.6333333333333,99,1
"13228",81.9319444444444,1,358,179,200,1
"13229",226.029861111111,1,160.95,16.095,63,1
"13230",4.86597222222222,14,2755.63,4.69442930153322,1638,1.16389388705534
"13232",13.0909722222222,7,1328.35,6.5759900990099,773,0.909607731665719
"13233",74.9756944444444,2,605.12,14.0725581395349,1004,0.229058632647218
"13235",212.817361111111,1,1031.07,17.7770689655172,441,1
"13236",25,2,744.85,20.6902777777778,416,0.730272499830955
"13238",17.8840277777778,4,700.73,22.6041935483871,298,0.349811733268553
"13239",262.100694444444,1,329.56,15.6933333333333,327,1
"13240",96.9458333333333,4,663.65,9.90522388059702,298,0.44600569379954
"13242",112.997916666667,3,270.4,20.8,130,0.890923714656933
"13243",203.983333333333,1,585.12,10.2652631578947,232,1
"13244",93.0444444444445,1,121.74,4.50888888888889,38,1
"13245",51.0486111111111,1,430.5,26.90625,125,1
"13246",18.8333333333333,6,1961.52,14.4229411764706,1587,0.576674067910491
"13247",18.0770833333333,4,501.12,20.0448,328,1.84678522571819
"13248",125.006944444444,2,465.68,17.9107692307692,305,0.92332353726957
"13249",92.975,3,711.41,30.9308695652174,546,0.532807104094721
"13253",157.111805555556,2,1030.4,28.6222222222222,1572,0.328284939168497
"13255",9.98333333333333,2,399.51,30.7315384615385,177,0.164811268207449
"13258",12.1381944444444,3,672.83,18.6897222222222,282,0.464283155405889
"13259",62.0847222222222,1,283.18,3.49604938271605,126,1
"13260",61.9784722222222,1,557.62,69.7025,142,1
"13261",269.019444444444,2,944.1,104.9,210,2
"13262",263.905555555556,1,200.29,18.2081818181818,125,1
"13263",1.95208333333333,35,7436.93,4.46126574685063,4768,3.24179688170014
"13265",53.9083333333333,5,2092.66,23.2517777777778,1740,0.681155946869836
"13266",11.9243055555556,12,3834.26,20.504064171123,4428,1.46828487672242
"13267",3.06805555555556,19,4521.49,21.4288625592417,1969,1.56559953611866
"13268",18.0409722222222,11,3174.75,7.33198614318707,3624,1.32032641403014
"13269",1.91458333333333,15,5343.28,16.9627936507936,3513,1.22240625389076
"13270",366.914583333333,1,590,590,200,1
"13271",37.9298611111111,1,211.49,2.43091954022989,240,1
"13272",31.9513888888889,2,276.56,18.4373333333333,96,1.03307267379295
"13273",113.95,1,138.98,8.68625,153,1
"13276",64.0041666666667,2,590.93,19.6976666666667,161,1.6615065094902
"13277",16.1451388888889,4,258.4,32.3,176,1.01721854304636
"13278",41.0423611111111,1,542.73,11.7984782608696,537,1
"13279",78.8097222222222,1,137.75,15.3055555555556,73,1
"13280",122.983333333333,3,798.46,9.73731707317073,518,0.418923985984148
"13282",18.8868055555556,3,1132.14,30.5983783783784,307,0.445223126867979
"13283",60.125,2,93.66,13.38,90,0.476634431321061
"13284",331.14375,1,201.19,15.4761538461538,91,1
"13285",23.9798611111111,4,2709.12,14.4872727272727,2051,0.449711903311941
"13291",156.093055555556,1,361.11,8.59785714285714,233,1
"13292",39.1152777777778,2,578.94,18.6754838709677,347,0.244106412313812
"13294",190.163888888889,2,873.74,16.1803703703704,453,1.00258769741346
"13295",360.061805555556,1,201.2,20.12,82,1
"13296",137.961111111111,1,87.4,17.48,78,1
"13297",8.1375,4,2089.85,35.421186440678,963,2.00780814277747
"13298",1.98541666666667,1,360,180,96,1
"13299",268.996527777778,1,142.5,28.5,30,1
"13300",169.986805555556,1,371.89,18.5945,203,1
"13301",104.059027777778,4,618.09,7.63074074074074,345,0.635172687574434
"13302",155.7875,1,63.75,63.75,5,1
"13304",351.927083333333,1,300.42,14.3057142857143,238,1
"13305",4.89930555555556,10,2000.86,24.701975308642,1232,0.814932890653738
"13307",120.816666666667,1,15,15,4,1
"13308",23.1381944444444,3,1385.51,25.6575925925926,843,0.497661451973366
"13309",7.84444444444444,5,1456.79,13.6148598130841,1544,0.498057345769395
"13310",28.8104166666667,3,1132.03,15.7226388888889,587,0.303944952191992
"13311",4.99652777777778,2,598.57,23.0219230769231,305,0.411136860037402
"13313",22.8347222222222,5,1555.32,19.94,851,0.472763565687871
"13314",2.01458333333333,3,775.94,12.5151612903226,560,1.24844666647401
"13316",37.9652777777778,4,5732.93,66.661976744186,5508,0.55292638207597
"13317",66.96875,6,2273.68,18.3361290322581,1035,0.616067672371789
"13318",1.74930555555556,3,640.76,32.038,304,2.48442442250551
"13319",5.96944444444444,26,10845.55,22.784768907563,4724,2.16578932145543
"13320",78.7798611111111,4,1532.2,14.592380952381,1086,0.886799618183498
"13321",72.8930555555555,2,567.36,51.5781818181818,372,2
"13322",17.9368055555556,1,199.48,7.9792,117,1
"13323",3.81805555555556,5,787.85,37.5166666666667,175,1.84822322429387
"13324",36.8486111111111,10,7121.95,94.9593333333333,5205,0.925136736066199
"13325",82.0930555555556,1,675.3,56.275,240,1
"13327",39.1034722222222,8,3627.77,33.590462962963,1600,0.73443001982706
"13328",316.894444444444,1,1308.48,76.9694117647059,680,1
"13329",32.0979166666667,2,789,46.4117647058823,463,0.179097794858401
"13330",93.0159722222222,3,1140.93,21.5269811320755,751,0.403412822675785
"13332",14.9722222222222,1,350.9,16.7095238095238,179,1
"13334",82.8951388888889,3,3502.32,13.2163018867925,1764,0.403312389719268
"13336",77.9479166666667,1,795.12,15.5905882352941,559,1
"13338",158.155555555556,1,487.02,25.6326315789474,256,1
"13339",201.179861111111,1,860.12,15.9281481481481,326,1
"13340",45.9826388888889,7,10736.48,80.1229850746269,5770,0.908828620888632
"13341",261.125,1,775.85,18.472619047619,301,1
"13343",178.018055555556,1,353.43,18.6015789473684,135,1
"13344",68.1284722222222,3,2511.69,21.6525,952,0.428632378281303
"13345",288.159027777778,1,389.5,19.475,141,1
"13347",70.9736111111111,1,341.36,42.67,205,1
"13348",64.8069444444444,1,233.76,16.6971428571429,136,1
"13349",11.1965277777778,1,247.32,15.4575,225,1
"13350",16.8451388888889,2,979.12,24.478,287,0.950495049504951
"13351",66.9965277777778,1,373.94,23.37125,117,1
"13352",60.9548611111111,1,397.98,16.5825,321,1
"13354",71.98125,1,743.53,14.5790196078431,604,1
"13355",122.918055555556,1,674.7,21.084375,314,1
"13356",80.9284722222222,1,768.24,18.2914285714286,325,1
"13357",257.954166666667,1,609.4,6.84719101123595,321,1
"13358",269.040277777778,1,439.03,15.1389655172414,285,1
"13359",64.1388888888889,1,439.56,19.1113043478261,161,1
"13362",9.92291666666667,4,3090.74,18.6189156626506,1382,0.431452055889021
"13363",18.0069444444444,2,992.5,16.5416666666667,710,2
"13364",71.7756944444444,1,134.96,13.496,71,1
"13365",34.0097222222222,2,2225.37,17.385703125,1247,0.326042657247657
"13366",50.9673611111111,1,56.16,56.16,144,1
"13368",257.11875,2,623.4,21.4965517241379,327,0.741713667619563
"13369",366.055555555556,1,308.28,22.02,149,1
"13370",372.1,1,754.87,19.355641025641,343,1
"13372",90.0027777777778,1,378.64,16.4626086956522,159,1
"13373",61.0826388888889,3,3312.25,20.9636075949367,1651,0.416966951508288
"13375",89.1048611111111,1,778.65,21.0445945945946,442,1
"13376",99.8569444444445,3,1019.76,19.2407547169811,493,0.666005457544722
"13379",26.9618055555556,3,572.56,5.90268041237113,601,0.81777396374283
"13381",32.0361111111111,6,3639.31,21.1587790697674,2029,0.67396798652064
"13382",281.115972222222,1,222.99,14.866,131,1
"13384",31.0736111111111,7,4151.93,27.3153289473684,2422,1.419605008051
"13385",330.123611111111,1,534.57,15.2734285714286,281,1
"13388",131.998611111111,2,677.1,19.3457142857143,282,2
"13389",11.9506944444444,3,797.96,15.6462745098039,429,0.407100383541334
"13390",75.175,1,544.08,41.8523076923077,224,1
"13391",204.083333333333,1,59.8,59.8,4,1
"13394",2.05138888888889,8,2520.02,16.2581935483871,2392,0.779120648726151
"13395",185.906944444444,1,307.72,14.6533333333333,336,1
"13396",29.8270833333333,2,1360.99,31.6509302325581,600,0.206796520840015
"13397",73.0791666666667,5,1544.13,40.635,430,0.562052114721082
"13398",192.98125,1,457.34,17.59,281,1
"13402",127.874305555556,2,621.23,15.9289743589744,479,0.244954198668062
"13403",18.1819444444444,1,75,25,44,1
"13404",1.88402777777778,2,252.49,22.9536363636364,111,0.284154443202
"13405",74.8256944444445,3,572.451,21.2018888888889,165,0.369890459908555
"13408",2.15625,62,28117.04,58.8222594142259,16232,5.00087754347574
"13410",24.8868055555556,5,1003.06,35.8235714285714,518,0.561717398936378
"13411",107.953472222222,1,213.55,11.8638888888889,72,1
"13414",134.045138888889,3,1390.5,57.9375,1574,0.552213113357081
"13416",44.1625,2,712.5,37.5,142,1.58902396409983
"13417",5.16736111111111,2,640.83,22.8867857142857,162,0.29897952474713
"13418",12.1020833333333,18,6127.43,20.1560197368421,3918,1.49590818324875
"13419",64.0006944444444,1,221.06,13.81625,275,1
"13420",150.168055555556,2,159.85,19.98125,101,2
"13421",40.9368055555556,2,1833.71,17.9775490196078,1128,0.240056680049456
"13422",64.9638888888889,1,2626.3,20.6795275590551,1326,1
"13425",108.817361111111,3,1624.21,20.8232051282051,1123,0.482935172660503
"13426",1.16041666666667,10,3641.32,23.1931210191083,2245,0.836016844191231
"13427",19.9916666666667,3,582.6,20.0896551724138,545,0.459470191162289
"13428",10.9375,1,201.78,2.84197183098592,151,1
"13429",11.1527777777778,4,1006.8,15.0268656716418,1390,1.85425631230484
"13430",19.1881944444444,2,679.45,13.8663265306122,751,0.885672403719004
"13431",67.9590277777778,2,1269.1,27.5891304347826,672,2
"13434",74.9305555555556,2,534.24,53.424,300,2
"13435",5.92013888888889,7,3809.89,37.7216831683168,2129,1.14191633499233
"13436",2.09513888888889,1,196.89,16.4075,76,1
"13437",14.9513888888889,7,3408.06,20.4075449101796,1283,1.19332307328045
"13439",255.9375,1,283.71,5.25388888888889,242,1
"13441",92.1333333333333,1,296.64,22.8184615384615,204,1
"13447",23.9666666666667,3,1129.14,19.1379661016949,584,3
"13448",17.0118055555556,6,3534.69,18.2200515463918,1648,0.504102640898827
"13449",24.1819444444444,1,291.88,15.3621052631579,222,1
"13450",27.0388888888889,6,2043.72,28.7847887323944,1982,0.939110019347405
"13451",26.8694444444444,5,2898.26,6.69344110854503,2128,0.486987732869192
"13452",259.938194444444,2,590,295,2,2
"13453",166.136111111111,2,356.98,20.9988235294118,134,0.483898067768132
"13455",25.0618055555556,2,1058.34,23.0073913043478,354,0.175477791092065
"13456",18.1472222222222,6,1766.72,28.0431746031746,765,0.948672151787544
"13458",7.88958333333333,14,9646.57,25.2528010471204,5508,1.19270180088506
"13460",29.8145833333333,2,183.44,10.7905882352941,286,2
"13461",39.1590277777778,3,1445,53.5185185185185,1170,0.720328149490323
"13462",253.0625,1,151.5,16.8333333333333,62,1
"13464",58.9090277777778,1,674.68,16.4556097560976,403,1
"13466",184.840972222222,1,307.9,18.1117647058824,259,1
"13467",11.1173611111111,2,1071.91,10.9378571428571,580,2
"13468",2.09097222222222,37,5704.97,18.8906291390728,2589,2.98537011753587
"13470",99.9118055555556,2,165,16.5,100,2
"13471",1.87916666666667,4,2501.84,9.84976377952756,1583,2.60264481730277
"13473",61.0625,2,422.64,20.1257142857143,266,0.220500976176197
"13474",236.95625,1,226.84,3.65870967741935,129,1
"13475",191.956944444444,4,1431.78,16.6486046511628,1012,1.12094242196217
"13476",179.034722222222,2,1238.47,21.3529310344828,417,0.583165155881936
"13477",38.0319444444444,6,1454.58,18.4124050632911,1021,0.708709858230686
"13479",201.086805555556,2,300.95,20.0633333333333,134,1.76622102293634
"13481",46.1548611111111,5,1804.56,16.5555963302752,1142,0.710900473933649
"13482",232.824305555556,1,184.64,16.7854545454545,116,1
"13483",66.0395833333333,1,140.34,14.034,160,1
"13484",241.847222222222,1,313.8,39.225,44,1
"13485",233.952777777778,1,454.24,19.7495652173913,277,1
"13486",78.9840277777778,3,1122.41,16.2668115942029,669,1.17143012093931
"13487",58.0298611111111,3,575.4,16.9235294117647,265,0.304173228531261
"13488",17.9229166666667,13,8968.31,21.2519194312796,4518,1.11406466970839
"13489",105.981944444444,4,449.52,32.1085714285714,560,0.634561572302562
"13491",52.1791666666667,10,1215.82,14.1374418604651,903,0.935303822188351
"13492",136.934027777778,3,1269.84,25.3968,408,1.15119160767106
"13493",275.885416666667,2,618.63,77.32875,380,2
"13494",312.036111111111,1,316.26,17.57,162,1
"13495",8.06180555555556,5,2044.87,42.6014583333333,829,0.415698787737656
"13496",11.0777777777778,2,653.33,18.6665714285714,341,0.171905746307707
"13497",283.156944444444,2,348.05,18.3184210526316,163,0.698537437240777
"13499",18.0618055555556,5,1159.11,27.5978571428571,1365,0.594993788375033
"13500",23.8854166666667,3,1166.77,17.9503076923077,609,0.907849112115162
"13501",288.74375,1,1340.32,25.7753846153846,560,1
"13502",17.0909722222222,3,292,16.2222222222222,264,0.293095961788971
"13503",71.9770833333333,1,216.85,12.7558823529412,248,1
"13504",64.9791666666667,1,295.93,13.4513636363636,178,1
"13505",73.0375,4,4393.63,20.435488372093,2486,0.750035809001298
"13506",316.95625,2,458.52,17.6353846153846,324,1.13062367505038
"13507",3.98402777777778,4,2479.16,15.3034567901235,1597,0.844727541148692
"13508",244.036111111111,1,110.97,9.2475,24,1
"13509",9.11111111111111,7,979.72,22.2663636363636,1106,0.7612468942184
"13510",1.96111111111111,4,1791.56,15.5787826086957,1386,0.658702265051423
"13512",261.115972222222,1,251.21,16.7473333333333,143,1
"13513",127.041666666667,1,205.1,20.51,109,1
"13514",74.1326388888889,1,152.2,38.05,40,1
"13515",73.0583333333333,4,891.12,15.1037288135593,681,0.685570098352331
"13516",21.9826388888889,3,1389.41,31.5775,985,0.41457539610184
"13517",60.0465277777778,3,2128.42,15.0951773049645,1369,0.749223894229935
"13518",86.0979166666667,1,627.16,17.4211111111111,382,1
"13519",78.7680555555555,1,122.75,15.34375,23,1
"13520",59.1041666666667,6,3624.35,38.9715053763441,1649,0.575100287550144
"13521",1.95833333333333,3,1071.73,2.56394736842105,718,3
"13522",30.9020833333333,1,125.8,25.16,44,1
"13523",33.9020833333333,5,3964.88,23.0516279069767,1752,0.450404425640523
"13524",41.0111111111111,5,680.18,25.1918518518519,324,0.837962819279352
"13525",15.0340277777778,2,628.78,104.796666666667,394,0.256573965463481
"13527",34.0319444444444,7,2242.36,10.3334562211982,1683,0.716643718584629
"13529",79.1493055555556,2,307.76,20.5173333333333,74,0.476597622528064
"13531",205.829166666667,2,483.8,21.9909090909091,174,0.372489254288584
"13532",34.0173611111111,1,210.31,3.18651515151515,129,1
"13533",183.038888888889,3,269.09,3.58786666666667,202,1.05928220553017
"13534",2.91527777777778,25,5870.08,19.8313513513514,2961,2.10686897811002
"13536",1.84166666666667,7,3444.39,19.3505056179775,2126,2.83283995953086
"13538",43.8444444444444,7,1280.85,51.234,175,0.771361667610462
"13539",86.1055555555556,3,631.34,17.0632432432432,320,0.402165986563436
"13544",40.0368055555556,2,276.06,3.53923076923077,112,0.298519839130976
"13546",12.9166666666667,3,621.09,6.40298969072165,357,0.478447703008018
"13548",96.9166666666667,2,678.16,5.51349593495935,436,0.407787610619469
"13549",26.1458333333333,7,918.2,18.0039215686275,458,0.968554023150491
"13551",319.919444444444,1,91.8,22.95,12,1
"13552",66.8965277777778,12,3740.07,34.3125688073395,1417,1.44453825769292
"13555",74.0097222222222,4,4098.88,30.3620740740741,2636,0.937042459736457
"13557",28.8930555555556,2,584.06,17.1782352941176,546,0.237970639270664
"13558",6.05972222222222,4,594.52,3.51786982248521,338,1.90680070180859
"13560",7.98541666666667,1,171.42,5.356875,63,1
"13561",216.007638888889,1,141.86,10.1328571428571,83,1
"13562",82.0826388888889,3,1799.33,21.9430487804878,757,0.549038547081326
"13563",84.9201388888889,2,777.53,15.8679591836735,209,1.07350529297749
"13564",144.928472222222,3,1724.67,21.2922222222222,636,0.402001321393232
"13565",19.9284722222222,2,240.22,6.32157894736842,172,0.19047409089406
"13566",41.0354166666667,2,856.84,5.07005917159763,567,1.42954052846672
"13568",173.922222222222,1,187.05,4.35,66,1
"13569",17.9881944444444,2,338.62,4.28632911392405,156,0.171415647232947
"13570",243.968055555556,1,239.49,8.87,161,1
"13571",13.0854166666667,12,2088.94,6.14394117647059,1757,1.49427540325835
"13572",206.035416666667,1,1384.25,41.9469696969697,534,1
"13573",50.9284722222222,2,290.25,11.61,302,0.295580658624866
"13575",23.9833333333333,5,732.07,15.9145652173913,449,0.980703745743473
"13576",10.8861111111111,18,6717.34,53.3122222222222,2646,1.48791641950977
"13577",25.8965277777778,4,1687.6,20.3325301204819,791,0.555045193784008
"13579",15.1729166666667,2,467.04,20.3060869565217,176,0.16916266439028
"13581",309.922916666667,1,118,11.8,30,1
"13583",156.090277777778,1,781.03,14.7364150943396,725,1
"13584",307.000694444444,1,142.4,5.93333333333333,37,1
"13587",64.0131944444445,1,712.4,89.05,180,1
"13588",16.0888888888889,9,2478.95,14.2468390804598,2606,1.12601328162785
"13589",15.0277777777778,2,379.65,18.0785714285714,114,0.363688406590169
"13590",11.9972222222222,6,1981.92,22.7806896551724,1848,0.616483806597233
"13591",65.0166666666667,3,1117.13,19.2608620689655,485,0.445532301091829
"13592",36.1256944444444,4,247.96,15.4975,84,0.524418223533268
"13593",108.96875,5,2011.88,15.8415748031496,719,0.658249604593119
"13594",53.1048611111111,1,396.97,15.2680769230769,359,1
"13596",6.03402777777778,2,664.11,4.54869863013699,384,2
"13598",47.9319444444444,1,160.04,4.57257142857143,52,1
"13599",1.86111111111111,21,5149.92,20.9346341463415,3293,1.72484927532374
"13600",312.890972222222,1,219.52,11.5536842105263,324,1
"13601",45.8048611111111,2,693.32,7.00323232323232,548,0.361386821929153
"13602",65.04375,1,428.89,18.6473913043478,267,1
"13603",26.8701388888889,1,164.34,6.08666666666667,164,1
"13606",29.7944444444444,3,276.75,6.91875,276,0.318863115213904
"13607",40.85625,1,675.51,6.9640206185567,288,1
"13610",12.8833333333333,7,1082.33,5.03409302325581,488,0.7691251201758
"13611",89.9159722222222,3,1154.4,16.0333333333333,754,0.333110574204493
"13614",24.91875,4,1585.46,8.1305641025641,564,0.392041200626177
"13615",319.186805555556,1,417.69,18.1604347826087,189,1
"13617",40.9583333333333,3,544.18,12.3677272727273,300,0.642681808038482
"13618",174.070138888889,1,177.34,13.6415384615385,246,1
"13621",117.183333333333,1,213.85,11.2552631578947,343,1
"13623",31.0347222222222,5,727.74,9.33,286,0.56189713120298
"13626",253.114583333333,1,257.23,13.5384210526316,209,1
"13627",59.9375,5,1638.47,17.8094565217391,1269,0.503041538189237
"13629",23.9784722222222,11,7792.36,132.073898305085,4372,1.04745278527218
"13630",5.89861111111111,7,2031.78,28.6166197183099,1391,0.749726662154423
"13631",100.120138888889,11,3070.42,279.129090909091,467,1.96783223733249
"13632",25.0826388888889,5,2118.93,14.6133103448276,1031,0.685487965877932
"13634",33.9652777777778,5,1547.36,8.31913978494624,700,0.510336680448907
"13635",68.0798611111111,1,1071.03,17.2746774193548,677,1
"13636",37.0972222222222,5,949.12,15.0653968253968,592,0.602811445603244
"13637",52.9708333333333,3,804.3,8.12424242424242,405,0.517187712003065
"13638",16.0916666666667,1,122.64,15.33,93,1
"13639",74.9680555555556,1,1033.34,25.8335,800,1
"13642",216.011111111111,1,312.28,5.47859649122807,151,1
"13643",31.8840277777778,3,519.44,18.5514285714286,273,0.583791672860444
"13644",16.9465277777778,4,2624.26,17.9743835616438,2067,1.34690632453583
"13645",120.860416666667,1,252.1,50.42,158,1
"13647",10.0347222222222,4,1648.12,21.1297435897436,887,0.533117782624926
"13649",257.040972222222,2,346.6,15.0695652173913,139,0.546057829040923
"13650",17.0194444444444,6,1836.34,19.1285416666667,922,0.717161236771114
"13651",35.9104166666667,2,94.2,15.7,33,2
"13652",46.1659722222222,3,1095.08,17.3822222222222,578,0.278655744049539
"13654",43.8513888888889,6,2707.33,16.3092168674699,2182,0.782112790802933
"13655",114.934027777778,2,932.97,16.6601785714286,605,0.471739320345942
"13656",165.096527777778,2,379.65,7.74795918367347,490,0.347254319578472
"13657",11.0125,2,382.14,23.88375,209,0.314139552132986
"13658",10.1090277777778,5,2639.17,24.4367592592593,1019,0.770388546890269
"13659",206.009027777778,2,1563,15.1747572815534,882,0.521647779072505
"13662",86.0319444444444,3,881.26,16.9473076923077,533,0.517404513715611
"13663",179.879166666667,1,189.47,14.5746153846154,91,1
"13666",60.8826388888889,3,84.65,7.05416666666667,41,0.396289070861134
"13667",149.880555555556,1,299.05,3.60301204819277,149,1
"13668",3.02708333333333,21,6309.83,13.6281425485961,3722,1.75008102226955
"13669",51.1375,2,218.55,24.2833333333333,237,0.606622293369281
"13670",75.8923611111111,1,349.7,13.988,282,1
"13672",301.95625,2,186.39,31.065,57,1.93552722955263
"13673",19.0270833333333,2,387.44,6.45733333333333,114,2
"13675",151.995138888889,2,486.82,19.4728,330,0.451026555232482
"13678",152.108333333333,1,232.6,14.5375,924,1
"13680",1.96041666666667,4,3719.12,19.1707216494845,1934,0.355047822558276
"13681",18.0673611111111,4,827.83,14.5233333333333,360,0.870651779596114
"13682",187.947222222222,1,59.5,19.8333333333333,10,1
"13684",286.109027777778,1,65.13,2.24586206896552,38,1
"13685",3.04791666666667,7,3119.44,79.985641025641,5056,3.62407420723377
"13686",183.152777777778,1,72,9,70,1
"13689",63.9784722222222,1,910,151.666666666667,512,1
"13690",59.9076388888889,1,172.25,19.1388888888889,67,1
"13692",25.0645833333333,3,1488.32,28.0815094339623,1226,0.424667409397733
"13694",4.1375,50,65039.62,114.506373239437,63312,4.05527185340943
"13695",31.9333333333333,15,2504.13,27.8236666666667,1603,1.97263276457785
"13697",39.15,1,151.3,12.6083333333333,177,1
"13699",155.832638888889,1,308.58,22.0414285714286,66,1
"13700",26.9930555555556,10,2248.63,11.5908762886598,2281,0.996719132854354
"13703",318.986111111111,1,99.5,99.5,10,1
"13704",5.90069444444444,9,2308.06,17.224328358209,1531,3.25211412511606
"13705",8.0125,3,711.86,25.4235714285714,363,0.245844264487455
"13706",303.145138888889,1,330.79,16.5395,189,1
"13707",267.782638888889,2,806.41,16.8002083333333,351,1.24502853190386
"13708",271.961111111111,1,285.33,5.8230612244898,301,1
"13709",4.09861111111111,13,6307.65,18.8288059701493,3508,1.25074886806782
"13710",32.1902777777778,1,180.48,22.56,176,1
"13711",219.096527777778,2,252.06,19.3892307692308,140,2
"13712",247.011805555556,1,228.84,22.884,352,1
"13715",281.728472222222,5,1077.39,10.3595192307692,562,1.64047725736506
"13716",269.959027777778,1,138.28,6.5847619047619,138,1
"13717",32.9423611111111,6,1445.01,14.1667647058824,1959,0.676599876791998
"13718",246.976388888889,2,306.55,25.5458333333333,173,1.22299917900518
"13719",15.8916666666667,5,1041.68,17.3613333333333,609,0.684736091298145
"13720",117.002777777778,4,799.9,18.6023255813953,501,0.868651629475843
"13721",36.9479166666667,1,524.14,18.7192857142857,316,1
"13722",132.004166666667,3,2375.41,27.946,1401,0.595859329382394
"13723",217.823611111111,1,199.85,33.3083333333333,43,1
"13725",50.1159722222222,8,1980.56,19.0438461538462,806,0.926976463488232
"13726",39.0840277777778,2,1079.66,25.7061904761905,1054,0.967926240435567
"13727",29.1277777777778,2,333.48,16.674,162,2
"13728",37.0840277777778,6,1016.14,16.1292063492063,458,0.657067531940783
"13730",136.177083333333,2,752.6,17.5023255813953,488,2
"13731",219.928472222222,2,610.59,16.0681578947368,278,2
"13732",28.8756944444444,1,491.86,14.9048484848485,498,1
"13735",25.0666666666667,4,2883.54,14.7873846153846,1128,0.57172161656934
"13736",5.89652777777778,2,729.8,3.84105263157895,496,0.235207644248438
"13737",200.845833333333,1,339.6,11.32,125,1
"13739",18.96875,1,216.9,72.3,54,1
"13740",241.095833333333,1,350.75,15.25,425,1
"13741",72.1465277777778,3,668.43,19.6597058823529,218,0.617213395816665
"13742",17.0715277777778,12,3107.87,9.92929712460064,1115,1.1848384560531
"13743",3.11180555555556,7,1341.6,32.7219512195122,1776,0.817732684699691
"13744",95.8965277777778,2,1080.52,17.1511111111111,1153,0.304492318969801
"13745",162.838194444444,1,300.04,12.0016,496,1
"13747",374.092361111111,1,79.6,79.6,8,1
"13748",96.1284722222222,5,948.25,33.8660714285714,439,0.539507699224458
"13750",54.0236111111111,5,1647.26,68.6358333333333,516,0.530000220833425
"13751",288.870833333333,1,296.25,32.9166666666667,152,1
"13752",124.940277777778,6,1175.38,15.6717333333333,874,1.47430209542011
"13753",288.001388888889,1,741.26,21.1788571428571,512,1
"13754",152.040972222222,2,282.6,23.55,214,0.361728762041925
"13755",4.01666666666667,9,2108.06,6.56716510903427,1242,4.51038851057412
"13756",2.8375,14,5189.52,36.5459154929577,3188,1.15002196222497
"13758",12.06875,7,3190.55,27.2696581196581,1844,0.580173937067244
"13759",33.91875,2,659.41,26.3764,287,1.58047816781605
"13760",54.8590277777778,2,286.79,5.03140350877193,197,0.296824595215765
"13761",50.9506944444444,2,1070.65,15.295,642,0.464321413600748
"13762",219.149305555556,1,306.72,43.8171428571429,272,1
"13763",63.9006944444444,1,1714.96,114.330666666667,728,1
"13764",71.0326388888889,3,1519.42,7.34019323671498,926,0.337227758840519
"13767",2.90972222222222,37,17220.36,46.7944565217391,7322,2.99049753691816
"13769",2.90416666666667,10,2796.51,20.7148888888889,1163,0.821761460909264
"13771",64.9388888888889,4,2634.45,22.1382352941176,1477,0.655959245495025
"13772",34.0465277777778,3,1122.63,6.48919075144509,540,0.436963910017802
"13774",82.0305555555556,1,345,15.6818181818182,192,1
"13777",1.01736111111111,33,25977.16,131.863756345178,12897,2.65522328013947
"13778",103.892361111111,1,178.7,19.8555555555556,70,1
"13780",7.95902777777778,2,360.01,6.3159649122807,318,0.367900666819959
"13781",251.029166666667,1,127.84,7.52,30,1
"13782",13.0388888888889,6,908.86,8.04300884955752,369,0.57137062819908
"13784",10.1368055555556,11,2462.79,79.4448387096774,2493,1.02234222217441
"13786",367.95625,1,230.4,32.9142857142857,136,1
"13787",76.0305555555556,2,309.04,9.96903225806452,337,0.207691808433153
"13790",4.87638888888889,1,348.8,7.75111111111111,748,1
"13791",128.045833333333,2,1516,137.818181818182,1200,1.47073843325503
"13792",66.9298611111111,2,195.55,15.0423076923077,92,0.271469327736373
"13798",1.87430555555556,57,37153.85,106.458022922636,23948,4.60996691921887
"13799",117.029861111111,2,688.86,17.6630769230769,402,0.337251013899894
"13800",310.015972222222,1,558.32,16.9187878787879,331,1
"13801",67.1076388888889,1,324.8,14.1217391304348,168,1
"13802",139.080555555556,3,4599.42,76.657,2572,0.520375344808895
"13803",255.995138888889,1,277.07,16.2982352941176,121,1
"13804",31.0125,7,2588.39,19.1732592592593,1462,0.810369731189855
"13805",52.9166666666667,2,924.6,71.1230769230769,1900,0.779494952228868
"13806",64.0465277777778,1,256.38,25.638,56,1
"13807",367.876388888889,1,112.6,16.0857142857143,36,1
"13808",6.02222222222222,5,1747.66,22.9955263157895,782,1.64821329100884
"13809",305.982638888889,1,155.05,12.9208333333333,29,1
"13810",29.1784722222222,3,1499.01,42.8288571428571,312,3
"13811",184.122222222222,3,814.5,62.6538461538462,68,1.61769478493147
"13812",42.9326388888889,3,539,14.9722222222222,333,1.42710845363549
"13813",40.0916666666667,4,1366.86,19.8095652173913,552,1.2631117283725
"13814",92.9597222222222,2,1579.12,27.7038596491228,864,1.3334568015557
"13815",22.9381944444444,4,4027.36,22.8827272727273,2560,0.405288451390013
"13816",24.175,2,571.67,20.4167857142857,269,1.47236754656533
"13817",29.7923611111111,2,382.98,15.9575,211,0.186189641908185
"13819",302.091666666667,3,1140.35,31.6763888888889,1109,3
"13821",145.125694444444,2,385.64,6.53627118644068,153,0.513128121677881
"13822",6.02569444444444,2,632,6.58333333333333,611,1.72187014229344
"13823",19.1027777777778,2,957.66,23.9415,439,0.822074215033301
"13824",33.00625,5,1698.94,36.9334782608696,768,0.539603391507242
"13826",176.959722222222,1,189.5,18.95,82,1
"13827",58.0083333333333,3,409.8,4.45434782608696,138,1.04803493449782
"13828",22.8666666666667,1,209.49,13.966,311,1
"13831",16.88125,6,2198.45,30.5340277777778,743,0.509706446842652
"13832",19.8847222222222,1,52.2,17.4,28,1
"13833",159.974305555556,1,383.85,13.7089285714286,117,1
"13835",25.8840277777778,4,834.57,15.174,442,0.631544323227893
"13837",212.027777777778,2,266.59,14.8105555555556,182,0.56605627804894
"13838",6.07638888888889,4,674.82,4.08981818181818,254,0.329660895693232
"13841",253.027777777778,1,85,85,100,1
"13842",59.0826388888889,9,3385.62,16.4350485436893,1768,0.876599659100133
"13844",11.9784722222222,1,361.62,18.081,196,1
"13845",65.1840277777778,1,312.98,34.7755555555556,182,1
"13846",25.0298611111111,3,865.06,15.7283636363636,388,0.267990074441687
"13848",92.9944444444444,3,1255,251,3700,0.32857707870638
"13849",52.0770833333333,2,1537.95,15.2272277227723,1016,0.504060487258471
"13850",129.948611111111,1,1595.48,17.1556989247312,944,1
"13851",96.0097222222222,3,2651.46,32.7340740740741,1705,0.466794891189246
"13853",57.9388888888889,1,1090.14,47.3973913043478,312,1
"13854",9.15555555555556,25,8109.52,73.7229090909091,2296,2.10125725225593
"13856",169.115972222222,3,388.5,27.75,494,2.58115913164708
"13858",57.85625,1,216.17,19.6518181818182,75,1
"13859",326.858333333333,1,201.16,7.18428571428571,129,1
"13860",1.99513888888889,5,1245.9,16.3934210526316,591,1.76168338634695
"13862",18.8513888888889,8,2209.36,15.8946762589928,1688,0.764211210642349
"13863",248.104166666667,1,305.78,15.289,224,1
"13865",58.9715277777778,4,501.56,16.7186666666667,204,0.519344687987449
"13866",74.9138888888889,1,145.67,20.81,57,1
"13867",31.8763888888889,3,1005.09,16.7515,501,0.481462218589791
"13868",7.84583333333333,2,3192.54,96.7436363636364,1964,1.92569148817616
"13869",123.95625,4,3083.65,10.1435855263158,1709,0.512943816622586
"13870",2.97708333333333,8,2770.94,24.0951304347826,1325,0.841584399518816
"13871",23.0840277777778,13,6403.25,19.0572916666667,2806,1.36337483825704
"13873",120.1125,3,389.6,16.9391304347826,140,0.473630546246588
"13874",358.770833333333,1,540.45,30.025,180,1
"13875",54.1347222222222,5,1786.79,17.1806730769231,1316,0.60545413264491
"13876",64.1027777777778,1,122.7,17.5285714285714,36,1
"13877",86.8756944444444,1,117.24,39.08,108,1
"13878",55.0215277777778,1,1271.57,36.3305714285714,463,1
"13880",21.9625,13,3219.77,19.5137575757576,1842,1.12720382799705
"13881",4,20,17159.52,96.401797752809,10118,1.94736699753874
"13882",3.06527777777778,5,1191.13,18.3250769230769,953,2.42620299231702
"13883",11.0868055555556,5,2674.48,18.8343661971831,1436,0.617976242246687
"13884",7.84722222222222,5,787.6,13.3491525423729,300,0.543245894217952
"13885",189.904861111111,2,506.8,18.1,182,2
"13886",71.98125,1,243.56,15.2225,126,1
"13887",204.811111111111,1,349.55,18.3973684210526,147,1
"13888",120.109027777778,2,595.67,15.2735897435897,254,0.607202091473871
"13889",93.1506944444444,1,416.9,27.7933333333333,146,1
"13890",1.88472222222222,10,1883.81,17.1255454545455,831,0.839739913887782
"13892",27.0416666666667,4,632.97,23.4433333333333,983,0.54547865120302
"13893",298.055555555556,1,821.1,39.1,190,1
"13894",24.1291666666667,3,564.62,20.9118518518519,354,0.313733084799923
"13895",28.8284722222222,4,2593.07,21.9751694915254,1365,0.88055442315532
"13897",50.9305555555556,1,311.16,18.3035294117647,200,1
"13898",326.098611111111,1,155.93,12.9941666666667,133,1
"13899",16.9652777777778,2,388.52,20.4484210526316,156,0.232401753772494
"13900",183.725,3,740.95,17.2313953488372,430,1.13372932212434
"13901",72.9180555555556,5,2867.2,19.2429530201342,1739,0.609159388246044
"13904",37.9645833333333,2,332.64,12.7938461538462,332,0.23337285906062
"13908",80.0423611111111,4,2369.55,19.4225409836066,1478,0.609169266564433
"13911",57.8798611111111,9,2580.91,17.4385810810811,2731,1.0755275977394
"13914",12.09375,2,626.45,18.9833333333333,380,2
"13917",50.1208333333333,2,272.04,15.1133333333333,228,0.422886789682345
"13918",50.0173611111111,2,1212.84,40.428,1140,0.294458455456342
"13919",59.9347222222222,2,384.81,13.7432142857143,474,0.965050430586737
"13922",352.091666666667,1,172.25,24.6071428571429,93,1
"13923",54.0118055555556,1,351.13,17.5565,185,1
"13924",2.13263888888889,6,1838.85,15.7166666666667,1575,2.54337075123636
"13925",93.0020833333333,4,678.25,16.5426829268293,331,2.85534882183813
"13926",23.9819444444444,1,223.85,20.35,104,1
"13927",75.0347222222222,1,348.99,16.6185714285714,214,1
"13928",11.0951388888889,4,464.57,17.2062962962963,129,0.977408735590575
"13929",169.891666666667,2,842.65,93.6277777777778,143,0.38214025077954
"13930",58.1284722222222,2,337.34,19.8435294117647,274,0.759994722258873
"13931",96.1097222222222,2,1237.53,21.336724137931,725,0.32421600891594
"13932",295.033333333333,1,307.4,19.2125,72,1
"13933",109.949305555556,2,608.79,26.4691304347826,205,1.53769488146935
"13934",264.174305555556,1,922.1,29.7451612903226,390,1
"13936",180.16875,1,376.58,14.4838461538462,330,1
"13937",169.84375,1,158.85,17.65,123,1
"13938",35.9256944444444,1,71.66,10.2371428571429,70,1
"13939",23.9701388888889,3,568.55,12.6344444444444,847,0.312407344465256
"13940",17.8993055555556,4,839.14,17.125306122449,516,0.94514029426243
"13941",22.1298611111111,5,5112.96,113.621333333333,2364,0.427379176345354
"13946",79.9701388888889,3,561.57,51.0518181818182,443,0.478350576346007
"13947",65.9222222222222,1,90.6,18.12,44,1
"13948",361.105555555556,1,102,34,40,1
"13949",3.13541666666667,6,2427.32,15.17075,2474,1.9585915067251
"13950",11.9208333333333,4,745.06,21.2874285714286,323,0.510344216541886
"13951",176.838194444444,3,674.45,17.2935897435897,459,0.762343972423854
"13952",218.159722222222,2,3251.071,23.7304452554745,1431,2
"13953",7.86527777777778,7,3515.68,175.784,2724,0.608285475776198
"13954",2,2,439.92,17.5968,150,0.868533746154929
"13955",154.813194444444,2,322.96,9.78666666666667,154,0.396812639217397
"13956",5.97916666666667,5,1019.27,6.93380952380952,486,0.563867083997922
"13959",79.9055555555556,3,594.04,6.60044444444444,355,0.317966584067323
"13960",21.8909722222222,2,230.22,19.185,142,1.19720651812438
"13962",22.16875,2,169.55,15.4136363636364,87,0.26798508712617
"13963",308.921527777778,4,664.54,18.9868571428571,460,2.02621889730541
"13967",146.033333333333,1,80.7,40.35,42,1
"13969",7.90208333333333,18,9024.17,14.5786268174475,4528,1.50914394508393
"13971",19.0305555555556,8,2758.26,18.5118120805369,1844,0.898925503109564
"13972",71.0388888888889,2,190.25,12.6833333333333,187,0.457966712604686
"13973",287.895138888889,1,264.7,24.0636363636364,109,1
"13974",49.9229166666667,1,413.59,14.7710714285714,249,1
"13975",31.9798611111111,6,2461.24,7.4809726443769,1697,0.734568950858697
"13976",207.150694444444,1,357.98,35.798,154,1
"13978",15.0513888888889,2,196.79,13.1193333333333,315,1.94454447245229
"13979",73.9708333333333,1,869.87,16.1087037037037,639,1
"13980",60.9694444444444,1,200.14,18.1945454545455,172,1
"13982",39.8513888888889,4,1871.81,16.8631531531532,1136,0.367982929680762
"13983",30.0722222222222,12,2603.43,24.3311214953271,1183,1.06818762517824
"13984",27.0083333333333,5,920.51,57.531875,679,0.441356763383735
"13985",4.82222222222222,15,7060.13,20.2295988538682,3445,1.729854403921
"13986",17.9097222222222,1,320.46,24.6507692307692,430,1
"13988",20.1076388888889,6,4147.96,17.7263247863248,3044,0.76616800716509
"13989",66.1270833333333,2,1266.08,30.88,1313,0.345312699833738
"13990",213.896527777778,1,311.3,19.45625,190,1
"13991",12.8555555555556,6,852.88,10.4009756097561,995,1.37259055284897
"13992",30.89375,1,76.8,15.36,64,1
"13993",43.1555555555556,9,3466.36,28.6476033057851,900,0.937719325748933
"13994",4.07291666666667,6,2274.14,15.3658108108108,932,1.24401867947801
"13995",15.9361111111111,5,1393.69,16.2056976744186,879,0.65146186836851
"13999",10.9652777777778,12,3901.81,18.7587019230769,2243,1.02536309998279
"14000",211.833333333333,1,635.66,42.3773333333333,710,1
"14001",46.0965277777778,3,2043.08,52.3866666666667,962,0.274475668875603
"14002",134.871527777778,2,529.73,11.2708510638298,877,2
"14004",43.9236111111111,7,4582.64,26.7990643274854,2668,0.856385509413444
"14005",10.00625,5,2874.72,34.2228571428571,2478,0.727841276687513
"14006",116.132638888889,3,962.19,32.073,641,0.457388088146025
"14009",198.877083333333,2,695.61,16.5621428571429,365,2
"14012",278.016666666667,1,328.8,29.8909090909091,160,1
"14013",110.909027777778,3,473.02,13.9123529411765,462,0.544624772022424
"14014",77.9805555555556,1,505.18,12.9533333333333,1076,1
"14015",53.1166666666667,1,917.34,45.867,378,1
"14016",162.05625,4,4341.21,26.9640372670807,2125,0.612618233901045
"14019",47.1090277777778,3,1421.61,21.5395454545455,1037,0.98067406207909
"14020",17.1444444444444,2,642.8,16.4820512820513,441,0.836317878230568
"14021",155.877777777778,3,631.9,28.7227272727273,192,0.89086859688196
"14022",225.924305555556,1,440,15.7142857142857,487,1
"14023",7.95277777777778,2,584.07,18.8409677419355,345,0.246992635960298
"14024",122.055555555556,2,327.7,20.48125,150,2
"14027",61.1590277777778,1,104.82,17.47,62,1
"14029",63.9194444444444,2,467.66,31.1773333333333,198,0.741573612338961
"14030",18.8347222222222,8,2358.84,9.74727272727273,1478,0.689604255752189
"14031",7.81736111111111,19,17286.86,69.14744,5788,1.5615279688151
"14032",2.89375,11,2975.59,20.8083216783217,2032,0.906126651793376
"14034",22.95,3,648.89,7.54523255813953,420,0.666474678076274
"14035",29.1159722222222,5,1428.02,21.6366666666667,739,0.557858443419982
"14036",285.141666666667,1,626.65,16.4907894736842,268,1
"14037",176.953472222222,2,147.2,5.25714285714286,46,0.318986332321733
"14038",78.9673611111111,3,1560.38,16.960652173913,965,0.697779596407727
"14039",33.9597222222222,1,152.2,25.3666666666667,92,1
"14040",41.0055555555556,12,3560.32,15.5472489082969,1544,1.23751208507896
"14041",266.975694444444,1,141.41,6.73380952380952,94,1
"14044",27.03125,4,646.42,3.13796116504854,304,0.42400121704053
"14045",109.890972222222,4,1659.75,276.625,535,0.45426464596012
"14046",284.918055555556,1,154.99,11.0707142857143,460,1
"14047",9.04652777777778,5,1308.61,40.8940625,381,0.412014023736586
"14048",305.914583333333,1,409.93,4.82270588235294,288,1
"14049",17.0208333333333,4,5578.72,11.6709623430962,3808,0.398622353763498
"14050",32.1180555555556,2,746.36,13.8214814814815,689,0.801677584575129
"14051",1.10416666666667,23,15610.39,74.3351904761905,3756,1.88577903209582
"14052",20.0138888888889,1,225.36,4.02428571428571,89,1
"14053",124.932638888889,2,260.25,65.0625,215,1.7100106875668
"14054",65.8756944444444,1,92.46,15.41,62,1
"14055",106.906944444444,1,725.64,72.564,216,1
"14056",1.96805555555556,23,8152.71,7.49329963235294,4252,2.43877894147765
"14057",24.0958333333333,17,6211.66,21.9493286219081,4873,1.51366191174015
"14059",267.113888888889,1,183.6,22.95,128,1
"14060",5.01458333333333,19,6140.42,30.3981188118812,5386,1.54886043272987
"14062",10.1152777777778,12,10464.85,94.2779279279279,5593,1.01478326234027
"14064",29.9833333333333,5,1334.34,17.3290909090909,1772,0.612218868245398
"14066",267.020138888889,1,152.55,21.7928571428571,45,1
"14067",64.1034722222222,2,374.7,7.20576923076923,361,1.82197760485861
"14068",320.866666666667,1,265.85,11.0770833333333,73,1
"14071",4.01597222222222,8,1437.57,4.45068111455108,994,0.919408131015659
"14073",32.8756944444444,1,151.04,11.6184615384615,130,1
"14075",5.175,3,942.26,21.913023255814,754,0.350646504492658
"14076",129.896527777778,1,118.67,2.69704545454545,79,1
"14077",41.0104166666667,5,499.42,11.8909523809524,268,0.64140062892895
"14078",102.023611111111,6,1049.37,16.1441538461538,310,0.661828915182743
"14079",125.027777777778,1,375.1,31.2583333333333,301,1
"14080",33.0701388888889,1,45.6,11.4,48,1
"14081",302.85625,2,921.62,6.14413333333333,592,0.895244016164128
"14082",365.075,1,182.25,6.28448275862069,110,1
"14083",4.98333333333333,9,1002.9,5.66610169491525,705,0.735625224679772
"14085",2.96111111111111,18,4421.29,9.86895089285714,3177,1.47522229831894
"14087",3.00625,1,191.47,2.81573529411765,250,1
"14088",10.8569444444444,13,50491.81,85.7246349745331,12665,1.24947437976813
"14089",57.0916666666667,1,158.75,12.2115384615385,133,1
"14090",325.082638888889,1,76.32,76.32,72,1
"14092",8.02569444444444,14,4076.91,19.0509813084112,2066,1.1970880358493
"14093",12.8493055555556,1,433.86,4.3386,391,1
"14096",4.81458333333333,17,65164.79,12.7499099980434,16352,5.24316760430648
"14098",37.1090277777778,1,147.35,7.01666666666667,104,1
"14099",16.95625,11,3104.17,12.41668,2179,0.976012520564658
"14100",138.075694444444,1,191.95,7.678,63,1
"14101",74.0152777777778,6,5976.79,170.765428571429,6942,0.711542526470096
"14102",5.88333333333333,5,1105.88,19.0668965517241,769,3.83441028190016
"14104",155,2,216.21,10.2957142857143,72,2
"14105",239.786111111111,1,1266.23,17.1112162162162,800,1
"14107",52.0263888888889,7,2703.23,21.9774796747967,1793,0.671041156747137
"14108",31.0895833333333,2,597.91,17.5855882352941,381,0.845492176261633
"14109",73.1055555555556,1,144.2,16.0222222222222,88,1
"14110",4.01666666666667,12,5683.15,36.6654838709677,2445,1.36829019154479
"14111",14.9625,4,692.85,69.285,458,0.528427439084059
"14112",23.0138888888889,7,2915.15,18.2196875,1651,0.829898293549078
"14113",4.02222222222222,4,1840.42,54.13,745,0.341877636296009
"14114",274.130555555556,2,386.53,25.7686666666667,101,1.05369708647877
"14116",20.0979166666667,5,1382.74,19.2047222222222,707,1.47194112235511
"14117",144.125694444444,1,90,30,72,1
"14121",4.02152777777778,4,2780.15,17.4852201257862,2082,2.14020312112955
"14124",84.9708333333333,1,419.58,83.916,1618,1
"14125",11.0020833333333,3,2720.63,16.3893373493976,1628,1.32587189376656
"14126",8.04513888888889,3,706.13,47.0753333333333,508,3
"14127",123.084027777778,3,709.71,16.1297727272727,321,0.478894994143144
"14128",61.0347222222222,2,637.5,13.8586956521739,564,0.307614527665726
"14129",2.075,5,1123.86,21.6126923076923,592,0.57893636524452
"14130",319.864583333333,1,480.91,7.28651515151515,257,1
"14132",2.96875,11,3586.03,17.93015,3368,1.82256808741577
"14133",130.052777777778,3,605.64,21.63,348,0.483858322101797
"14135",2.05,15,4690.31,35.0023134328358,3850,1.2127768284763
"14138",2.00416666666667,2,965.88,20.9973913043478,600,0.965729997988062
"14139",46.9694444444444,1,415.82,15.9930769230769,510,1
"14140",4.15625,2,935.05,14.1674242424242,811,2
"14141",3.12291666666667,4,915.13,22.87825,355,1.16730728959083
"14142",373.845138888889,1,311.81,14.1731818181818,313,1
"14143",134.126388888889,1,115.8,16.5428571428571,30,1
"14145",47.0277777777778,4,3742.2,340.2,756,0.701899759940534
"14146",9.10555555555556,5,4191,19.9571428571429,2437,0.430085260420607
"14147",78.7777777777778,2,483.4,96.68,108,0.289478269027165
"14148",234.033333333333,1,157.2,52.4,16,1
"14149",221.129166666667,1,446.62,15.9507142857143,218,1
"14150",36.1145833333333,2,658.64,25.3323076923077,496,0.185184788269915
"14152",75.9972222222222,2,621.29,12.679387755102,711,0.377642184030631
"14154",239.85,2,1345.62,25.8773076923077,465,2
"14155",266.942361111111,1,118.75,19.7916666666667,25,1
"14156",10.0805555555556,55,117210.08,84.0215627240143,57768,4.55848326829437
"14157",20.0541666666667,2,424.89,9.23673913043478,271,0.225618099585322
"14158",40.9041666666667,1,507.66,12.3819512195122,781,1
"14159",20.0097222222222,11,4630.35,3.94072340425532,4348,0.961945267095682
"14161",216.047916666667,3,1097.62,10.5540384615385,450,0.584671325390345
"14162",174.051388888889,2,289.36,11.5744,142,0.504366506327932
"14163",87.8972222222222,4,2445.91,47.0367307692308,893,0.789960913392306
"14164",71.0180555555555,2,1631.77,56.2679310344828,1033,2
"14165",276.007638888889,1,120.44,5.01833333333333,53,1
"14167",39.93125,4,562.59,11.2518,147,0.411032218931744
"14171",98.8381944444444,1,363.79,6.27224137931035,167,1
"14173",11.0388888888889,4,450.84,15.5462068965517,150,0.574408887381952
"14174",33.98125,1,134.46,5.17153846153846,94,1
"14175",60.0381944444444,3,3222.3,21.6261744966443,1515,0.333356483089103
"14176",297.984722222222,4,576.9,18.6096774193548,209,1.7128073983764
"14177",86.9020833333333,4,549.46,13.4014634146341,204,1.28800471075797
"14178",9.03402777777778,7,1600.26,5.0322641509434,1494,1.20713743962317
"14179",41.0298611111111,2,701.57,4.46859872611465,319,2
"14180",11.0791666666667,25,4748.52,19.7855,719,2.07234797025029
"14184",67.0048611111111,1,452.89,18.8704166666667,127,1
"14185",331.956944444444,1,197.65,65.8833333333333,6,1
"14188",31.0034722222222,6,2054.36,31.6055384615385,1162,0.64295441522651
"14189",2.87152777777778,15,4654.08,17.5625660377358,3937,1.22891826745282
"14191",2.14375,13,4684.76,18.0878764478764,3662,1.78120034380719
"14193",68.1361111111111,2,853.39,20.3188095238095,445,0.297156378544209
"14194",5.09166666666667,21,11349.52,19.6019343696028,5840,2.07356682293083
"14195",202.097916666667,2,1012,144.571428571429,760,1.18260583911633
"14196",107.100694444444,1,335.52,55.92,142,1
"14198",18.84375,4,701.4,17.9846153846154,290,0.542814152119897
"14199",218.9625,1,185.4,92.7,28,1
"14201",60.9743055555556,7,747.44,20.2010810810811,590,0.702337874684714
"14204",2.96666666666667,1,150.61,3.86179487179487,72,1
"14205",17.0798611111111,2,466.7,19.4458333333333,204,0.242106325027741
"14206",239.841666666667,1,328.16,16.408,276,1
"14208",95.0013888888889,1,151.74,15.174,114,1
"14209",11.1055555555556,6,2073.43,23.8325287356322,691,0.559196758729898
"14210",106.009722222222,6,1905.84,18.6847058823529,760,0.676704095991729
"14211",53.9770833333333,9,2241.1,20.0098214285714,1242,1.11617331691226
"14212",90.0034722222222,1,1070.48,118.942222222222,1152,1
"14214",31.0965277777778,5,1004.38,14.9907462686567,751,0.60748386370987
"14215",12.0215277777778,6,1789.72,16.5714814814815,1358,0.504393006217344
"14216",3.9125,4,1839.3,31.1745762711864,594,3.51183822782238
"14217",2.03958333333333,17,2004.98,20.0498,689,1.39751286857404
"14218",43.1180555555556,1,169.48,14.1233333333333,160,1
"14219",4.85208333333333,1,89.94,12.8485714285714,78,1
"14220",247.977083333333,2,632.4,30.1142857142857,272,0.541540004387477
"14221",42.9638888888889,9,3432.8,17.7865284974093,2191,0.909326915655719
"14222",177.838888888889,1,683.17,16.6626829268293,607,1
"14223",92.9666666666667,3,991.13,16.5188333333333,585,0.523560209424084
"14224",110.976388888889,4,1009.73,8.93566371681416,483,0.571492826574416
"14226",29.0527777777778,5,2214.79,33.5574242424242,1296,0.622840962173946
"14227",26.8763888888889,10,3350.96,19.1483428571429,1820,1.16216194403867
"14229",52.1152777777778,3,1547.2,38.68,610,0.319242488810501
"14231",184.072916666667,3,925.71,18.5142,409,0.85742639761826
"14232",43.0701388888889,5,2048.07,17.8093043478261,1941,0.675876527371435
"14233",49.8722222222222,4,1462.72,41.792,680,0.447539697133726
"14234",22.7895833333333,4,754.12,5.13006802721088,951,3.41265922780685
"14235",75.9256944444444,5,3144.86,39.8083544303797,1959,0.810585648130774
"14236",81.1506944444444,2,490.86,32.724,310,0.205761316872428
"14237",373.979166666667,1,161,17.8888888888889,38,1
"14238",326.923611111111,1,146.85,18.35625,111,1
"14239",43.9236111111111,11,2380.85,21.2575892857143,993,1.20880658331531
"14240",30.9618055555556,2,890.34,21.1985714285714,418,0.307555397348047
"14241",184.044444444444,1,213.7,21.37,146,1
"14242",235.044444444444,2,280.55,17.534375,123,0.658471340492177
"14243",9.06805555555556,10,2588.77,18.3600709219858,1221,0.840077940564486
"14245",220.173611111111,2,1693.45,15.6800925925926,976,1.36624551305365
"14246",111.041666666667,3,1474.06,19.6541333333333,804,0.665964389404178
"14247",278.895138888889,1,136.77,6.8385,47,1
"14248",318.920138888889,1,302.58,37.8225,102,1
"14250",7.93055555555556,3,1904.05,17.1536036036036,1200,1.09713356923963
"14251",2.17916666666667,5,2879.7,36.9192307692308,1674,2.6870350558555
"14256",260.98125,2,969.06,18.2841509433962,414,0.576565033733058
"14257",64.8305555555555,5,3099.72,29.242641509434,1682,0.589962444520314
"14258",9.89097222222222,9,12669.98,114.143963963964,7100,0.822841469686292
"14259",142.0875,1,120,24,68,1
"14261",51.1152777777778,2,1163.45,22.3740384615385,406,2
"14262",8.93958333333333,8,2618.23,18.3093006993007,1645,1.03412987665847
"14264",155.104166666667,2,333.97,19.6452941176471,70,0.659945004582951
"14265",109.970833333333,2,530.18,17.1025806451613,330,1.53131757116019
"14267",163.111805555556,3,1516.24,27.568,530,0.918946898199687
"14270",332.136805555556,1,492.65,16.9879310344828,197,1
"14271",226.002083333333,1,112.32,11.232,88,1
"14272",74.1125,2,437.96,13.2715151515152,599,0.331783219602859
"14273",51.9791666666667,4,559.97,19.3093103448276,264,0.628281388618217
"14276",99.1284722222222,3,1119.74,17.4959375,744,0.471192196242824
"14277",15.9090277777778,3,4188,18.8648648648649,1976,0.456690194199048
"14280",197.092361111111,1,134.04,16.755,52,1
"14282",3.82361111111111,15,3701.44,24.0353246753247,2656,1.23559662346528
"14284",31.19375,2,595.25,18.6015625,161,1.07533573126564
"14285",21.9166666666667,4,1910.01,70.7411111111111,541,0.773729033644676
"14286",24.0944444444444,3,4628.75,16.53125,4338,0.41077914915467
"14287",8.97569444444444,3,176.63,19.6255555555556,261,0.473504223540759
"14288",213.977777777778,1,426.6,26.6625,188,1
"14289",9.04583333333333,6,911.26,19.3885106382979,292,0.640646974351876
"14290",11.95,5,2314.65,22.9173267326733,915,0.428386134568778
"14291",2.1,11,3883.25,16.3850210970464,2749,1.20527765518711
"14292",8.04166666666667,9,4871.93,48.7193,1663,0.981312657116031
"14293",3.89791666666667,4,1046.56,17.1567213114754,709,0.328580202662488
"14295",40.875,1,166.2,33.24,84,1
"14297",18.1555555555556,4,1305.33,21.0537096774194,865,0.466881915080448
"14298",8.98472222222222,44,51527.3,31.4766646304215,58343,3.74990382585674
"14299",8.86458333333333,9,3965.62,27.7316083916084,2149,0.755809997764451
"14300",19.1618055555556,1,43.2,14.4,32,1
"14301",117.886805555556,1,640.14,49.2415384615385,606,1
"14304",223.041666666667,1,383.45,22.5558823529412,139,1
"14305",71.8895833333333,3,1858.96,17.704380952381,1089,1.40510652138559
"14306",51.9770833333333,2,2093.32,63.4339393939394,1075,1.75852804689408
"14307",89.1333333333333,6,2995.72,16.6428888888889,2058,0.631768293128789
"14309",8.97013888888889,9,2352.53,20.107094017094,1633,0.771385716666534
"14311",243.108333333333,1,310.26,15.513,146,1
"14312",47.1277777777778,6,1611.59,18.5240229885057,1012,0.619161027253118
"14314",107.090972222222,1,120,15,296,1
"14315",45.0305555555556,6,2481.13,24.5656435643564,1021,0.810945258066434
"14317",65.0875,1,508.58,21.1908333333333,255,1
"14320",207.143055555556,2,477.79,15.4125806451613,325,0.476158984194167
"14321",11.1270833333333,5,1530.75,12.4451219512195,2406,0.464504141828598
"14323",115.050694444444,2,605.06,16.8072222222222,350,0.483889937441544
"14326",242.906944444444,1,183.85,22.98125,103,1
"14327",163.952777777778,1,311.65,25.9708333333333,139,1
"14329",17.875,7,4975.24,19.2838759689922,3087,0.672885217886642
"14331",124.98125,2,462.66,16.5235714285714,252,2
"14332",23.0388888888889,3,840.21,33.6084,463,0.719676145734419
"14333",68.0916666666667,1,415.2,27.68,58,1
"14334",17.1173611111111,8,2552.21,15.7543827160494,1731,0.702404760743378
"14335",16.9645833333333,2,454.86,7.581,375,0.74977871114428
"14336",17.0486111111111,4,1614.91,17.9434444444444,1759,0.461918458560996
"14338",161.945833333333,2,588.22,18.9748387096774,335,1.7129941710615
"14339",243.072222222222,1,309.52,22.1085714285714,168,1
"14340",219.129166666667,1,134.7,22.45,58,1
"14341",45.8763888888889,8,2166.98,16.92953125,1397,0.87886825368166
"14342",21.9784722222222,4,668.56,31.8361904761905,347,0.634988296077992
"14344",127.957638888889,8,889.93,12.5342253521127,477,0.995526468156692
"14345",39.1243055555556,1,108.98,18.1633333333333,50,1
"14346",121.127083333333,2,1021.58,17.0263333333333,605,0.339309207296719
"14348",260.852083333333,1,409.57,22.7538888888889,183,1
"14349",10.8826388888889,1,133.5,4.30645161290323,86,1
"14350",274.941666666667,1,282.93,15.7183333333333,183,1
"14351",165.0375,1,51,51,12,1
"14352",157.88125,4,1078.96,22.9565957446809,538,1.03421652711527
"14353",215.863888888889,1,90.6,15.1,64,1
"14354",6.05416666666667,2,163.62,18.18,210,2
"14355",366.023611111111,1,174.4,15.8545454545455,92,1
"14356",80.1472222222222,2,701.23,21.2493939393939,277,2
"14357",43.8520833333333,1,225.12,5.628,147,1
"14359",19.98125,3,912.18,16.5850909090909,371,1.32010511948174
"14360",32.1513888888889,4,2118.03,18.1028205128205,1139,1.90825363871281
"14362",22.9041666666667,1,151.5,4.09459459459459,96,1
"14364",109.075694444444,8,3717.35,53.8746376811594,1967,2.33190513140582
"14367",8.97986111111111,16,9227.82,17.7117466410749,4426,1.79129078153872
"14368",320.123611111111,1,155,19.375,36,1
"14371",295.84375,1,100.5,25.125,34,1
"14373",358.881944444444,1,76.55,19.1375,17,1
"14375",185.9625,1,235.56,3.56909090909091,184,1
"14377",191.970833333333,2,617.05,56.0954545454545,219,0.845120018780445
"14379",44.8381944444444,2,348.1,7.56739130434783,292,0.238977706477845
"14381",52.8194444444444,1,202.68,3.61928571428571,146,1
"14382",26.8555555555556,1,615.49,4.88484126984127,1231,1
"14383",38.8729166666667,3,1247.69,21.1472881355932,817,0.718662489256107
"14385",9.88472222222222,3,202.11,14.4364285714286,159,3
"14386",297.128472222222,1,142.4,20.3428571428571,54,1
"14387",33.0145833333333,3,1727.6,12.4287769784173,795,1.16992850436918
"14388",10.9708333333333,8,3212.84,17.2733333333333,1941,0.662792704677521
"14389",65.8979166666667,2,1043.46,23.188,729,0.479485884579312
"14390",10.9590277777778,9,4642.57,16.3470774647887,2133,0.745696136496149
"14393",218.773611111111,1,67.95,13.59,13,1
"14395",2.92777777777778,9,3479.91,9.99974137931035,1689,0.730032539773442
"14396",65.8618055555555,2,487.99,6.68479452054795,225,0.196056184619574
"14397",3.14444444444444,19,2612.96,30.0340229885057,1890,2.70304982266175
"14400",149.875,1,574.7,22.988,454,1
"14401",4.97222222222222,13,4051.48,22.2608791208791,4507,1.09802664122331
"14403",130.995138888889,4,1475.81,73.7905,519,1.02616482772545
"14404",34.0138888888889,6,1449.32,14.4932,827,0.535946901556975
"14406",119.830555555556,1,156.75,19.59375,77,1
"14407",107.95,6,2157.73,29.5579452054795,1415,1.06455070785229
"14408",11.0479166666667,7,2599.03,24.5191509433962,1610,0.827178729689808
"14409",71.7722222222222,6,2059.45,38.137962962963,1230,0.60578439964943
"14410",92.9041666666667,9,1100.27,5.82153439153439,567,1.26623503510806
"14411",311.079166666667,1,1063,75.9285714285714,196,1
"14412",43.0868055555556,2,770.03,17.9076744186046,786,1.99459796384791
"14413",362.967361111111,1,121.05,5.50227272727273,67,1
"14414",92.0284722222222,7,1496.98,15.4327835051546,2512,0.786398223322533
"14415",1.925,13,5855.57,10.1132469775475,2996,1.08621019792003
"14416",22.8944444444444,2,490.22,35.0157142857143,326,2
"14418",4.04930555555556,3,1937.25,15.6229838709677,1711,0.859068944259948
"14419",11.0611111111111,6,1051.79,5.20688118811881,483,0.508448643156148
"14420",99.7798611111111,1,387.52,13.3627586206897,334,1
"14421",57.9763888888889,2,813.11,30.1151851851852,365,0.38933826014465
"14422",1.05833333333333,6,4263.64,19.2055855855856,2906,0.674789128397376
"14423",218.901388888889,1,265.2,88.4,120,1
"14424",18.0430555555556,1,322.08,322.08,48,1
"14426",24.0173611111111,10,4481.67,20.0074553571429,2699,1.03767829090542
"14427",50.9354166666667,2,363.34,21.3729411764706,228,2
"14428",7.98125,5,1224.06,8.93474452554745,428,0.471906282907817
"14431",303.090277777778,1,470.36,27.6682352941176,130,1
"14432",10.1986111111111,6,2248.5,5.96419098143236,2013,2.25715156528933
"14434",22.1625,6,1372.8,114.4,368,3.54849750154015
"14436",99.1090277777778,1,89.06,9.89555555555556,129,1
"14437",366.140972222222,1,63,12.6,60,1
"14438",306.9125,1,131.9,14.6555555555556,82,1
"14439",320.049305555556,1,2661.24,83.16375,526,1
"14440",8.88055555555556,5,2357.68,42.8669090909091,588,0.420026718366252
"14441",1.15486111111111,4,1712.89,33.5860784313725,446,0.470811332167203
"14442",205.051388888889,2,1589.82,25.2352380952381,482,0.535306035203807
"14443",54.1111111111111,4,1420.2,15.2709677419355,938,0.380996897785676
"14446",1.05277777777778,4,1010.35,3.64747292418773,916,0.487854456753735
"14447",19.1819444444444,5,1163.23,16.6175714285714,571,0.572733130225195
"14448",9.95833333333333,2,375.35,18.7675,104,0.169085529096801
"14449",19.0305555555556,4,885.8,3.5432,741,0.339064863814833
"14450",181.086111111111,3,483.25,12.08125,241,0.643070861843966
"14451",60.9666666666667,2,643.9,6.13238095238095,378,0.447615051056092
"14452",11.0305555555556,2,259.05,4.3175,116,0.722685982903123
"14453",190.940972222222,1,119.93,5.45136363636364,49,1
"14456",5.95208333333333,9,3017.28,3.18614572333685,2885,1.97027359843513
"14457",311.132638888889,1,113.64,28.41,88,1
"14459",155.96875,1,1837.92,49.6735135135135,760,1
"14460",110.938194444444,3,434.34,27.14625,881,0.449775112443778
"14461",148.81875,3,2103.06,11.6836666666667,766,0.795013986357167
"14462",66.8715277777778,11,1980.57,8.50030042918455,956,1.20820726653276
"14463",98.8958333333333,3,529.62,88.27,179,0.840914104776859
"14465",247.008333333333,3,1038.44,8.44260162601626,398,1.60664476538771
"14466",29.9465277777778,7,2272.4,31.5611111111111,1006,0.612206473921502
"14467",18.0013888888889,4,596.26,6.69955056179775,276,0.406767212867779
"14470",12.0965277777778,2,461.19,10.7253488372093,193,0.217437807502108
"14472",104.075694444444,8,1852.67,6.99120754716981,1135,0.952858852268278
"14473",74.9027777777778,2,234.34,33.4771428571429,88,0.288390288190017
"14474",46.975,1,547.66,18.8848275862069,140,1
"14475",72.0861111111111,3,925.85,22.0440476190476,447,0.386226956019001
"14476",257.882638888889,1,193,11.3529411764706,110,1
"14477",20.06875,4,1309.6,130.96,720,0.431949245963599
"14479",254.154861111111,2,316.25,17.5694444444444,117,0.536486016591327
"14480",11.84375,1,279.05,21.4653846153846,143,1
"14481",165.091666666667,2,636.51,21.217,489,0.488342518016109
"14482",18.9833333333333,6,2022.81,14.7650364963504,1627,0.815009763137788
"14483",282.1,1,137.1,15.2333333333333,97,1
"14484",50.94375,1,321.92,22.9942857142857,210,1
"14485",39.0173611111111,1,162.8,3.53913043478261,70,1
"14487",27.0229166666667,6,1165.48,8.32485714285714,712,0.526385264461887
"14488",68.1388888888889,1,1064.28,23.1365217391304,799,1
"14489",207.915972222222,1,463.38,15.446,299,1
"14491",175.894444444444,2,340.93,20.0547058823529,139,0.304362529590802
"14493",7.85833333333333,5,2383.24,19.8603333333333,1285,1.01372756071806
"14494",26.1451388888889,1,139.56,19.9371428571429,92,1
"14495",51.0152777777778,2,123.8,20.6333333333333,62,0.845939198120135
"14496",312.159027777778,2,538.81,28.3584210526316,159,0.972031591026708
"14497",309.825694444444,1,475.37,16.3920689655172,235,1
"14498",43.0284722222222,5,1957.32,10.1415544041451,1098,0.470178493687418
"14499",26.9923611111111,3,808.44,4.25494736842105,496,0.357077912416723
"14500",88.8368055555556,3,356.85,50.9785714285714,117,0.888663370749535
"14501",184.033333333333,2,251.21,25.121,161,0.440998575942099
"14502",20.0416666666667,11,2429.83,3.99643092105263,1480,1.12309095807789
"14503",3.97222222222222,6,3543.26,21.605243902439,2004,1.02771499940526
"14504",47.8680555555556,4,673.26,6.29214953271028,308,0.519352492471192
"14505",17.8784722222222,8,5859.43,7.46424203821656,2739,0.695692783999066
"14506",17.9916666666667,5,1960.65,6.64627118644068,704,0.42620615354866
"14507",24.0201388888889,6,1367.88,14.3987368421053,594,0.712052700690625
"14508",22.7097222222222,2,268.05,4.87363636363636,129,0.890914527887481
"14511",11.8229166666667,5,1314.81,19.3354411764706,784,1.22746800627373
"14512",188.007638888889,2,275.28,11.9686956521739,122,1.34132331480734
"14513",101.059027777778,3,455.59,37.9658333333333,361,0.478530733414812
"14514",61.8645833333333,3,990.2,14.3507246376812,564,0.33329647184082
"14515",18.0506944444444,6,2076.89,21.1927551020408,1110,0.895633785296679
"14517",33.9375,2,330.45,18.3583333333333,91,0.554991713665386
"14518",64.9215277777778,1,174.37,10.898125,278,1
"14520",2.12777777777778,2,270.6,67.65,146,0.207596992726897
"14522",24.9763888888889,4,974.54,57.3258823529412,525,0.690087578822937
"14523",108.984027777778,1,241.09,20.0908333333333,251,1
"14524",32.0145833333333,9,1843.83,9.35954314720812,669,0.820516283702791
"14525",20.0506944444444,9,4215.9,14.95,2637,0.790056023262761
"14527",3.02152777777778,55,8507.13,8.76120494335736,2088,4.49640628134332
"14528",37.8201388888889,1,364.22,20.2344444444444,278,1
"14529",60.8909722222222,3,578.61,2.71647887323944,325,1.79807705648126
"14530",26.0916666666667,6,2862.11,13.4371361502347,1395,0.66422196083858
"14532",236.989583333333,4,932.85,14.57578125,284,1.03474912722983
"14533",25.03125,7,1949.72,31.4470967741936,4019,0.640165291355652
"14534",3.02152777777778,18,4397.3,8.65610236220472,2027,1.70891333682031
"14535",60.8826388888889,3,2854.84,8.70378048780488,1824,0.478424742237595
"14536",260.020138888889,1,170.95,9.49722222222222,39,1
"14537",58.0805555555556,1,355.56,35.556,120,1
"14538",65.0965277777778,2,388.25,20.4342105263158,155,0.312800944195443
"14539",16.125,2,537.48,16.79625,428,2
"14540",10.1076388888889,3,952.66,13.4177464788732,411,0.300199438052595
"14541",59.1125,8,1453.35,13.8414285714286,641,0.920147393980702
"14542",186.188194444444,1,103.25,20.65,19,1
"14543",29.0034722222222,16,3599.73,50.7004225352113,675,1.42841200758844
"14544",24.9055555555556,2,2004.3,18.0567567567568,1536,0.177991660761079
"14546",5.99305555555556,5,2573.93,6.48345088161209,1313,0.617243379636112
"14547",4.07222222222222,8,3974.75,11.1964788732394,2639,4.71931285930822
"14548",151.021527777778,2,652.8,163.2,256,0.358951562311748
"14549",311.960416666667,1,289.24,5.165,136,1
"14550",11.0263888888889,2,757.37,16.1142553191489,389,1.76477797295641
"14551",18.9680555555556,2,186.23,18.623,106,0.32292425856366
"14552",152.000694444444,1,164.22,2.88105263157895,90,1
"14553",19.9791666666667,5,859.27,7.6041592920354,493,0.46889245864629
"14554",10.8375,4,2279.49,11.2290147783251,1443,2.84678747940692
"14555",57.8513888888889,2,312.54,16.4494736842105,122,0.244936143673192
"14557",85.8763888888889,1,788.38,49.27375,510,1
"14560",7.89444444444444,22,2237.77,30.2401351351351,1260,1.88436830835118
"14561",76.0076388888889,3,1080.76,15.6631884057971,1014,0.825935390949125
"14562",4.07291666666667,18,5006.77,11.9493317422434,1815,1.79493098194913
"14565",96.1548611111111,4,3099.12,24.4025196850394,1540,0.451431885511858
"14566",111.072916666667,1,1432,358,800,1
"14567",57.1034722222222,2,1530.36,46.3745454545455,412,0.812388931200812
"14569",1.91111111111111,1,227.39,18.9491666666667,79,1
"14570",281.077777777778,2,218.06,7.51931034482759,95,2
"14572",3.92361111111111,7,2804.54,10.7043511450382,1420,0.654436381815152
"14573",180.065972222222,9,1639.82,7.22387665198238,534,1.40160636779189
"14576",372.790972222222,1,35.4,35.4,12,1
"14577",13.0020833333333,4,859.71,6.98951219512195,353,0.342802049670589
"14578",3.81388888888889,1,168.63,7.02625,240,1
"14581",17.0076388888889,1,138.6,8.15294117647059,217,1
"14582",41.0375,1,114.11,19.0183333333333,73,1
"14583",6.0125,5,986.96,3.26807947019868,751,0.749833370362142
"14584",169.761805555556,4,1033.06,10.5414285714286,381,4
"14585",50.9284722222222,1,157.05,5.41551724137931,91,1
"14586",277.115277777778,1,237.36,12.4926315789474,444,1
"14587",19.0527777777778,9,1580.29,4.25954177897574,749,0.862815067307564
"14589",372.047222222222,1,39.75,13.25,5,1
"14591",15.9534722222222,4,1320.21,7.50119318181818,1228,0.606086114735469
"14592",35.84375,3,557.94,3.53126582278481,407,3
"14593",22.0013888888889,3,617.15,4.08708609271523,330,0.508287119471005
"14594",7.97361111111111,2,363.33,6.98711538461538,183,0.163942513861112
"14595",20.0263888888889,6,1740.6,17.0647058823529,978,0.612366399228872
"14597",11.9840277777778,2,866.24,18.4306382978723,566,0.333281900941213
"14598",44.9798611111111,1,221.97,4.4394,189,1
"14600",306.126388888889,1,393.33,15.7332,125,1
"14601",11.1263888888889,1,213.96,30.5657142857143,168,1
"14603",275.099305555556,1,660,330,400,1
"14606",1.72361111111111,93,12076.15,4.51107583115428,6187,7.49788646046981
"14607",16.09375,14,16209.5,200.117283950617,11526,1.70870143776151
"14608",4.83194444444444,4,1785.15,89.2575,437,0.33511557414723
"14609",72.9972222222222,4,601.56,150.39,7026,0.535641219575703
"14616",243.122222222222,3,406.08,135.36,104,1.20186957489428
"14618",9.96180555555556,3,553.44,34.59,264,0.274328677930512
"14619",246.217361111111,1,394.44,19.722,152,1
"14620",206.036111111111,2,412.78,15.8761538461538,214,0.767808900895777
"14621",1.85277777777778,5,1788.36,19.4386956521739,993,0.420003033355241
"14622",185.005555555556,1,320.58,15.2657142857143,146,1
"14623",32.9541666666667,5,886.7,6.66691729323308,418,0.738911200662283
"14624",57.9625,2,225.85,17.3730769230769,162,2
"14625",196.8875,2,899.63,16.9741509433962,335,0.36364248556373
"14626",24.0923611111111,4,2791.27,22.879262295082,1403,0.571732966294886
"14628",91.9111111111111,2,671.96,27.9983333333333,272,0.397323584189832
"14629",4.82986111111111,2,955.26,6.3684,378,1.39440302120655
"14631",51.0645833333333,3,1006.98,24.5604878048781,622,0.362795541198009
"14632",263.167361111111,1,114.56,14.32,96,1
"14633",266.821527777778,1,344.9,17.245,96,1
"14636",36.8597222222222,2,609.85,21.7803571428571,241,0.258326855229325
"14638",51.1111111111111,1,443.6,27.725,166,1
"14639",52.9055555555556,6,2984.49,17.3516860465116,1431,0.582424792601048
"14640",24.9881944444444,6,2107.38,20.0702857142857,880,0.886590321388992
"14641",22.0888888888889,1,110.46,15.78,90,1
"14642",59.0708333333333,1,96.12,48.06,76,1
"14643",170.922916666667,2,693.81,22.3809677419355,815,0.319375443577005
"14644",68.1805555555556,2,830.76,31.9523076923077,258,0.260009148470039
"14645",157.149305555556,2,597.09,19.903,381,0.504310571260134
"14646",2.02638888888889,73,280206.02,134.973998073218,196915,6.20246517308725
"14647",201.965277777778,1,236.04,8.43,91,1
"14649",5.01388888888889,4,1402.59,7.5408064516129,1004,0.577167802854442
"14651",67.8736111111111,2,653.75,6.47277227722772,343,0.416741027285926
"14652",77.9368055555556,1,114.18,3.93724137931034,53,1
"14653",1.96180555555556,7,1926.65,8.23354700854701,945,0.6231389801869
"14655",8.84861111111111,4,1932.23,39.4332653061225,1089,0.560585760213334
"14656",169.957638888889,2,291.05,3.638125,120,0.52621321379848
"14657",18.0020833333333,4,848.22,6.73190476190476,466,0.388482221542778
"14658",5.88541666666667,2,247.15,8.52241379310345,47,0.535737538211604
"14659",9.02291666666667,9,2529.93,9.9997233201581,1195,0.879530555090555
"14660",87.0527777777778,2,285.74,9.52466666666667,228,2
"14661",27.0409722222222,1,107.95,26.9875,35,1
"14662",29.0256944444444,4,741.37,4.72210191082803,578,0.416996467113265
"14664",20.0770833333333,2,636.24,6.49224489795918,465,2
"14665",61.15,5,1835.7,20.3966666666667,740,0.599990000166664
"14666",24.9951388888889,1,195.25,13.9464285714286,161,1
"14667",11.0555555555556,25,9175.04,16.1817283950617,5319,2.09539072246356
"14669",242.046527777778,3,1259.24,7.58578313253012,770,0.989365843976396
"14670",280.942361111111,2,392.86,3.1939837398374,326,2
"14672",235.104861111111,2,765.55,12.55,454,0.589555854275986
"14673",3.92986111111111,5,1736.4,23.4648648648649,1004,0.41200773658972
"14675",16.9944444444444,1,596.36,6.1480412371134,336,1
"14676",31.9729166666667,6,2548.24,60.672380952381,2500,0.714397929568963
"14680",25.8270833333333,16,28754.11,111.45003875969,13476,1.38646511571929
"14681",71.8736111111111,3,498.95,71.2785714285714,76,0.641879677277162
"14682",188.026388888889,2,52,26,80,2
"14684",26.0534722222222,5,1201.51,3.08079487179487,821,0.445168989033592
"14687",107.035416666667,1,628.38,41.892,470,1
"14688",8.01666666666667,21,5579.1,17.2194444444444,3584,1.72075969871531
"14689",209.061111111111,1,112.8,8.67692307692308,76,1
"14690",44.8826388888889,2,355.05,7.396875,167,0.55994452401475
"14691",31.0138888888889,5,2114.33,29.7792957746479,707,0.823688676187389
"14692",137.904166666667,4,591.55,8.69926470588235,265,0.648451484345976
"14693",265,1,172.9,21.6125,34,1
"14696",4.96319444444444,7,2078.95,15.9919230769231,1630,0.569227815362374
"14697",218.882638888889,2,188.61,8.57318181818182,181,2
"14698",2.01666666666667,5,1217.27,6.08635,602,3.00116712054688
"14699",214.913888888889,1,109.13,13.64125,77,1
"14700",32.9236111111111,3,2195.1,19.5991071428571,1314,0.436769523193271
"14701",11.0083333333333,9,2526.09,7.72504587155963,921,0.88235694606457
"14702",1.72291666666667,17,3251.79,9.50815789473684,1439,1.40108286306246
"14703",15.14375,1,318.17,14.4622727272727,183,1
"14704",11.9993055555556,9,1493.96,3.80142493638677,1043,1.59807967380761
"14705",199.007638888889,1,179,179,100,1
"14708",3.18680555555556,3,1126.37,40.2275,621,0.246014601422177
"14709",15.88125,13,4921.04,25.1073469387755,2484,1.1367546625968
"14710",14.9145833333333,4,599.48,4.40794117647059,375,2.66403552047361
"14711",10.9111111111111,11,2839.62,8.23078260869565,966,1.30921353515205
"14712",29.99375,3,917.07,36.6828,315,1.08464589993807
"14713",9.85,11,2662.2,7.87633136094675,1613,0.927241223209129
"14714",24.9881944444444,1,160.19,16.019,229,1
"14715",25.0277777777778,4,867.38,12.2166197183099,521,0.390947572754031
"14716",43.80625,2,307.51,6.02960784313725,495,0.570345970281278
"14719",2.00486111111111,5,1581.84,6.73123404255319,1025,0.604997955330984
"14720",6.03333333333333,3,663.81,17.9408108108108,219,0.743818728620951
"14722",147.911111111111,1,180.42,6.44357142857143,118,1
"14723",10.89375,6,1122.36,4.33343629343629,673,0.498552620190227
"14725",25.0055555555556,1,655.58,13.9485106382979,588,1
"14727",274.920138888889,1,268.58,26.858,62,1
"14729",374.004861111111,1,313.49,4.41535211267606,197,1
"14730",1.92430555555556,8,1897.57,4.10729437229437,1078,0.872484915806215
"14731",47.8722222222222,3,380.02,8.44488888888889,256,0.545069143030181
"14732",8.92777777777778,8,2702.49,18.3842857142857,1405,0.725084656151261
"14733",16.8826388888889,12,9585.91,47.455,3764,1.02513600256284
"14735",4.02847222222222,32,6065.69,31.2664432989691,2264,2.70547435827182
"14737",4.10694444444444,3,1164.55,68.5029411764706,345,0.257251576559141
"14738",43.1625,7,1314.45,24.3416666666667,601,0.767033780938805
"14739",4.83055555555556,7,3902.28,65.038,3820,0.578384043944946
"14740",197.772916666667,3,1448.21,16.2720224719101,735,1.04161643439263
"14741",12.1680555555556,6,1400.34,23.7345762711864,841,0.498610162644634
"14744",16.9993055555556,7,1099.98,42.3069230769231,627,0.599821481701874
"14745",113.114583333333,5,1220.26,17.6849275362319,1038,0.868167202572347
"14747",249.945138888889,1,328.2,18.2333333333333,84,1
"14748",29.7618055555556,5,1415.75,15.9073033707865,1223,0.442030557408719
"14752",44.0381944444444,1,389.64,77.928,260,1
"14753",87.9166666666667,1,563.15,18.7716666666667,211,1
"14754",45.0340277777778,2,638.05,15.5621951219512,486,0.239057052736429
"14755",10.0597222222222,11,5010.28,21.3203404255319,2219,1.01572753194455
"14756",15.7756944444444,1,738.96,19.4463157894737,416,1
"14757",75.9263888888889,1,420.5,22.1315789473684,160,1
"14758",145.186805555556,4,1484.06,20.9022535211268,419,1.04492323321501
"14759",5.03263888888889,3,1625.97,15.9408823529412,569,0.394655103109736
"14760",297.849305555556,1,89.2,17.84,40,1
"14761",59.0277777777778,2,255.9,23.2636363636364,118,0.217387475562779
"14762",264.1875,1,300.52,14.3104761904762,341,1
"14764",47.0388888888889,1,278.3,46.3833333333333,190,1
"14765",29.70625,3,254.11,6.51564102564103,135,0.612233328924246
"14766",8.86458333333333,6,2473.37,18.3212592592593,1349,0.5027620880144
"14768",17.9972222222222,2,192.6,38.52,52,0.545561315661525
"14769",3.10138888888889,8,10416.98,9.80883239171375,7239,0.676156862131303
"14770",232.936805555556,2,876.42,16.8542307692308,490,0.659536950099618
"14772",112.906944444444,1,139.26,15.4733333333333,82,1
"14775",58.8909722222222,3,1011.9,16.865,1174,0.286669217786763
"14776",51.8861111111111,11,2538.3,21.6948717948718,3134,1.26390710070031
"14778",127.89375,2,730.86,20.8817142857143,306,0.331212144445296
"14779",281.005555555556,3,386.15,9.41829268292683,84,2.09173956551212
"14780",55.0027777777778,2,447.68,16.5807407407407,310,2
"14782",320.068055555556,1,200.1,33.35,114,1
"14784",26.9722222222222,2,289.99,19.3326666666667,237,0.201904539346848
"14785",10.9784722222222,2,77.4,25.8,84,2
"14788",7.82222222222222,2,679.44,22.648,421,2
"14789",29.1604166666667,1,197.64,32.94,116,1
"14790",17.1402777777778,4,745.06,16.1969565217391,699,0.50653839050944
"14792",64.1465277777778,1,6.2,3.1,2,1
"14793",21.9166666666667,1,228.99,16.3564285714286,91,1
"14794",3.11041666666667,7,1319.91,16.498875,673,0.633006782215524
"14795",166.990277777778,1,131.45,21.9083333333333,17,1
"14796",1.88819444444444,17,7975.49,7.04548586572438,5995,1.39648710474224
"14798",53.0777777777778,3,173.74,14.4783333333333,150,0.349089028476614
"14799",51.8569444444444,1,157.7,12.1307692307692,146,1
"14800",48.0027777777778,12,4331.79,11.3101566579634,3644,1.11778099772304
"14801",61.8930555555556,1,189.34,3.32175438596491,173,1
"14803",162.952777777778,3,845.55,19.2170454545455,370,0.692170885028066
"14804",9.0625,1,353.27,29.4391666666667,121,1
"14805",15.8541666666667,4,546.4,11.8782608695652,114,0.402368572406551
"14806",75.8875,1,193.39,17.5809090909091,330,1
"14808",40.0201388888889,8,2718.6,11.7688311688312,2120,1.8048128342246
"14810",41.0631944444444,11,2085.33,8.20996062992126,1015,1.00314326667525
"14813",370.036805555556,2,152.88,5.27172413793103,66,2
"14815",37.0513888888889,2,778.5,14.688679245283,744,1.93548387096774
"14816",197.981944444444,1,271.85,67.9625,5,1
"14817",200.96875,2,1110.34,17.6244444444444,655,0.779333237119353
"14818",74.0756944444445,3,657.8,13.7041666666667,324,0.500167880422827
"14819",64.9645833333333,2,272.07,20.9284615384615,109,0.468772889301235
"14820",21.88125,4,507.29,17.4927586206897,253,0.789311408016444
"14821",367.171527777778,1,48.8,24.4,20,1
"14823",180.984722222222,3,321.43,4.59185714285714,88,3
"14824",10.9375,4,1127.71,38.8865517241379,525,1.48137987792332
"14825",4.05,12,2221.01,18.5084166666667,989,0.986398958801099
"14828",197.106944444444,3,2139.76,125.868235294118,2172,0.64277424538502
"14829",29.8569444444444,4,697.55,16.6083333333333,452,0.349851394141609
"14830",53.93125,1,188.88,4.84307692307692,164,1
"14834",18.0972222222222,6,1720.3,25.6761194029851,734,0.807854137447405
"14836",10.8368055555556,3,102.45,17.075,45,3
"14837",90.0777777777778,4,1649.5,15.2731481481481,1436,1.07216648362899
"14840",268.034722222222,1,62.85,15.7125,31,1
"14841",53.9076388888889,6,3295.76,23.8823188405797,1778,0.589794641333409
"14842",44.0090277777778,4,2824.69,19.4806206896552,1166,0.453037949793537
"14844",64.0895833333333,4,3189.81,24.537,1833,0.67454942206573
"14847",149.081944444444,1,309.4,23.8,120,1
"14849",22.0777777777778,25,7930.54,20.4395360824742,5694,2.13103497265172
"14850",312.061805555556,1,325.75,15.5119047619048,293,1
"14851",23.9375,2,511.35,18.2625,325,0.257540665492234
"14852",58.9791666666667,6,2836.69,19.836993006993,1747,0.927841694170205
"14853",24.8291666666667,2,475.8,52.8666666666667,82,0.320737696702416
"14854",78.8263888888889,7,2740.03,21.7462698412698,1820,1.07037427703722
"14855",119.95,2,645.65,32.2825,267,2
"14856",36.9145833333333,3,1290.53,19.8543076923077,711,3
"14857",60.14375,2,1173.12,19.552,464,0.675950555468628
"14859",13.0638888888889,4,1353.74,23.3403448275862,671,0.625461495026712
"14860",19.9395833333333,1,170.32,15.4836363636364,232,1
"14861",52.9972222222222,1,125.79,20.965,117,1
"14862",26.1173611111111,2,841.2,17.525,772,0.488022548449229
"14863",29.9069444444444,1,266.76,24.2509090909091,132,1
"14865",7.85069444444444,2,52.2,13.05,108,0.164420474916362
"14866",11.0451388888889,12,14389.9,145.352525252525,6752,1.01161681110437
"14867",186.049305555556,3,710.28,19.73,328,0.596836215432085
"14868",3.91736111111111,8,2953.59,20.5110416666667,1405,1.04324831785265
"14869",9.00972222222222,2,721.45,10.3064285714286,549,0.63256386039667
"14870",262.082638888889,1,327.25,25.1730769230769,119,1
"14871",3.96388888888889,4,501.28,5.39010752688172,179,0.336079538824188
"14873",210.956944444444,1,519.68,18.56,168,1
"14875",108.020833333333,2,1465.32,31.1770212765957,558,0.387049953634641
"14878",13.0659722222222,9,1476.09,12.0990983606557,799,0.780434538242898
"14880",77.9638888888889,3,690.59,15.0128260869565,365,0.426435022950496
"14881",20.0722222222222,1,255.4,15.0235294117647,316,1
"14882",27.0020833333333,2,589.7,53.6090909090909,158,2
"14883",19.1020833333333,6,761.59,14.3696226415094,790,0.932528403980515
"14885",132.03125,1,765.32,51.0213333333333,724,1
"14886",253.1625,1,364.8,20.2666666666667,160,1
"14887",79.8875,1,1862,310.333333333333,1100,1
"14888",207.911111111111,1,369.2,18.46,184,1
"14889",336.896527777778,1,135.9,13.59,90,1
"14890",254.036805555556,1,125.65,17.95,51,1
"14891",148.779166666667,2,554.38,16.7993939393939,505,1.52677151440184
"14893",10.0131944444444,2,1237.85,16.9568493150685,799,2
"14894",85.9576388888889,1,655.75,28.5108695652174,265,1
"14895",8.14375,20,11138.71,22.3668875502008,4851,2.12131256214783
"14896",205.104166666667,2,468.77,10.9016279069767,279,0.372870237704777
"14897",8.09583333333333,4,1366.38,24.8432727272727,468,0.415110203591376
"14898",23.9138888888889,6,1269.31,11.6450458715596,1001,0.51727337858145
"14901",11.8201388888889,9,1421.29,14.8051041666667,661,0.747420649033332
"14902",26.0944444444444,1,332.66,16.633,218,1
"14903",21.8631944444444,5,2795.33,7.98665714285714,1531,0.58325255105485
"14904",2.99652777777778,2,1025.44,14.8614492753623,1985,2
"14905",158.00625,2,616.15,36.2441176470588,287,0.788659370350424
"14907",3.94166666666667,7,3501.1,21.2187878787879,1691,0.576659038901602
"14908",74.9958333333333,1,277.8,30.8666666666667,132,1
"14910",3.11388888888889,4,434.35,14.4783333333333,238,2.30954290296712
"14911",1.87222222222222,201,143711.17,25.345885361552,80240,16.2063797502375
"14912",17.1458333333333,2,867.85,32.1425925925926,971,0.26095308281032
"14913",36.18125,4,1227.43,14.1083908045977,1743,0.370661141070027
"14915",91.9694444444444,2,307.48,25.6233333333333,112,0.322297864403618
"14916",71.1458333333333,4,1268.98,16.4802597402597,1136,0.472919346451736
"14918",116.041666666667,2,1610.15,35.7811111111111,675,1.54010695187166
"14920",213.095833333333,2,977.77,17.1538596491228,509,2
"14921",30.98125,2,1316.07,16.8726923076923,953,0.350840148457359
"14923",51.0409722222222,1,749.1,17.025,418,1
"14924",246.142361111111,1,310.05,31.005,64,1
"14929",32.8118055555556,1,223.88,20.3527272727273,136,1
"14930",109.096527777778,3,2362.96,18.6059842519685,1160,0.542738568359514
"14931",5.10486111111111,5,1257.68,30.6751219512195,417,0.635505329712522
"14932",366.043055555556,1,363.53,21.3841176470588,80,1
"14934",82.1111111111111,2,1890.94,21.7349425287356,1042,0.29860856702449
"14935",297.920833333333,1,1784.71,178.471,935,1
"14936",34.0972222222222,8,8137.02,22.3544505494506,4085,0.991971802283028
"14937",57.0145833333333,3,1621.88,47.7023529411765,484,1.2174386818596
"14944",30.1527777777778,12,5900.25,34.7073529411765,2815,1.34907602345269
"14946",14.9701388888889,1,100.9,33.6333333333333,22,1
"14947",72.8763888888889,2,290.82,20.7728571428571,179,1.02983420146132
"14948",23.8152777777778,6,1101.97,17.4915873015873,673,0.917899031106578
"14950",19.9597222222222,1,371.2,19.5368421052632,136,1
"14951",79.8993055555556,1,311.69,15.5845,311,1
"14952",60.0951388888889,11,8099.49,58.6919565217391,3355,1.08229988726043
"14953",25.9104166666667,1,285.67,5.29018518518519,224,1
"14954",12.9305555555556,1,294.85,3.82922077922078,117,1
"14957",253.785416666667,1,58.49,4.87416666666667,34,1
"14958",147.9375,3,483.73,11.7982926829268,128,0.917249384253886
"14959",64.76875,4,695.42,11.7867796610169,494,0.516741775641965
"14960",8.99722222222222,2,221.27,8.19518518518518,221,0.368167175169169
"14961",11.1305555555556,9,7044.68,22.5791025641026,3708,0.771606163323305
"14962",271.130555555556,1,126.7,25.34,44,1
"14963",10.0236111111111,5,1472.34,7.6684375,1159,0.862117136174595
"14964",247.942361111111,1,206.21,15.8623076923077,143,1
"14965",96.9791666666667,2,596.09,7.35913580246914,363,2
"14966",15.0208333333333,1,183.02,5.08388888888889,179,1
"14967",50.0722222222222,1,463.8,77.3,140,1
"14968",30.9527777777778,1,147.59,3.98891891891892,127,1
"14970",68.9625,4,1592.06,46.8252941176471,250,0.483761243669531
"14971",35.8215277777778,3,1097.98,7.08374193548387,639,3
"14972",128.913888888889,1,114.77,6.37611111111111,28,1
"14973",107.874305555556,3,1314.45,41.0765625,369,0.761774888466987
"14974",37.9923611111111,1,89.94,5.29058823529412,37,1
"14975",57.9458333333333,1,279.94,25.4490909090909,380,1
"14976",57.8423611111111,7,790.86,10.9841666666667,234,0.780008666762964
"14978",72.9881944444444,5,1921.37,8.97836448598131,523,0.581295211849811
"14981",246.961805555556,1,102.12,12.765,97,1
"14984",19.9319444444444,2,202.37,5.18897435897436,58,0.372343176294151
"14985",198.93125,2,292.01,3.51819277108434,256,0.375524822016881
"14987",16.11875,2,326.4,81.6,128,0.171474161781108
"14988",212.03125,1,334.54,8.3635,141,1
"14995",39.0493055555556,2,231.98,3.86633333333333,102,0.248001492601576
"14997",46.9736111111111,3,546.2,21.0076923076923,1120,0.682550717310245
"14998",170.805555555556,2,414.87,5.60635135135135,258,0.844558268655549
"15000",48.0472222222222,1,490.52,6.37038961038961,218,1
"15002",116.0875,4,1641.76,14.2761739130435,862,0.476390022275645
"15004",147.947916666667,1,1220.77,7.92707792207792,623,1
"15005",16.0173611111111,28,6295.37,5.66130395683453,4230,2.3937828140801
"15006",51.9041666666667,1,480.38,3.63924242424242,286,1
"15007",159.868055555556,1,156.91,13.0758333333333,69,1
"15009",12.96875,3,1259.43,6.99683333333333,639,3
"15010",36.0055555555556,1,308.94,15.447,184,1
"15012",54.0194444444444,2,405.04,3.32,225,0.187510986971893
"15014",43.6965277777778,2,257.67,7.80818181818182,149,0.45106422966687
"15016",173.030555555556,1,170.04,8.502,76,1
"15017",34.0951388888889,1,125.58,6.279,63,1
"15018",39.0020833333333,3,496.21,16.0067741935484,189,0.273486958723728
"15019",267.010416666667,1,252.81,3.83045454545455,150,1
"15021",9.03958333333333,9,1871.77,4.2156981981982,819,0.75422505703245
"15022",12.0104166666667,4,852.39,7.04454545454545,527,3.3457249070632
"15023",3.81041666666667,11,6720.41,12.1526401446655,2827,0.901273390054888
"15024",10.0305555555556,10,1636.43,10.7659868421053,902,0.838109132673452
"15025",33.8958333333333,1,361.96,5.40238805970149,184,1
"15026",80.9569444444444,3,469,7.68852459016393,285,0.456841518998051
"15027",31.1069444444444,4,1066.15,30.4614285714286,565,0.577381867268997
"15028",8.94722222222222,4,627.13,13.0652083333333,459,0.333282543748156
"15030",72.0833333333333,2,518.28,74.04,372,0.304873745571568
"15031",4.93819444444444,4,653.19,5.93809090909091,400,0.431683791622636
"15032",256.907638888889,3,4959.1,95.3673076923077,2968,0.81753150902691
"15033",5.00694444444444,10,2557.18,5.10415169660679,1672,0.923171607344343
"15034",16.0270833333333,8,4274.16,10.9593846153846,2413,0.709849157054126
"15035",90.0708333333333,1,252.73,9.36037037037037,245,1
"15036",72.8805555555556,3,429.56,3.60974789915966,316,0.840014778037762
"15038",59.0534722222222,6,685.74,5.48592,212,0.578727736732466
"15039",10.0548611111111,47,19766.59,13.3829316181449,9131,3.92753861479984
"15041",170.856944444444,1,179.93,2.72621212121212,103,1
"15042",199.850694444444,1,135.93,27.186,30,1
"15043",31.9333333333333,1,537,179,300,1
"15044",19.9791666666667,17,7634.73,17.1953378378378,2785,1.48708218842449
"15045",152.053472222222,2,735.66,61.305,114,0.566078530292408
"15046",9.875,15,5090.42,25.3254726368159,3372,1.36772341593144
"15047",270.084027777778,1,343.62,15.6190909090909,222,1
"15048",65.9131944444444,4,381,4.0531914893617,192,0.395894428152493
"15049",274.025694444444,1,121.17,40.39,63,1
"15050",25.85625,3,1737.69,22.8643421052632,1216,1.95136640819092
"15051",23.8833333333333,3,1383.36,9.74197183098592,1010,0.708626543969293
"15052",319.873611111111,1,207.73,7.41892857142857,79,1
"15053",5.02916666666667,3,693.95,10.0572463768116,984,0.324908118190342
"15054",12.9083333333333,2,302.1,2.65,198,2
"15057",275.897916666667,2,1489.5,59.58,668,1.49047750483025
"15058",25.9118055555556,11,2102.54,7.90428571428571,1054,1.14993151712556
"15059",41.0520833333333,9,1337.72,5.64438818565401,604,0.918408564254348
"15060",8.96041666666667,4,294.25,2.55869565217391,257,4
"15061",4.03055555555556,48,54534.14,135.320446650124,28920,3.90385697906685
"15062",71.8326388888889,4,987.86,17.3308771929825,763,0.416592332579546
"15063",213.975694444444,1,370.8,74.16,56,1
"15065",38.1284722222222,4,3158.13,20.3750322580645,1383,0.47268519658288
"15066",53.9756944444444,1,893.59,21.2759523809524,317,1
"15067",78.9791666666667,3,1744.76,21.2775609756098,954,0.441071367797706
"15068",46.91875,2,553.36,5.32076923076923,364,0.2856953905165
"15069",179.940277777778,1,1109.53,15.8504285714286,520,1
"15070",373.060416666667,1,106.2,106.2,36,1
"15071",94.0465277777778,2,982.07,37.7719230769231,269,0.329564699958804
"15073",10.0875,3,1043.41,19.3224074074074,491,0.508384819064431
"15074",105.920138888889,1,735.67,17.9431707317073,431,1
"15075",78.0159722222222,1,773.03,28.6307407407407,447,1
"15076",173.185416666667,1,880.85,17.9765306122449,571,1
"15078",7.88125,32,9743.11,22.1434318181818,5105,2.6583439578634
"15079",213.003472222222,4,895.61,19.0555319148936,389,0.783602394340649
"15081",22.8208333333333,5,504.8,15.2969696969697,190,0.434740604772486
"15083",257.022222222222,1,88.2,17.64,38,1
"15087",282.094444444444,1,306.94,20.4626666666667,470,1
"15088",21.9833333333333,2,1160.07,20.3521052631579,460,1.30535285319313
"15089",10.8465277777778,6,2420.84,16.6954482758621,1359,1.5241948287927
"15090",308.949305555556,1,381.32,16.5791304347826,208,1
"15091",68.0020833333333,1,480.71,16.0236666666667,346,1
"15092",215.944444444444,2,457.81,17.6080769230769,135,0.881398812559933
"15093",18.9868055555556,6,4597.02,42.565,3760,0.508789974953086
"15095",104.034027777778,4,1370.6,29.1617021276596,1079,1.20121790148345
"15096",43.0993055555556,1,219.39,19.9445454545455,120,1
"15097",4.94930555555556,1,248.08,9.9232,170,1
"15098",182.886805555556,3,39916.5,13305.5,121,3
"15099",84.9840277777778,1,410.48,17.8469565217391,343,1
"15100",334.09375,3,876,292,80,2.2466456332559
"15101",9.10555555555556,2,317.53,39.69125,241,0.170992946540955
"15103",31.9145833333333,2,703.36,20.096,329,1.09009702368185
"15104",197.014583333333,2,993.54,14.8289552238806,635,0.698277743205127
"15105",18.8305555555556,7,2298.93,22.7616831683168,1211,1.80596613813491
"15106",18.1486111111111,5,1422.52,14.2252,1181,0.595592614651578
"15107",311.919444444444,6,319.5,19.96875,169,2.94877191385764
"15108",142.101388888889,4,1300.25,21.6708333333333,499,1.39568693966562
"15109",246.119444444444,1,484.95,17.3196428571429,131,1
"15110",24.0652777777778,4,996.1,28.46,246,0.406803601906892
"15111",29.8277777777778,3,1567.48,18.6604761904762,710,0.262224497352463
"15113",10.1854166666667,3,3509.43,36.1796907216495,2344,2.0131726109109
"15114",30.90625,10,2760.56,14.0129949238579,3096,1.1059341559572
"15115",18.9104166666667,1,340.11,16.1957142857143,157,1
"15116",18.0173611111111,4,1352.75,30.0611111111111,648,0.641199280135067
"15117",15.1930555555556,5,1551.78,19.6427848101266,1948,0.746955120446513
"15118",134.913888888889,1,244.8,244.8,1440,1
"15119",246.154166666667,1,266.4,19.0285714285714,88,1
"15120",134.126388888889,1,358.82,17.0866666666667,296,1
"15121",50.9159722222222,2,457.72,16.3471428571429,199,0.252005250109377
"15122",114.834722222222,3,1633.78,19.9241463414634,800,0.491041151218699
"15123",7.98472222222222,2,2199.31,20.7482075471698,1195,0.301618055191915
"15124",23.1118055555556,2,184.19,12.2793333333333,233,0.354937701038932
"15125",25.9534722222222,15,11528.48,90.7754330708661,6193,1.83549646213722
"15127",66.0972222222222,1,406.53,25.408125,251,1
"15128",60.9555555555556,4,1471,14.421568627451,1343,0.754446782686145
"15129",50.9236111111111,11,3447.4,41.0404761904762,1794,1.36798984371177
"15130",170.107638888889,1,330.11,15.005,197,1
"15132",18.8194444444444,5,977.93,18.8063461538462,679,0.614215680698841
"15133",128.0875,3,982.42,33.8765517241379,680,0.517228993558583
"15134",15.1631944444444,8,1387.99,19.0135616438356,887,1.06237127662845
"15135",239.731944444444,1,139.05,15.45,43,1
"15136",3.01666666666667,4,1286.7,18.9220588235294,776,1.27866450596044
"15139",240.049305555556,2,178.96,13.7661538461538,208,0.618844680012893
"15140",52.9465277777778,7,2354.25,29.428125,1572,0.990663390663391
"15142",46.9993055555556,1,498.74,19.1823076923077,365,1
"15143",226.032638888889,1,259.45,18.5321428571429,150,1
"15144",8.90138888888889,17,6580.44,30.3246082949309,3050,1.67719097916072
"15145",4.81180555555556,4,1194.73,17.8317910447761,756,0.491633971679835
"15146",165.028472222222,2,1327.16,14.5841758241758,1473,0.472590826049381
"15147",240.870138888889,1,623.5,22.2678571428571,366,1
"15148",11.1868055555556,1,301.29,15.0645,187,1
"15149",134.077777777778,1,520.8,22.6434782608696,128,1
"15150",17.9986111111111,10,5291.33,15.5170967741935,3642,1.19076823846237
"15152",10.0125,13,4745.69,17.5117712177122,2704,2.19258518911828
"15153",31.8201388888889,1,329.25,14.9659090909091,198,1
"15154",75.8645833333333,1,254.28,3.58140845070423,89,1
"15156",1.76944444444444,3,961.49,17.4816363636364,597,2.79183990004524
"15157",4.05694444444444,3,1936.07,15.48856,2392,0.253588591644099
"15158",45.95625,1,401.4,57.3428571428571,198,1
"15159",2.03125,30,18641.01,26.2549436619718,11441,2.50105658061565
"15160",357.940972222222,1,158.16,39.54,84,1
"15163",18.9861111111111,2,304.47,10.4989655172414,186,0.345009344003067
"15164",69.03125,3,824.58,8.16415841584158,351,0.332219100547546
"15165",373.949305555556,1,487.75,18.0648148148148,160,1
"15167",321.00625,1,158.8,4.07179487179487,65,1
"15168",26.0583333333333,1,106.56,21.312,52,1
"15171",331.884722222222,1,1289.5,257.9,290,1
"15172",9.04097222222222,5,1624.05,14.7640909090909,1611,0.657904756103133
"15174",323.155555555556,1,135.75,12.3409090909091,145,1
"15175",72.0548611111111,1,224.14,9.74521739130435,454,1
"15178",260.901388888889,1,40.5,13.5,30,1
"15179",18.9979166666667,5,2206.95,23.7306451612903,1938,0.498402113594148
"15180",367.911805555556,1,87.5,14.5833333333333,36,1
"15181",66.9527777777778,3,689.48,43.0925,544,0.44317540650059
"15182",154.967361111111,2,622.85,21.4775862068966,253,0.526139512224827
"15184",29.9645833333333,2,402.2,6.48709677419355,199,0.372518162416194
"15185",70.9472222222222,1,310.62,14.7914285714286,666,1
"15186",14.9111111111111,2,411.41,21.6531578947368,215,0.389603362132718
"15187",2.0375,16,4777.18,52.4964835164835,1887,2.27572787404478
"15189",1.97777777777778,41,16225.39,76.534858490566,6149,3.71559892845081
"15192",120.047916666667,3,1044.32,20.476862745098,918,0.366055162479346
"15193",61.1854166666667,1,499.32,26.28,144,1
"15194",3.90277777777778,15,7616.53,24.5694516129032,5703,1.23285325621659
"15195",3.02083333333333,1,3861,3861,1404,1
"15197",11.1180555555556,3,1079.61,33.7378125,469,0.258869165206866
"15198",92.9222222222222,2,193.64,19.364,120,1.87638448508014
"15199",59.9013888888889,4,1268.7,97.5923076923077,396,0.481836331797852
"15201",87.9145833333333,5,1236.54,17.9208695652174,1210,0.937292526393897
"15203",26.1902777777778,6,1827.8,12.8718309859155,1753,0.629757499629483
"15204",357.959027777778,1,316.58,35.1755555555556,258,1
"15205",85.7180555555556,2,653.24,17.6551351351351,378,1.42365173260393
"15206",10.9645833333333,4,420.3,46.7,162,0.452495797131051
"15208",1.80972222222222,5,870.12,20.7171428571429,316,0.425917052653996
"15210",225.860416666667,1,331.18,16.559,228,1
"15211",60.9715277777778,2,894.41,17.2001923076923,240,0.196791658220265
"15212",241.961805555556,1,101.8,20.36,36,1
"15213",319.020138888889,2,328.35,13.68125,272,2
"15214",2.02986111111111,8,1661.44,15.104,1254,0.995446179370415
"15215",47.0479166666667,3,734.94,20.9982857142857,225,1.80107564239754
"15216",88.0479166666667,1,96.6,48.3,28,1
"15218",11.0430555555556,11,5756.89,34.6800602409639,3329,1.07136093500591
"15219",176.828472222222,1,305.75,33.9722222222222,45,1
"15220",52.0076388888889,6,1778.96,15.2047863247863,1393,0.785704542354385
"15221",366.9875,1,403.25,80.65,43,1
"15222",319.199305555556,1,585,117,440,1
"15223",226.054861111111,2,755.75,37.7875,213,2
"15224",358.908333333333,2,322.08,23.0057142857143,152,2
"15225",234.915972222222,1,409.4,17.8,226,1
"15226",311.047916666667,1,154.41,19.30125,71,1
"15227",37.0354166666667,5,1219.4,21.0241379310345,750,0.534087649717626
"15228",66.9541666666667,4,3386.71,27.09368,2255,0.525848112667827
"15230",239.924305555556,2,429.6,18.6782608695652,351,2
"15232",113.849305555556,2,612.06,19.7438709677419,686,2
"15234",277.164583333333,1,197,14.0714285714286,196,1
"15235",218.129166666667,12,2247.51,15.7168531468531,1324,2.31240688369271
"15236",299.081944444444,1,321.05,21.4033333333333,269,1
"15237",2.12777777777778,4,1412.32,14.2658585858586,1071,0.53149279347445
"15238",29.9319444444444,3,1071.99,21.4398,692,0.580884594008283
"15239",10.9416666666667,2,780.59,15.9304081632653,594,0.880007333394445
"15240",45.125,5,1706.57,21.8791025641026,1369,0.561670658168798
"15241",67.15625,8,1756.44,15.9676363636364,1818,1.10640504797303
"15243",74.9430555555556,1,316.68,14.3945454545455,185,1
"15244",65.9798611111111,2,631.57,18.5755882352941,405,0.32800950620143
"15245",134.745833333333,3,2515.84,28.2678651685393,1784,0.707446750439425
"15246",238.920138888889,2,514.15,15.580303030303,247,0.499136332387824
"15247",122.998611111111,1,356,59.3333333333333,160,1
"15249",32.0451388888889,13,6688.46,19.1098857142857,3577,1.73367578780994
"15251",9.90833333333333,11,10484.99,94.4593693693694,6171,1.42129064675903
"15252",36.9722222222222,2,740.78,16.8359090909091,522,0.408250053157559
"15253",16.8527777777778,5,918.2,17.3245283018868,866,0.979312033296609
"15254",127.906944444444,1,300.36,16.6866666666667,275,1
"15255",67.0048611111111,1,890.85,18.9542553191489,489,1
"15256",149.04375,1,98.45,16.4083333333333,55,1
"15257",283.994444444444,1,317.15,45.3071428571429,46,1
"15258",169.013888888889,2,623.16,18.3282352941176,142,1.22633207482897
"15260",100.954861111111,7,1810.77,23.5164935064935,885,0.771849938486827
"15261",135.895833333333,1,254.82,13.4115789473684,270,1
"15262",324.023611111111,1,178.95,17.895,73,1
"15263",107.1,1,156.51,13.0425,89,1
"15264",64.9590277777778,1,393.74,17.1191304347826,265,1
"15265",151.919444444444,2,1506.12,18.3673170731707,612,0.713401040376517
"15266",338.965277777778,1,119.3,19.8833333333333,18,1
"15267",22.86875,5,1717.36,156.123636363636,944,0.936138860597655
"15269",24.1375,1,408.8,204.4,26,1
"15270",16.1430555555556,7,2379.49,58.0363414634146,1521,0.712268495073712
"15271",7.94375,15,2493.34,9.4444696969697,1251,1.25692472417485
"15272",57.99375,2,721.94,11.4593650793651,310,2
"15274",4.82847222222222,2,716.57,15.246170212766,619,2
"15275",38.0625,1,615.14,15.0034146341463,498,1
"15276",66.8409722222222,1,128.63,2.62510204081633,61,1
"15277",47.1125,1,255.9,21.325,205,1
"15279",355.084722222222,1,290.51,15.29,189,1
"15280",172.816666666667,1,113.12,7.07,154,1
"15281",59.1527777777778,9,2332.15,16.7780575539568,1211,0.982813404482822
"15286",50.0708333333333,1,240.55,80.1833333333333,55,1
"15287",22.8861111111111,2,486.69,24.3345,433,1.24668128823733
"15288",43.8277777777778,5,2306.52,26.2104545454545,775,0.46565874543773
"15289",29.9590277777778,3,939.78,16.2031034482759,1008,0.40900699035867
"15290",5.04930555555556,18,7943.22,38.9373529411765,4501,1.52191272488139
"15291",26.075,15,4668.3,45.3233009708738,2103,1.2928712515712
"15292",201.909722222222,1,178.39,7.43291666666667,55,1
"15296",51.04375,6,3672.86,18.9322680412371,1766,0.652190322824145
"15297",10.8458333333333,3,641.94,16.46,292,1.68903948911769
"15298",2.81458333333333,12,4799.9,24.9994791666667,3116,0.988629992257257
"15299",67.9381944444444,7,4507.01,643.858571428571,2948,0.688758253596963
"15300",64.8208333333333,1,496.44,17.73,292,1
"15301",51.1201388888889,12,5049.95,20.8675619834711,2751,1.13243158225857
"15303",290.952083333333,1,574.02,18.5167741935484,248,1
"15304",61.1020833333333,8,694.4,30.1913043478261,104,0.779359599134947
"15306",64.9958333333333,3,1174.35,20.2474137931034,810,1.07272335987551
"15307",96.05,1,205.3,17.1083333333333,37,1
"15308",274.9875,1,310.47,16.3405263157895,175,1
"15311",1.03472222222222,91,60632.75,25.6266906170752,38147,7.31714126706114
"15312",75.9861111111111,4,924.85,19.6776595744681,516,0.430087187234773
"15313",110.866666666667,1,52,52,25,1
"15314",199.924305555556,1,327.97,13.6654166666667,313,1
"15315",64.9993055555556,2,570.5,15.4189189189189,862,1.15610030240587
"15316",327.052777777778,1,165,165,100,1
"15318",4.05555555555556,1,312.62,9.47333333333333,642,1
"15319",284.001388888889,1,204.5,12.78125,175,1
"15320",44.9743055555556,1,267.13,7.42027777777778,326,1
"15321",71.1319444444444,3,2748.31,28.9295789473684,1181,0.407355021216407
"15322",86.1361111111111,1,679.68,16.1828571428571,416,1
"15325",104.038194444444,1,161.74,3.36958333333333,231,1
"15326",334.05,1,311.71,10.7486206896552,386,1
"15327",53.0381944444444,1,208.75,20.875,116,1
"15329",39.8847222222222,3,1049.7,18.4157894736842,486,0.680747351336019
"15330",32.7916666666667,2,714.96,54.9969230769231,1312,2
"15332",366.921527777778,4,1661.06,47.4588571428571,652,4
"15333",208.974305555556,1,1028.56,64.285,344,1
"15334",157.061111111111,3,350.82,3.57979591836735,273,3
"15335",54,1,170.22,4.86342857142857,79,1
"15339",66.9993055555556,2,574.07,6.67523255813953,416,0.238110986176334
"15341",81.1319444444444,1,2020.52,118.854117647059,812,1
"15342",130.104861111111,1,406.09,16.9204166666667,283,1
"15343",87.9548611111111,1,364.5,17.3571428571429,84,1
"15344",1.08680555555556,3,563.94,21.69,116,1.21899602133243
"15345",46.0569444444444,1,393.54,19.677,81,1
"15346",333.063888888889,1,252.42,14.8482352941176,144,1
"15347",366.892361111111,1,201.6,40.32,130,1
"15348",72.98125,1,158.04,17.56,84,1
"15349",158.863888888889,2,463.91,6.53394366197183,321,2
"15350",373.970138888889,1,115.65,23.13,51,1
"15351",12.9986111111111,7,1934.66,8.83406392694064,742,0.588163215292244
"15353",255.024305555556,2,770.12,12.6249180327869,341,0.530888623990759
"15355",29.9625,2,277.05,19.7892857142857,45,2
"15356",31.9854166666667,10,2718.03,5.44695390781563,1643,0.890306784879623
"15358",5.15694444444444,22,8347.2,15.1491833030853,7050,1.82846588941475
"15360",40.1354166666667,1,427.93,32.9176923076923,223,1
"15361",362.123611111111,1,418.92,59.8457142857143,336,1
"15363",373.015277777778,1,326,20.375,144,1
"15364",96.1277777777778,2,913.19,31.4893103448276,493,0.377742898739545
"15365",26.18125,7,2314.32,20.3010526315789,1084,0.724622053527141
"15366",75.9090277777778,2,602.51,13.6934090909091,621,0.21204431333474
"15367",57.9423611111111,4,1877.59,19.7641052631579,1057,0.550423647830796
"15368",21.9222222222222,1,446.94,111.735,230,1
"15370",41.0777777777778,7,2386.05,25.3835106382979,830,0.719236239612221
"15372",137.840972222222,1,2007.4,74.3481481481481,2924,1
"15373",8.90625,12,2415.91,18.3023484848485,500,0.991688107968512
"15374",129.11875,1,168,56,126,1
"15376",40.9069444444444,3,1221.56,10.5306896551724,615,0.494356478320409
"15379",169.984027777778,7,3703.29,19.0891237113402,2305,1.11106620470219
"15380",9.02569444444444,5,1690.26,46.9516666666667,376,0.420305421939943
"15381",214.038194444444,2,596.85,74.60625,171,1.09241253745685
"15382",15.0777777777778,6,5955.71,19.7208940397351,4012,0.640669143327475
"15384",170.078472222222,2,642.41,15.6685365853659,596,0.315832184908047
"15385",40.9020833333333,1,316.88,26.4066666666667,161,1
"15386",186.960416666667,1,394.14,12.7141935483871,446,1
"15388",270.95625,1,140.54,14.054,88,1
"15389",172.855555555556,1,500,500,400,1
"15392",5.07569444444444,4,1535.53,18.280119047619,1277,0.337268786437423
"15393",16.8347222222222,2,231.86,19.3216666666667,150,0.226421027804712
"15394",10.0423611111111,4,2183.54,25.6887058823529,910,0.343878544008692
"15395",326.006944444444,1,107.45,15.35,17,1
"15396",113.079166666667,1,288.18,20.5842857142857,122,1
"15397",290.142361111111,1,94,15.6666666666667,20,1
"15398",16.8354166666667,2,1345.53,18.4319178082192,769,0.966540255730443
"15399",1.99027777777778,3,815.77,16.3154,611,1.15562609788938
"15400",92.9534722222222,5,716.2,59.6833333333333,390,0.806000223888951
"15402",149.022916666667,2,626.77,14.9230952380952,694,1.25135781012383
"15405",189.920833333333,1,349.1,43.6375,193,1
"15406",31.9777777777778,2,510.71,9.63603773584906,254,0.222323434279494
"15407",34.0381944444444,4,1046.74,7.07256756756757,552,0.441269979085642
"15408",264.908333333333,1,267.18,7.85823529411765,106,1
"15410",84.91875,8,3450.84,28.2855737704918,1200,1.35448673731736
"15411",26.8965277777778,4,1348.93,13.7645918367347,529,0.768652500567148
"15412",171.893055555556,1,190.53,19.053,108,1
"15414",10.125,3,774.9,19.8692307692308,443,0.386536826878626
"15415",313.942361111111,1,559.61,11.9065957446809,551,1
"15416",65.1333333333333,4,3984.32,20.7516666666667,2090,0.550358784242158
"15417",85.8916666666667,1,508.8,18.1714285714286,284,1
"15419",25.14375,1,135.86,16.9825,230,1
"15421",59.1458333333333,4,950.36,17.931320754717,500,0.476605509647952
"15422",323.85625,2,97.7,16.2833333333333,38,2
"15423",38.9506944444444,1,43.5,21.75,101,1
"15424",254.991666666667,2,383.34,22.5494117647059,554,2
"15426",19.8847222222222,5,1404.07,5.10570909090909,656,0.428485561425191
"15427",33.93125,3,1430.54,4.8991095890411,967,3
"15428",15.8305555555556,1,93.78,15.63,102,1
"15429",27.0152777777778,2,397.35,4.84573170731707,380,1.22577533127146
"15432",23.8472222222222,1,171.19,17.119,65,1
"15433",214.086805555556,2,533.3,13.0073170731707,534,1.11407682488105
"15434",8.97013888888889,5,1041.48,18.936,647,0.781377177274947
"15435",22.8409722222222,1,149.29,5.14793103448276,54,1
"15436",12.8645833333333,3,1067.75,3.6692439862543,574,0.405465017692166
"15437",262.985416666667,1,200.16,4.448,79,1
"15438",131.938194444444,1,156.58,6.2632,59,1
"15440",55.0236111111111,3,383.68,6.18838709677419,197,0.584294383380071
"15442",249.018055555556,1,594,297,120,1
"15443",2.09027777777778,7,3213.59,8.63868279569892,1639,0.658543755920687
"15444",9.80069444444444,2,1411.21,6.59443925233645,759,1.93180547792063
"15445",264.905555555556,1,113.5,22.7,58,1
"15447",331.058333333333,1,155.17,17.2411111111111,85,1
"15448",313.088888888889,1,494.64,17.6657142857143,232,1
"15449",26.9083333333333,3,974.52,16.242,812,0.382685828517772
"15450",30.81875,1,429.84,14.328,376,1
"15452",30.0256944444444,3,528.48,9.43714285714286,280,0.383191607630717
"15453",2.07708333333333,7,1371.77,4.91673835125448,837,1.12944551097699
"15454",362.936805555556,1,179.1,7.164,86,1
"15456",283.957638888889,3,434.59,7.49293103448276,633,1.18532610186853
"15457",262.888194444444,1,237.07,4.08741379310345,132,1
"15458",25.9875,1,161.64,23.0914285714286,156,1
"15460",354.8625,1,214.26,3.82607142857143,107,1
"15462",94.9854166666667,3,234.6,21.3272727272727,172,0.968790880209307
"15463",29.9951388888889,1,126.14,18.02,106,1
"15464",338.870833333333,1,1044.65,6.73967741935484,348,1
"15465",20.1104166666667,18,7354.62,75.820824742268,1257,1.54286020408771
"15466",85.9458333333333,1,334.53,5.86894736842105,246,1
"15467",9.93958333333333,3,524.88,10.0938461538462,310,0.62944704825275
"15468",51.9590277777778,2,467.51,19.4795833333333,155,2
"15469",50.8534722222222,2,538.55,22.4395833333333,153,0.857423561284944
"15471",2.94305555555556,1,454.48,6.22575342465753,256,1
"15472",113.897916666667,1,371.56,4.88894736842105,251,1
"15473",14.8993055555556,7,1771.2,161.018181818182,672,4.54853120346555
"15475",77.8958333333333,1,454.11,15.6589655172414,319,1
"15478",40.9381944444444,2,1399.92,31.8163636363636,575,2
"15480",116.929166666667,1,905.5,20.1222222222222,303,1
"15482",16.0861111111111,12,10879.76,112.162474226804,5004,1.04948193976006
"15483",161.988194444444,4,225.26,2.68166666666667,291,1.14254732513009
"15484",1.90763888888889,4,3590.41,19.2000534759358,3150,1.55714955123815
"15485",30.9298611111111,3,2564.5,30.1705882352941,1281,0.262354551122699
"15488",93.1104166666667,1,91.32,45.66,73,1
"15489",23.1645833333333,3,1134.28,22.6856,608,0.476612520640338
"15491",95.8708333333333,6,3100.09,20.1304545454545,1646,1.28347330058628
"15492",28.9145833333333,2,659.46,18.8417142857143,483,1.30334434538625
"15493",33.0319444444444,5,1953.41,6.75920415224913,551,0.630215323568886
"15494",21.9159722222222,2,1280.58,10.4965573770492,1139,0.60015837512677
"15497",18.0409722222222,2,1262.2,84.1466666666667,624,0.198625255753006
"15498",3.00138888888889,27,13316.4,26.00859375,6105,2.22519406538606
"15500",8.96041666666667,4,1131.56,16.6405882352941,572,1.64383561643836
"15502",16.0013888888889,12,10384.93,48.7555399061033,4236,1.01729240091996
"15503",363.078472222222,1,141.04,2.1369696969697,70,1
"15504",81.9618055555556,1,52.83,4.06384615384615,33,1
"15505",53.2041666666667,5,3610.96,37.2263917525773,2390,1.45962711933127
"15506",23.0270833333333,3,972.08,6.03776397515528,842,0.775741323788203
"15507",172.063194444444,1,475.86,10.5746666666667,160,1
"15508",189.879861111111,6,1000.27,10.8725,440,3.91233472197066
"15510",331.027777777778,1,250,250,2,1
"15511",12.1298611111111,5,900.53,5.69955696202532,269,2.03317080517329
"15512",156.104166666667,2,121,17.2857142857143,68,0.294218804804212
"15513",33.9263888888889,19,14758.22,47.9162987012987,5709,1.67580656357571
"15514",12.9236111111111,11,4023.72,24.2392771084337,2098,0.93740753161186
"15516",45.0826388888889,3,62.43,4.162,27,3
"15517",233.95,1,267.03,9.89,293,1
"15518",64.9895833333333,8,1921.55,9.15023809523809,1263,0.895499183789806
"15520",2.07777777777778,1,343.5,19.0833333333333,314,1
"15521",40.9638888888889,8,3000.2,16.2172972972973,1836,1.12052446770224
"15522",33.0583333333333,2,397.99,7.10696428571429,572,1.09173616376042
"15523",84.8479166666667,1,412.01,41.201,132,1
"15524",25.0284722222222,1,440,440,4,1
"15525",2.92152777777778,3,734.37,4.7075,387,0.242548556499216
"15526",33.9069444444444,2,148.44,37.11,24,2
"15527",19.0229166666667,8,2428.53,14.9909259259259,991,0.714459958405861
"15528",254.858333333333,1,229.33,8.82038461538462,123,1
"15529",23.05625,11,3962.6,5.98580060422961,3455,0.959408849092983
"15530",22.0173611111111,4,1497.31,13.9935514018692,938,0.533219777269656
"15531",8.75486111111111,2,1972.39,9.00634703196347,1085,2
"15532",25.9159722222222,4,1564.73,6.23398406374502,515,0.360446051989337
"15533",19.8854166666667,3,807.57,9.72975903614458,289,1.2857908208822
"15535",173.866666666667,4,502.9,6.98472222222222,135,0.778494100474395
"15537",163.986111111111,1,110.92,4.62166666666667,29,1
"15539",7.96805555555556,1,538.46,13.1331707317073,410,1
"15540",11.9576388888889,1,213.3,14.22,200,1
"15541",114.911111111111,1,85.13,2.93551724137931,49,1
"15543",288.891666666667,1,127.86,4.56642857142857,86,1
"15544",9.83819444444444,9,3546.71,13.693861003861,3109,0.743465989490512
"15545",54.9763888888889,2,288.97,3.612125,162,0.189375673993284
"15547",7.99861111111111,14,4910.6,7.06561151079137,3999,1.18317728487419
"15549",77.8527777777778,3,1681.46,14.749649122807,694,0.376520900396277
"15550",4.88333333333333,4,575.63,9.43655737704918,295,0.403880808416053
"15551",37.0090277777778,1,436.06,15.0365517241379,218,1
"15552",217.91875,1,90.12,5.30117647058824,60,1
"15553",60.95,1,428.93,7.79872727272727,449,1
"15554",278.159722222222,1,217.2,15.5142857142857,74,1
"15555",12.8548611111111,16,4794.86,5.40570462232244,4427,1.34429201009775
"15556",24.8625,1,279.77,9.02483870967742,236,1
"15557",29.0027777777778,1,468.91,24.6794736842105,213,1
"15561",12.0715277777778,4,800.59,29.6514814814815,267,0.588297376152848
"15562",352.121527777778,1,134.55,134.55,39,1
"15563",22.9166666666667,4,1400.44,12.3932743362832,1501,0.356993077061335
"15565",50.9284722222222,2,173.16,21.645,60,2
"15567",19.0847222222222,1,186.01,26.5728571428571,223,1
"15568",3.05763888888889,3,758.29,14.307358490566,461,1.26996570308672
"15569",104.107638888889,5,1375.71,44.3777419354839,666,0.655401448558572
"15570",7.91875,12,4148.82,13.0057053291536,2063,0.994265329216134
"15571",12.1166666666667,4,650.43,11.4110526315789,264,1.79463478974316
"15572",5.11180555555556,7,2533.42,11.9500943396226,1213,0.766957911155636
"15573",32.05,2,591.19,6.09474226804124,355,1.11165435783948
"15574",178.034027777778,4,675.64,4.445,332,0.615878107457899
"15576",38.0326388888889,1,921.37,21.4272093023256,394,1
"15577",151.824305555556,3,258.88,6.63794871794872,89,0.583860053790811
"15578",162.990972222222,1,127.1,9.77692307692308,52,1
"15579",69.0034722222222,2,327.6,6.825,117,0.244872972145699
"15581",121.133333333333,13,3675.77,25.1765068493151,283,1.58670961179861
"15582",25.1215277777778,3,682.91,15.5206818181818,453,0.459543505933997
"15584",24.0798611111111,4,720.86,5.90868852459016,313,0.864795611963006
"15585",177.175,1,455.3,14.6870967741935,320,1
"15587",50.9673611111111,4,913.68,101.52,312,0.398470684271938
"15589",256.122222222222,3,478.53,16.5010344827586,243,1.63743872239349
"15592",47.1604166666667,1,388.58,16.1908333333333,354,1
"15593",71.0444444444445,1,199.8,39.96,60,1
"15594",16.1645833333333,5,1771.78,17.2017475728155,983,0.685094438365289
"15596",101.079861111111,5,1406.59,18.2674025974026,561,0.56650536999882
"15597",35.975,1,324.57,14.7531818181818,279,1
"15598",53.8652777777778,1,240.68,17.1914285714286,160,1
"15599",27.0458333333333,2,761.74,14.6488461538462,718,0.337185205999087
"15601",11.8993055555556,14,6776.56,16.5281951219512,4983,1.16281752532127
"15602",8.94166666666667,9,1297.87,28.2145652173913,1137,0.750117205813408
"15603",79.1152777777778,1,48.48,24.24,96,1
"15604",52.91875,1,216.39,12.7288235294118,159,1
"15605",36.9395833333333,5,1198.23,17.8840298507463,441,0.445068089236152
"15606",61.8770833333333,9,2920.16,37.9241558441558,892,1.02601995038792
"15607",337.004166666667,1,104.76,8.05846153846154,202,1
"15608",28.9791666666667,4,1093.68,18.228,714,1.30234240752465
"15609",184.993055555556,1,298.48,18.655,148,1
"15610",52.0930555555556,1,112.46,18.7433333333333,66,1
"15611",10.0097222222222,13,1591.45,37.0104651162791,504,1.19983591987421
"15612",36.9152777777778,2,195.15,32.525,52,2
"15615",10.9222222222222,23,10399.74,24.5856737588652,5508,1.97746690787942
"15618",33.1777777777778,4,776.851,17.2633555555556,454,1.15460941728306
"15619",11.1916666666667,1,336.4,112.133333333333,136,1
"15620",57.00625,3,1553.18,15.5318,915,0.298090701456182
"15621",4.95069444444444,4,1293.03,80.814375,501,4
"15622",43.8375,9,3709.56,20.0516756756757,1674,1.12911001271991
"15623",141.808333333333,1,301.03,15.8436842105263,125,1
"15624",117.05,4,588.13,17.2979411764706,357,0.857627825258331
"15625",104.103472222222,4,1534.26,23.9728125,1188,0.910144316865058
"15626",75.1159722222222,2,675.8,13.7918367346939,766,0.23529860318688
"15628",5.10138888888889,9,2870.24,18.5176774193548,1894,0.74580913961478
"15630",45.8847222222222,2,1186.35,19.7725,800,0.376831821353803
"15632",16.1243055555556,8,3285.31,19.6725149700599,2109,0.926437237630079
"15634",17.8486111111111,1,243.55,16.2366666666667,99,1
"15636",90.0645833333333,2,724.76,28.9904,284,0.311119273190809
"15637",53.1819444444444,1,223.36,14.8906666666667,128,1
"15639",134.930555555556,1,425.32,17.0128,323,1
"15640",4.92708333333333,15,12416.11,26.0842647058824,6572,1.22297609723415
"15641",105.948611111111,4,1887.2,15.8588235294118,1562,0.472493909258201
"15643",192.216666666667,3,664,20.1212121212121,246,0.992160705536502
"15644",166.913888888889,4,803.54,3.46353448275862,550,1.26355506482301
"15645",19.0381944444444,1,612.01,11.7694230769231,256,1
"15646",158.122916666667,3,447.64,12.7897142857143,394,0.419181431815094
"15648",204.872916666667,2,639.5,26.6458333333333,218,0.954337596924912
"15649",336.969444444444,2,816,408,192,1.92650731359258
"15651",37.1729166666667,3,646.3,20.196875,479,0.401804399386132
"15652",91.9361111111111,1,337.74,16.0828571428571,208,1
"15653",93.0840277777778,2,877.44,146.24,1200,2
"15654",9.9875,2,922.53,43.93,475,2
"15655",243.892361111111,1,560.67,16.4902941176471,324,1
"15656",45.9125,4,748.5,15.9255319148936,343,0.502144575792447
"15657",23.0215277777778,1,30,30,24,1
"15658",190.894444444444,5,1024.1,21.3354166666667,242,0.823330754071866
"15659",44.14375,1,306.45,27.8590909090909,111,1
"15660",25.8277777777778,9,1600.86,17.7873333333333,1050,0.793422430101076
"15661",317.954166666667,2,309.8,61.96,236,2
"15663",106.875,1,138.14,15.3488888888889,106,1
"15664",51.0784722222222,1,386.43,22.7311764705882,157,1
"15665",168.911805555556,2,2222.21,19.3235652173913,1654,0.80008889876653
"15667",40.0791666666667,1,301.32,23.1784615384615,240,1
"15668",218.090972222222,1,76.32,76.32,72,1
"15669",40.8659722222222,4,684.34,20.7375757575758,342,0.537430410848132
"15670",297.083333333333,1,173.05,14.4208333333333,91,1
"15671",19.0048611111111,7,2657.13,34.0657692307692,1699,0.832906413709904
"15673",88.8597222222222,4,2726.23,19.7552898550725,1451,0.502111016513292
"15674",73.8979166666667,5,2446.6,21.4614035087719,1275,0.827592548601905
"15675",81.9597222222222,3,323.69,15.4138095238095,527,0.452313394549205
"15676",19.0069444444444,3,3435.76,17.0087128712871,2252,0.33949719836224
"15677",49.8847222222222,1,657.23,19.9160606060606,319,1
"15678",53.1423611111111,1,352.7,29.3916666666667,184,1
"15679",24.8548611111111,4,781.28,7.10254545454545,1170,0.757911357705213
"15680",9.96111111111111,3,1333.68,17.0984615384615,952,0.252128795793184
"15681",25.8472222222222,5,1426.16,26.908679245283,816,0.587972691934975
"15683",117.995833333333,1,193.75,19.375,131,1
"15687",9.17847222222222,9,2993.1,18.0307228915663,1310,0.839233293040926
"15689",120.134027777778,2,254.1,28.2333333333333,84,0.247948114561212
"15690",4.86875,2,239.76,12.6189473684211,408,0.623831218997971
"15691",252.900694444444,1,136.8,68.4,72,1
"15692",28.9430555555556,1,191.04,15.92,138,1
"15694",1.12916666666667,14,6479.4,83.0692307692308,1677,1.12878992898403
"15695",267.179166666667,2,409.98,18.6354545454545,212,2
"15696",33.95,8,2711.11,16.1375595238095,1015,0.818806002681969
"15699",18.1833333333333,1,309.65,17.2027777777778,113,1
"15700",172.83125,2,696.68,8.10093023255814,357,2
"15701",2.92430555555556,4,1529,6.64782608695652,912,1.11023303328772
"15703",265.082638888889,1,211.5,42.3,66,1
"15704",140.96875,4,2293.62,19.6035897435897,1028,1.59921519994817
"15705",201.884027777778,1,143.1,23.85,62,1
"15706",64.1118055555555,4,1060.56,19.2829090909091,321,2.2719802253573
"15707",35.9270833333333,4,916.98,4.47307317073171,594,2.35242866477892
"15708",41.0805555555556,7,3235.25,11.8507326007326,1217,0.638322124700786
"15709",284.091666666667,1,133.25,22.2083333333333,121,1
"15712",9.94513888888889,5,1072.36,20.2332075471698,486,0.539356816995733
"15713",143.969444444444,2,356.7,18.7736842105263,150,0.269143786329739
"15714",12.0583333333333,2,330.03,9.70676470588235,186,0.909081343841079
"15716",146.035416666667,4,1101.11,9.41119658119658,738,0.535759131623741
"15717",234.978472222222,1,150.3,21.4714285714286,70,1
"15719",33.0145833333333,13,5030.07,5.4028678839957,2718,1.27869434742417
"15720",24.9180555555556,1,598.73,4.677578125,281,1
"15721",12.025,1,471.4,5.61190476190476,388,1
"15722",36.0465277777778,5,2211.21,33.0031343283582,1023,0.58830098131872
"15723",365.068055555556,1,190.7,5.01842105263158,73,1
"15724",201.923611111111,2,218.25,19.8409090909091,73,0.721442885771543
"15725",15.9159722222222,1,415.25,12.9765625,221,1
"15727",17.0097222222222,7,5159.06,17.1397342192691,3063,0.612481746059073
"15729",213.009722222222,1,85,17,28,1
"15730",66.0131944444445,3,1120.88,16.0125714285714,689,0.638335599030676
"15732",212.934722222222,2,294.12,21.0085714285714,215,0.375058602906704
"15733",283.15625,1,162.3,16.23,62,1
"15734",115.083333333333,2,1339.45,51.5173076923077,346,0.699080030099279
"15737",15.0618055555556,8,1188.12,16.7340845070423,597,1.05237515225335
"15738",19.1833333333333,16,4812.42,27.8174566473988,2982,1.35663479202977
"15739",66.9638888888889,1,449.12,56.14,472,1
"15740",49.93125,1,154.88,17.2088888888889,152,1
"15743",16.8131944444444,4,775.96,9.02279069767442,214,0.713033072685634
"15744",78.1236111111111,1,34.8,11.6,120,1
"15745",19.9618055555556,4,1094.59,17.6546774193548,421,0.552922843584911
"15746",134.895138888889,1,196.88,7.03142857142857,178,1
"15747",13.0166666666667,3,946.64,10.5182222222222,466,0.562363314472177
"15748",40.9993055555556,1,144.36,7.218,50,1
"15749",235.979166666667,3,44534.3,4453.43,18028,0.927669016856949
"15750",3.01111111111111,8,2463.05,8.46408934707904,1783,0.65919226059457
"15752",40.0506944444444,7,2626.6,6.48543209876543,1960,0.630480741565444
"15753",305.00625,1,79.2,79.2,144,1
"15754",51.9236111111111,3,458.57,16.3775,199,0.461315032605291
"15755",10.9118055555556,6,2364.25,16.7677304964539,1427,0.633517783469879
"15756",61.9722222222222,4,528.01,2.7644502617801,241,0.638368613543168
"15757",66.025,2,714.42,15.876,491,0.394675534684853
"15758",25.0847222222222,1,205.25,22.8055555555556,47,1
"15759",218.900694444444,3,253.04,36.1485714285714,60,0.642908167314866
"15762",65.8576388888889,2,583.75,15.777027027027,251,2
"15763",32.1291666666667,2,1086.92,17.8183606557377,271,1.3072290979514
"15764",88.7861111111111,6,3279.97,18.2220555555556,2050,0.955628882703191
"15766",64.8243055555556,1,315.06,28.6418181818182,170,1
"15768",116.084722222222,3,621.83,23.0307407407407,244,0.817727525112311
"15769",7.95694444444444,26,56252.72,432.713230769231,29672,2.14320060449248
"15773",6.00138888888889,1,635.68,63.568,311,1
"15774",69.0319444444444,1,270.8,10.832,87,1
"15775",245.995833333333,1,104.9,14.9857142857143,68,1
"15776",133.961111111111,1,241.62,13.4233333333333,138,1
"15777",241.838194444444,4,1047.11,49.862380952381,378,0.999971065652036
"15780",184.034027777778,3,475.28,16.3889655172414,220,0.517204223834495
"15781",25.9118055555556,3,345.46,17.273,180,0.321156162183862
"15782",10.0840277777778,3,2614.74,60.8079069767442,864,1.12715254826926
"15783",11.125,1,246.3,17.5928571428571,212,1
"15785",33.0534722222222,5,2328.97,28.0598795180723,1612,0.570589291940955
"15786",46.9423611111111,3,4919,18.4924812030075,3340,1.32298897509187
"15787",26.9131944444444,3,933.26,4.6663,534,2.56613337557421
"15789",358.927083333333,1,351.3,14.052,438,1
"15790",10.9145833333333,1,218.75,6.43382352941176,113,1
"15791",44.1083333333333,2,1612.69,21.5025333333333,731,0.373155278376429
"15793",15.1381944444444,3,965.61,80.4675,553,0.354402410811461
"15795",150.088194444444,1,610.01,14.5240476190476,581,1
"15796",1.70486111111111,8,2708.61,20.5197727272727,860,0.796873378756961
"15797",113.823611111111,4,2207.4,275.925,873,0.582373102990392
"15799",76.0027777777778,3,884.14,9.02183673469388,955,0.347627362779731
"15800",107.935416666667,2,696.89,5.95632478632479,332,0.431430511724524
"15801",46.9569444444444,3,1063.95,16.62421875,570,1.4248177750415
"15802",143.05,1,451.42,451.42,1,1
"15803",51.9125,1,415.82,51.9775,290,1
"15804",1.01319444444444,13,4206.39,16.0549236641221,2565,1.96873718270063
"15805",23.8458333333333,17,5488.18,18.3551170568562,3367,1.49432607806552
"15806",46.9270833333333,3,784.58,25.3090322580645,602,0.39093725396744
"15807",50.9444444444444,3,903.9,18.83125,430,3
"15808",306.928472222222,4,3651.27,18.7244615384615,1305,1.90291604263941
"15809",36.8402777777778,5,515.77,14.7362857142857,301,0.563433186214668
"15810",79.1333333333333,4,1391.98,15.6402247191011,861,0.55041137516842
"15811",22.8881944444444,6,2218.62,16.6813533834586,1071,0.524779216151538
"15812",107.938194444444,5,1801.14,43.930243902439,922,0.713985859113402
"15813",208.192361111111,2,1303.91,32.59775,603,1.87728141839041
"15814",17.1895833333333,4,1945.33,27.0184722222222,1271,3.53280314026946
"15815",64.0055555555556,5,2100.6,42.869387755102,1856,0.764658611790611
"15819",49.9166666666667,4,1905.45,15.4914634146341,1357,0.528141571282302
"15820",320.034722222222,1,206.98,12.1752941176471,128,1
"15821",44.8763888888889,2,570.96,9.20903225806452,202,2
"15822",3.91666666666667,2,885.47,26.8324242424242,375,0.168515657913214
"15823",372.904166666667,1,15,15,1,1
"15825",172.974305555556,1,532.94,26.647,220,1
"15826",56.8645833333333,3,1654.31,24.3280882352941,963,0.583570859281073
"15827",73.8854166666667,14,1836.09,15.966,882,1.4041963367378
"15829",99.8368055555556,2,636.14,12.4733333333333,996,1.45400693345899
"15830",38.0902777777778,1,576,14.7692307692308,415,1
"15831",58.9833333333333,3,794.64,12.04,1092,0.338432451911778
"15832",254.889583333333,1,836.79,15.4961111111111,465,1
"15834",70.9229166666667,4,2225.15,8.27193308550186,961,0.580081842565519
"15835",44.8770833333333,4,954.09,19.0818,439,0.419262796249927
"15836",50.8173611111111,1,137.37,13.737,26,1
"15837",65.1590277777778,1,391.98,16.3325,189,1
"15838",11.9513888888889,19,33643.08,201.455568862275,18368,1.60064275323034
"15839",33.9555555555556,3,1048.49,16.9111290322581,675,0.783370305671577
"15840",59.1541666666667,2,355.56,13.1688888888889,396,0.526809994756289
"15841",73.0243055555556,4,1224.06,26.043829787234,942,0.451068939413715
"15843",304.104861111111,1,118.95,14.86875,27,1
"15844",46.8965277777778,1,130.74,11.8854545454545,134,1
"15845",18.1305555555556,8,3711.77,26.896884057971,1926,0.750744553517703
"15847",38.9229166666667,2,389.27,17.6940909090909,449,0.240083362278569
"15850",19.9416666666667,2,234.88,2.52559139784946,298,0.402688317378052
"15852",187.061111111111,2,160.71,7.305,48,2
"15853",52.0916666666667,1,110.8,3.69333333333333,135,1
"15854",4.96597222222222,12,2969.12,21.5153623188406,926,1.00818371347668
"15855",137.104166666667,5,712.24,8.903,470,1.18195547967693
"15856",4.82013888888889,27,16143.64,25.7064331210191,10866,2.24283969964715
"15857",19.0222222222222,1,297,21.2142857142857,308,1
"15858",16.0013888888889,5,1427.57,7.59345744680851,1163,0.426222973812939
"15860",41.0590277777778,8,965.16,6.94359712230216,437,0.731727456929497
"15861",12.86875,8,3146.92,5.82762962962963,2528,0.941825386227439
"15862",8.97361111111111,4,832.88,5.66585034013605,585,0.328687702933271
"15863",26.0006944444444,2,68.84,3.82444444444444,19,0.359172406912406
"15864",22.9708333333333,6,1936.32,96.816,1192,0.612521238559535
"15865",41.0048611111111,3,895.13,22.37825,368,0.520108034786238
"15866",101.945138888889,1,211.89,4.92767441860465,124,1
"15867",5.97083333333333,15,3810.14,8.30095860566449,2052,1.23636988065596
"15869",277.810416666667,2,149.64,9.976,175,2
"15870",33.0777777777778,1,351.44,4.74918918918919,333,1
"15872",15.0381944444444,2,316.25,2.92824074074074,187,2
"15874",64.0131944444445,7,4405.88,36.7156666666667,2534,0.950396469955969
"15877",2.03958333333333,2,490.33,3.89150793650794,368,2
"15880",369.993055555556,1,329.03,3.42739583333333,202,1
"15881",312.827083333333,5,501.39,17.2893103448276,260,2.87666307083783
"15882",199.052083333333,4,516.36,22.4504347826087,276,0.706130421635052
"15883",2.82291666666667,2,396.48,8.09142857142857,223,1.92964824120603
"15885",93.0881944444444,3,379.35,21.075,111,0.415125162158266
"15886",60.9340277777778,1,181.09,15.0908333333333,147,1
"15888",81.0138888888889,1,168.31,14.0258333333333,76,1
"15889",157.069444444444,2,420.07,4.942,206,0.281912567949412
"15891",227.010416666667,1,511.68,8.528,418,1
"15894",253.958333333333,2,258.25,6.97972972972973,164,0.517290928249832
"15895",150.099305555556,1,179.17,16.2881818181818,94,1
"15897",194.958333333333,2,208.59,9.48136363636364,223,2
"15898",1.89375,5,1383.83,16.4741666666667,567,0.408516819167004
"15899",369.093055555556,1,56.25,14.0625,39,1
"15900",24.0215277777778,1,337.28,7.17617021276596,216,1
"15901",17.0048611111111,3,351.73,3.16873873873874,379,0.652091876525196
"15903",10.1958333333333,7,5126.76,69.2805405405405,2410,0.734900992505176
"15904",8.91666666666667,1,164.68,5.48933333333333,84,1
"15906",20.0180555555556,7,1567.69,10.4512666666667,544,0.889998116406103
"15907",4.02013888888889,3,882.72,3.9058407079646,478,0.43484096094484
"15909",174.091666666667,1,191.94,27.42,98,1
"15910",1.08263888888889,8,1228.88,4.61984962406015,1013,0.759600506400337
"15912",178.93125,2,264.62,13.9273684210526,185,1.09313123900859
"15916",16.9611111111111,8,1502.86,9.95271523178808,752,0.685661228595406
"15917",248.090277777778,1,123.1,10.2583333333333,42,1
"15918",191.047222222222,2,334.23,8.35575,153,0.742350949848351
"15919",20.0569444444444,2,525.69,4.30893442622951,385,0.17191908660026
"15920",154.888194444444,4,167.5,2.79166666666667,99,4
"15921",173.074305555556,1,323.03,13.4595833333333,162,1
"15922",373.957638888889,1,369.5,33.5909090909091,138,1
"15923",373.023611111111,1,127.08,6.05142857142857,122,1
"15925",194.885416666667,1,207.15,17.2625,93,1
"15930",67.9152777777778,1,426.63,20.3157142857143,139,1
"15932",4.81736111111111,8,2495.87,21.7032173913043,2325,0.841811941745445
"15933",21.9833333333333,3,1107.46,14.9656756756757,885,1.38359542644845
"15935",239.974305555556,2,416.86,34.7383333333333,115,2
"15937",64.8763888888889,1,145.35,20.7642857142857,73,1
"15938",112.995833333333,5,404.58,22.4766666666667,240,0.710514629693591
"15939",90.0555555555556,15,6115.01,80.4606578947368,4728,1.8598937449592
"15940",311.855555555556,1,35.8,35.8,4,1
"15942",134.159027777778,1,337.44,24.1028571428571,232,1
"15944",277.095138888889,1,325.1,54.1833333333333,50,1
"15945",365.983333333333,1,181,90.5,52,1
"15947",83.0861111111111,1,1708.24,58.9048275862069,898,1
"15948",8.8875,2,955.24,15.9206666666667,567,1.70021843084007
"15949",17.1534722222222,2,364.72,19.1957894736842,284,1.09790965118495
"15950",32.0701388888889,4,1744.71,17.9867010309278,719,0.365890067820943
"15951",9.17777777777778,2,708.22,17.2736585365854,313,0.216716790785523
"15952",34.0638888888889,4,781.91,9.30845238095238,391,0.625219351407286
"15953",15.8875,8,1657.28,17.0853608247423,891,0.677943492939069
"15955",24.9409722222222,14,4416.26,24.1325683060109,2135,1.20648004260981
"15957",32.025,1,428.89,10.2116666666667,211,1
"15958",74.9645833333333,1,104.35,14.9071428571429,33,1
"15963",20.0534722222222,2,470.76,16.8128571428571,298,2
"15965",17.8375,4,808.87,7.28711711711712,434,0.342717064057151
"15967",23.88125,2,397.68,4.971,205,0.203282638156904
"15969",3.07222222222222,3,666.1,33.305,124,0.491939555204652
"15970",304.029166666667,1,314.1,28.5545454545455,116,1
"15971",18,12,4199.85,119.995714285714,1717,1.22517565814196
"15973",367.047222222222,1,307.82,76.955,106,1
"15974",39.9840277777778,7,3442.15,19.5576704545455,2262,0.842943276941989
"15975",84.9701388888889,1,371.01,15.45875,243,1
"15976",165.993055555556,2,427.64,4.45458333333333,275,1.09439124487004
"15977",17.9729166666667,2,1054.73,16.2266153846154,1016,2
"15978",77.8951388888889,1,1098.78,22.4240816326531,888,1
"15980",89.13125,3,2398.86,55.7874418604651,1560,0.542904539285176
"15981",25.2013888888889,8,3408.48,35.1389690721649,1866,0.836945729300366
"15983",22.8027777777778,4,1465.12,13.0814285714286,886,0.341664705917245
"15984",3.02361111111111,10,2780.63,10.7776356589147,1815,0.819773234024385
"15985",123.846527777778,2,1142.42,30.8762162162162,1086,0.529908553975234
"15986",30.8979166666667,1,168.12,12.0085714285714,268,1
"15987",12.8833333333333,7,1432.77,11.193515625,1533,0.589400152807447
"15988",19.9770833333333,1,156.78,6.03,180,1
"15990",44.8694444444444,2,792.11,15.2328846153846,443,0.246897351854445
"15992",4.07638888888889,1,41.99,13.9966666666667,17,1
"15993",9.08680555555556,7,2777.67,5.11541436464088,2037,5.87138863000932
"15994",55.0152777777778,1,414.27,12.9459375,173,1
"15996",88.9,6,1032.58,8.13055118110236,380,0.647554806070826
"15998",37.0034722222222,5,3080.22,6.11154761904762,2032,0.460168771157644
"16000",3.02291666666667,3,12393.7,1377.07777777778,5110,3
"16003",30.1201388888889,5,2735.37,26.5569902912621,1185,0.454671752254414
"16005",12.9604166666667,4,578.71,2.87915422885572,280,0.464964845105895
"16006",211.984722222222,1,101.4,12.675,84,1
"16007",48.0729166666667,4,1693.81,4.44569553805774,1388,0.714720005956
"16008",24.0958333333333,3,478.78,14.5084848484848,323,0.497279543239531
"16009",22.8326388888889,4,972.11,11.855,366,0.874471799802636
"16010",246.108333333333,3,392.4,4.96708860759494,202,0.769797334220343
"16011",8.84652777777778,16,3352.96,15.9664761904762,2035,1.34078992545348
"16012",35.9756944444444,3,1415.29,15.0562765957447,799,0.751204187267785
"16013",4.09305555555556,47,37130.6,267.126618705036,15536,3.8326283064064
"16014",38.0319444444444,3,646.83,4.68717391304348,258,0.354658449682832
"16015",4.07777777777778,3,704.55,3.89254143646409,907,1.96001330873234
"16016",3.92708333333333,8,1465.51,6.54245535714286,602,0.661006543123218
"16017",47.9958333333333,1,211.88,6.62125,102,1
"16018",39.9423611111111,2,408.9,14.6035714285714,190,0.425487907574571
"16019",47.0409722222222,9,3786.24,23.664,1733,0.849127067672457
"16020",17.0638888888889,3,851.01,18.5002173913043,487,1.84080449974433
"16022",260.981944444444,1,602.63,8.48774647887324,255,1
"16023",46.8444444444444,3,719.81,7.12683168316832,358,0.408856023370412
"16024",12.975,1,251.03,3.98460317460317,397,1
"16025",30.0451388888889,1,439.66,15.7021428571429,338,1
"16026",43.95625,1,236.09,7.3778125,243,1
"16027",92.0854166666667,6,934.62,58.41375,1147,0.853338952026022
"16029",39.0993055555556,63,80850.84,335.480663900415,40108,5.64144020894223
"16030",310.056944444444,1,331.24,11.4220689655172,283,1
"16031",92.9881944444444,2,547.9,5.59081632653061,421,0.387228626234739
"16033",6.00416666666667,20,8778.82,7.78264184397163,3529,1.64794921875
"16034",196.85625,3,437.7,19.8954545454545,242,0.660877192087831
"16036",87.9145833333333,2,758.92,13.7985454545455,716,0.340758503186723
"16037",270.150694444444,3,855.02,21.9235897435897,428,1.01174909247043
"16038",8.00694444444444,3,471.78,18.1453846153846,244,0.463799650003042
"16040",65.9604166666667,3,1313.55,20.2084615384615,684,0.443002710657018
"16041",31.0173611111111,3,3166.4,527.733333333333,1584,0.812040251130967
"16042",22.7916666666667,5,1177.47,16.821,743,0.483583893969754
"16043",38,4,773.99,19.8458974358974,503,0.428469412044751
"16045",120.00625,4,1340.7,16.1530120481928,897,0.702136477777868
"16048",373.890277777778,2,256.44,32.055,144,2
"16049",40.9798611111111,3,1074.81,3.59468227424749,763,2.57520963319159
"16050",174.045833333333,1,137.9,13.79,278,1
"16052",54.9006944444444,1,362.06,10.6488235294118,282,1
"16053",33.0618055555556,2,1511.95,17.9994047619048,1793,0.667779632721202
"16054",145.9875,1,783.9,11.1985714285714,380,1
"16055",221.141666666667,1,134.8,16.85,22,1
"16056",45.8965277777778,1,650.75,9.85984848484848,345,1
"16057",16.89375,7,2263.12,18.7034710743802,863,0.782997762863535
"16059",66.1208333333333,6,1453.16,8.1638202247191,641,0.596081317266121
"16062",10.0243055555556,4,1153.62,18.0253125,800,0.338018250638185
"16063",260.9125,1,335.32,14.5791304347826,262,1
"16065",365.990972222222,1,367.14,5.02931506849315,228,1
"16066",17.0388888888889,5,1521.04,15.059801980198,935,1.39031030953714
"16070",22.875,2,852.15,25.8227272727273,457,2
"16071",45.0666666666667,1,326.24,15.5352380952381,180,1
"16072",288.929166666667,1,584.32,25.4052173913043,140,1
"16073",297.88125,1,122.4,122.4,48,1
"16076",3.91041666666667,10,2234.73,17.323488372093,1435,1.46268131153758
"16078",284.127083333333,1,79.2,79.2,16,1
"16079",17.0013888888889,3,1352,64.3809523809524,864,3
"16080",82.0888888888889,2,217.16,21.716,128,0.311151765714245
"16081",56.9888888888889,5,2799.42,12.5534529147982,1473,0.483751763678305
"16083",101.085416666667,2,1317.62,42.5038709677419,908,0.230808685245341
"16084",299.864583333333,1,436.18,11.4784210526316,216,1
"16085",23.9763888888889,5,981.51,5.87730538922156,636,0.504959591543797
"16086",59.9868055555556,5,1121.39,28.7535897435897,511,0.487052520496793
"16091",155.170138888889,2,315.06,17.5033333333333,154,1.36434696101189
"16092",115.086111111111,3,817.86,16.0364705882353,628,0.643789615911936
"16093",107.070138888889,1,17,17,20,1
"16094",12.0034722222222,4,1078.23,17.1147619047619,647,0.577061793700409
"16096",264.966666666667,1,320.62,26.7183333333333,155,1
"16097",240.960416666667,1,185.05,18.505,87,1
"16098",88.11875,7,2005.63,29.934776119403,613,0.734240774643442
"16099",50.9840277777778,3,731.9,18.7666666666667,434,0.513716956227034
"16101",71.1055555555556,1,1290.7,16.9828947368421,757,1
"16102",42.9798611111111,3,1842.14,32.3182456140351,942,1.04626662038121
"16103",7.94027777777778,6,1429.64,29.7841666666667,558,0.796195952670574
"16104",62.1020833333333,1,298.21,10.6503571428571,122,1
"16105",249.109027777778,1,336.96,25.92,330,1
"16106",66.0923611111111,1,108.38,18.0633333333333,74,1
"16107",18.1319444444444,7,3204.16,103.36,1176,1.26793516088185
"16108",85.0430555555556,1,842.5,17.5520833333333,615,1
"16109",219.147916666667,2,611.88,33.9933333333333,612,0.667697063369397
"16110",45.9270833333333,3,1320.95,3.8624269005848,720,0.338315834538496
"16112",143.931944444444,4,195.74,12.23375,574,0.615031979527408
"16113",183.856944444444,1,161.38,5.37933333333333,176,1
"16114",171.109027777778,1,135.75,16.96875,43,1
"16115",10.0541666666667,8,1660.88,5.95297491039427,994,0.848143948875767
"16116",212.034027777778,1,612.78,18.0229411764706,248,1
"16117",190.047222222222,1,232.21,7.74033333333333,130,1
"16119",8.90208333333333,2,423.36,26.46,240,0.934498572293848
"16120",59.9361111111111,4,1309.14,43.638,878,4
"16121",57.99375,2,854.66,4.18950980392157,576,0.379635040665767
"16122",73.8861111111111,4,684.42,18.0110526315789,1128,0.409330266514747
"16123",52.1472222222222,1,307.78,19.23625,170,1
"16124",317.920138888889,1,249,22.6363636363636,48,1
"16125",367.876388888889,1,289.35,22.2576923076923,124,1
"16126",29.8659722222222,4,6287.77,53.7416239316239,2125,0.449105298039063
"16127",39.9527777777778,1,656.25,16.40625,323,1
"16128",18.0666666666667,5,1880.22,21.1260674157303,988,0.566137136237232
"16131",52.0395833333333,6,3506.54,44.955641025641,1802,0.956736465611747
"16133",4.05972222222222,33,14589.04,43.1628402366864,8887,3.14473594232886
"16134",22.1145833333333,2,618.09,17.6597142857143,371,0.177600542668325
"16135",263.013888888889,1,517.55,24.6452380952381,209,1
"16136",60.1527777777778,3,709.38,19.1724324324324,440,0.412899279337832
"16139",19.1756944444444,3,635.41,20.4970967741935,330,0.478910921090557
"16140",66.0243055555556,2,725.18,20.7194285714286,730,0.196142975516181
"16141",88.9854166666667,1,620.4,20.68,238,1
"16142",250.106944444444,1,535.34,14.4686486486486,422,1
"16143",3.94236111111111,6,2424.94,20.7259829059829,919,0.491863940414631
"16144",247.111805555556,1,175.2,175.2,16,1
"16145",9.09513888888889,11,3799.49,16.9620089285714,3123,0.940014717402141
"16146",157.9375,3,734.13,25.3148275862069,427,1.20072265715477
"16147",134.120138888889,1,375,17.0454545454545,246,1
"16148",296.950694444444,1,76.32,76.32,72,1
"16149",5.05625,2,280.52,15.5844444444444,308,0.435231594589829
"16150",43.0076388888889,5,2053.02,17.5471794871795,1047,0.454878572692123
"16152",269.127083333333,1,1829.04,63.0703448275862,642,1
"16153",50.0833333333333,5,1824.23,20.4969662921348,1073,0.491704758609386
"16156",9.00555555555556,9,3092.04,24.1565625,1273,0.893957509427021
"16157",16.0479166666667,3,656.69,36.4827777777778,347,1.5790820367234
"16159",282.015972222222,1,348.2,24.8714285714286,236,1
"16160",65.9381944444444,2,1025.44,51.272,1162,2
"16161",2.02777777777778,19,5533.67,11.7487685774947,2583,1.55276036828873
"16162",252.907638888889,1,37.4,18.7,4,1
"16163",232.899305555556,2,856.6,142.766666666667,192,0.451299837552952
"16164",17.9069444444444,3,822.48,24.1905882352941,433,3
"16168",11.0034722222222,27,3787.6,38.6489795918367,1892,2.2559750264493
"16169",8.89027777777778,4,1822.97,21.4467058823529,1325,1.78669286046632
"16170",51.1868055555556,6,1885.05,15.0804,1770,0.910115555181022
"16171",59.9159722222222,1,73.2,24.4,24,1
"16172",95.9777777777778,5,1140.21,16.5247826086957,787,1.02700646633701
"16173",16.08125,6,1418.32,16.8847619047619,575,2.17358490566038
"16174",126.975,3,1009.55,43.8934782608696,651,3
"16175",94.9291666666667,4,1037.59,17.8894827586207,533,0.821941265447073
"16177",50.9951388888889,1,331.95,22.13,95,1
"16178",138.864583333333,1,197.9,24.7375,94,1
"16179",61.13125,1,215.83,19.6209090909091,99,1
"16180",100.848611111111,8,10254.18,63.2974074074074,5867,1.57631873018769
"16181",73.9666666666667,1,305.54,27.7763636363636,152,1
"16182",72.9770833333333,4,6617.65,236.344642857143,3791,0.540216086434574
"16183",67.9104166666667,1,338.71,22.5806666666667,113,1
"16184",64.7965277777778,6,1158.79,25.7508888888889,561,1.22304534516114
"16185",17.13125,2,529.41,17.0777419354839,260,0.277901074936797
"16186",23.0048611111111,12,4006.94,18.3804587155963,3020,1.02881025952453
"16187",32.125,15,6911.44,23.4286101694915,5048,1.77975039550009
"16188",45.0215277777778,4,981.86,14.6546268656716,782,0.605731311892034
"16189",16.04375,2,215.48,19.5890909090909,134,0.858966456564532
"16190",40.86875,1,215.08,35.8466666666667,88,1
"16191",3.05833333333333,13,5180.52,38.6605970149254,3351,1.08953764492248
"16193",237.045138888889,1,314.45,16.55,219,1
"16198",75.9111111111111,1,400.681,26.7120666666667,129,1
"16200",4.92361111111111,2,1068.87,6.21436046511628,516,0.375109081199828
"16201",3.86666666666667,4,1863.47,16.788018018018,1286,1.1297440423654
"16202",361.088194444444,1,365.27,20.2927777777778,191,1
"16203",59.0131944444444,4,592.9,16.94,262,0.382324568778597
"16204",23.9652777777778,1,384.18,7.6836,218,1
"16205",31.1375,4,757.63,7.81061855670103,516,0.805823567541352
"16206",55.0895833333333,4,537.06,8.5247619047619,272,0.439589512940925
"16207",25.9576388888889,1,394.38,20.7568421052632,140,1
"16208",45.0513888888889,2,664.26,10.0645454545455,333,0.24498198078139
"16209",89.0361111111111,5,2262.62,49.1873913043478,1179,0.949471416954219
"16210",2.00972222222222,18,21086.3,171.433333333333,7559,1.45158851497791
"16211",89.0270833333333,1,547.02,23.7834782608696,154,1
"16212",19.9930555555556,2,690.34,16.8375609756098,244,0.227267346890462
"16213",79.1159722222222,1,159,26.5,48,1
"16214",171.055555555556,3,1062.75,24.1534090909091,420,0.909812070454274
"16215",81.1055555555556,1,242.35,17.3107142857143,104,1
"16216",267.886111111111,1,914.93,24.7278378378378,254,1
"16217",235.971527777778,2,304.25,20.2833333333333,91,1.27880644731584
"16218",30.11875,7,3084.68,36.722380952381,2088,0.610576049427585
"16221",37.0465277777778,3,860.86,9.06168421052632,714,0.271954674220963
"16222",318.966666666667,1,773.55,6.3405737704918,325,1
"16224",57.7909722222222,4,1295.3,13.4927083333333,1116,0.624207549010046
"16225",45.1805555555556,5,1096.32,8.18149253731343,493,0.644212673691368
"16226",203.922916666667,3,255.12,31.89,192,2.80622739969253
"16227",225.970138888889,1,314.22,52.37,90,1
"16229",87.8152777777778,2,1010.6,21.5021276595745,318,0.478887915839883
"16230",190.113888888889,2,542.03,15.4865714285714,365,1.94884287454324
"16232",44.0236111111111,4,990.88,26.7805405405405,550,0.697981589119889
"16233",71.8076388888889,3,536.68,24.3945454545455,174,0.30488665556277
"16235",41.0791666666667,5,867.31,18.8545652173913,330,0.514048272940594
"16236",78.9444444444444,1,432.2,21.61,184,1
"16239",57.18125,2,414.2,21.8,228,0.451271551611572
"16240",24.9305555555556,2,3718.8,27.5466666666667,1641,1.13139355210434
"16241",10.0708333333333,13,2590.31,3.95467175572519,1443,1.08332497434433
"16242",8.90138888888889,7,3579.86,12.2597945205479,1969,0.780894930380531
"16243",34.0125,2,409.1,8.02156862745098,110,2
"16244",212.105555555556,2,1522.75,16.7335164835165,855,0.372804273441579
"16245",24.1083333333333,3,1413.66,15.7073333333333,1014,0.386215446233803
"16247",170.935416666667,1,114.56,7.16,182,1
"16248",62.0541666666667,1,152.94,21.8485714285714,78,1
"16249",53.1131944444444,5,1800.07,26.0879710144928,950,0.802803866838625
"16250",261.904861111111,2,389.44,16.2266666666667,208,0.534693170284922
"16253",67.1534722222222,2,3683.86,29.950081300813,3233,0.317768558566511
"16255",17.0069444444444,8,2619.91,9.70337037037037,1767,0.687822790100606
"16256",267.022222222222,1,752.43,57.8792307692308,581,1
"16257",177.110416666667,1,46.95,23.475,2,1
"16258",45.9722222222222,5,5203.51,38.5445185185185,2994,0.862285775877555
"16260",51.1319444444444,1,1035.45,57.525,311,1
"16261",17.8104166666667,4,728.54,6.12218487394958,301,0.524179604317201
"16265",9.83958333333333,9,5447,21.1124031007752,2646,0.759998436217209
"16266",74.0291666666667,7,861.89,14.1293442622951,398,1.58028407487536
"16268",71.7638888888889,2,667.65,14.8366666666667,533,2
"16270",353.933333333333,1,1141.24,21.1340740740741,688,1
"16271",3.00347222222222,5,1404.64,10.8049230769231,1024,0.421538263379449
"16272",117.080555555556,1,411.7,16.468,224,1
"16274",373.885416666667,1,351.75,5.41153846153846,153,1
"16275",197.00625,1,559.87,16.9657575757576,336,1
"16276",177.136111111111,1,810.6,135.1,420,1
"16278",100.818055555556,1,566.38,24.6252173913043,114,1
"16279",21.9097222222222,3,1502.78,14.1771698113208,1046,0.580151304892788
"16281",72.9118055555556,1,2062.06,121.297647058824,934,1
"16282",340.047222222222,1,168.3,15.3,114,1
"16283",6.02916666666667,5,1570.81,9.46271084337349,1236,0.739141295755755
"16284",31.8597222222222,2,812.68,7.89009708737864,535,2
"16287",170.154166666667,1,142.5,17.8125,298,1
"16292",122.018055555556,1,302.25,17.7794117647059,191,1
"16293",22.1194444444444,10,2248.99,19.0592372881356,982,0.867581375919797
"16295",10.1895833333333,4,1328.55,16.8170886075949,841,2.18590294995699
"16297",269.18125,1,301.9,15.095,206,1
"16298",23.0354166666667,3,598.2,22.1555555555556,198,0.548518027874535
"16302",127.129166666667,1,233.22,21.2018181818182,158,1
"16303",26.0840277777778,3,5360.63,33.0903086419753,2659,0.292344235337109
"16305",139.022222222222,1,361.22,16.4190909090909,256,1
"16306",214.026388888889,6,632.27,15.4212195121951,487,1.16981234260337
"16308",38.0597222222222,4,2560,640,8000,0.536049981697368
"16309",106.885416666667,2,706.57,16.8230952380952,467,0.447230432374514
"16311",18.1638888888889,2,616.26,16.6556756756757,394,1.88559830645337
"16313",3.99166666666667,2,274.15,17.134375,165,1.29967808899185
"16315",331.036805555556,1,226.37,16.1692857142857,75,1
"16316",64.9597222222222,8,2938.91,19.4629801324503,1484,0.816399809128748
"16317",120.002777777778,3,1341.65,19.4442028985507,890,0.505823211665158
"16318",35.9895833333333,1,328.15,17.2710526315789,199,1
"16319",218.057638888889,1,404.4,134.8,72,1
"16320",172.892361111111,2,1038.46,18.5439285714286,732,1.46356337026121
"16321",72.9131944444444,5,373.65,31.1375,135,0.597338525016316
"16322",1.88125,2,326.75,8.83108108108108,231,1.71197590552429
"16323",196.918055555556,1,207.5,207.5,50,1
"16324",128.994444444444,3,408.59,3.68099099099099,270,1.83902826654558
"16325",47.1680555555556,3,594.24,33.0133333333333,194,0.45231181594818
"16326",6.11041666666667,14,3039.22,10.1307333333333,682,1.27689221999367
"16327",14.9770833333333,6,3820.27,12.0513249211356,2560,0.507002581957593
"16330",18.0180555555556,3,251.91,6.45923076923077,147,0.949339271587213
"16332",28.9361111111111,7,1582.8,10.482119205298,797,0.758111340082129
"16333",8.02152777777778,22,26626.8,591.706666666667,32184,2.18498329766029
"16337",37.1159722222222,1,151.05,15.105,87,1
"16338",157.954166666667,1,214.8,19.5272727272727,94,1
"16339",284.964583333333,1,94.05,5.225,21,1
"16340",107.914583333333,1,534.31,3.78943262411348,486,1
"16341",25.1513888888889,4,1971.87,25.6087012987013,1398,0.678626409877784
"16342",75.9263888888889,4,322.41,21.494,157,1.1518003546052
"16343",16.7951388888889,2,328.58,7.64139534883721,175,2
"16344",158.875,1,101.1,50.55,18,1
"16345",44.8659722222222,1,565.46,15.2827027027027,288,1
"16347",11.9833333333333,2,847.45,9.97,341,2
"16348",32.8791666666667,7,1415.65,6.3768018018018,805,1.00963223878604
"16349",291.006944444444,1,53.5,5.94444444444444,9,1
"16350",21.8729166666667,4,1116.47,19.5871929824561,545,0.38429975380797
"16351",333.1,1,153.9,19.2375,90,1
"16352",18.0958333333333,2,494.44,17.6585714285714,300,2
"16353",4.01875,23,6675.71,71.0181914893617,2006,1.88519582433679
"16354",63.9319444444444,2,395.8,10.1487179487179,150,2
"16356",198.040972222222,3,211.77,6.83129032258065,93,1.12539076068079
"16357",33.8652777777778,3,658.88,19.3788235294118,246,0.499366159465801
"16358",1.90347222222222,4,2027.5,18.6009174311927,1302,0.655727751552041
"16359",7.82361111111111,9,1750.92,26.5290909090909,1183,0.83266407529956
"16360",5.02361111111111,6,3450.41,5.42517295597484,2110,2.14452368738934
"16361",10.0125,4,891.21,8.56932692307692,418,1.93637311041137
"16362",32.9923611111111,5,709.99,9.22064935064935,340,2.54554882504066
"16363",53.9416666666667,1,109.36,21.872,52,1
"16364",12.0576388888889,2,705.79,13.5728846153846,279,0.476684395206674
"16365",18.0597222222222,9,1540.42,30.2043137254902,504,0.771972321774266
"16366",19.1881944444444,1,327.3,18.1833333333333,256,1
"16367",37.9840277777778,2,800.67,6.30448818897638,643,0.184586986617443
"16368",2.98472222222222,2,479.91,6.95521739130435,251,2
"16369",18.8506944444444,3,1545.41,13.2086324786325,1030,0.504818366663291
"16370",82.8715277777778,4,1301.91,5.89099547511312,640,0.839344262295082
"16372",33.9875,2,355.73,3.86663043478261,158,2
"16374",66.8951388888889,2,466.73,4.28192660550459,237,0.306019444985567
"16376",9.05,2,974.96,7.99147540983607,691,2
"16377",267.88125,1,676.2,135.24,1500,1
"16378",247.904861111111,3,362.95,15.7804347826087,267,1.42629175149948
"16379",4.88333333333333,4,2157.4,19.9759259259259,1410,1.61608604161796
"16380",61.8819444444444,1,1743.15,56.2306451612903,1428,1
"16383",75.0034722222222,2,643.76,6.56897959183673,467,0.309294957847823
"16384",90.0631944444444,2,584.5,17.7121212121212,260,0.344736779105121
"16385",60.9847222222222,3,554.86,9.73438596491228,258,0.294106967793472
"16386",29.0152777777778,2,302.57,3.73543209876543,205,0.266659259465015
"16387",323.052777777778,1,94.36,23.59,44,1
"16389",53.9229166666667,4,1382.07,40.6491176470588,1242,0.521843120911776
"16392",270.027083333333,1,217.89,5.06720930232558,201,1
"16393",2.99930555555556,13,3040.96,9.29957186544343,1573,1.06270850639877
"16394",57.1263888888889,5,1555.34,18.7390361445783,2604,0.643911164107915
"16395",61,5,1482.06,7.19446601941748,1472,0.555498405513836
"16398",154.898611111111,2,1705.8,20.8024390243902,758,0.604627076656076
"16399",19.8597222222222,2,408.02,5.66694444444444,263,0.277647452006196
"16400",95.0159722222222,1,303.93,10.4803448275862,172,1
"16401",1.77430555555556,12,4098.32,22.0339784946237,3882,1.10326275487945
"16402",265.017361111111,2,293.45,5.14824561403509,146,0.571719724992225
"16403",312.965972222222,1,177.5,17.75,114,1
"16404",70.9131944444444,1,443.05,19.2630434782609,157,1
"16405",302.893055555556,2,167.25,33.45,187,2
"16406",19.0368055555556,1,154.35,2.66120689655172,116,1
"16407",13.0729166666667,10,2079.68,12.3790476190476,1093,1.00040989016333
"16409",36.8368055555556,5,2022.98,8.75748917748918,1304,0.533657480840214
"16411",19.9770833333333,2,211.7,4.81136363636364,131,0.171429591842809
"16412",54.0104166666667,1,135.99,4.533,63,1
"16413",57.0291666666667,1,262.2,8.45806451612903,148,1
"16414",22.1305555555556,2,126.25,18.0357142857143,27,0.231800072437523
"16415",44.96875,1,200.27,4.26106382978723,178,1
"16416",27,3,1051.4,14.8084507042254,672,3
"16418",45.0076388888889,3,631.12,6.64336842105263,280,0.494987109710685
"16419",113.011805555556,6,958.71,19.1742,428,0.904497361882695
"16422",17.9513888888889,51,34684.4,93.9956639566396,33704,4.34740570458873
"16423",25.1451388888889,1,346.12,19.2288888888889,230,1
"16424",191.965277777778,1,133.56,26.712,88,1
"16425",302.930555555556,1,302.7,14.4142857142857,199,1
"16426",2.95069444444444,10,1863.76,5.27977337110482,1215,1.09517918348308
"16427",263.819444444444,2,241.06,26.7844444444444,156,2
"16429",106.955555555556,1,284.55,142.275,9,1
"16430",57.91875,1,300.85,50.1416666666667,103,1
"16431",213.945138888889,3,623.28,8.20105263157895,442,1.0713665710483
"16432",64.9520833333333,1,287.4,35.925,276,1
"16433",28.9451388888889,1,184.26,10.8388235294118,106,1
"16434",29.9319444444444,7,1511.8,14.1289719626168,760,0.777515806145563
"16438",6.08263888888889,5,798.35,6.04810606060606,463,1.95086705202312
"16440",8.03333333333333,5,3640.67,12.9101773049645,2018,0.724693598875383
"16441",67.7930555555556,2,381.2,15.8833333333333,173,0.267846347958447
"16442",2.04652777777778,3,609.3,3.56315789473684,443,0.250668740099455
"16444",46.9583333333333,4,654.67,7.79369047619048,407,0.550290431060838
"16445",34.0125,1,230.51,3.65888888888889,111,1
"16446",1.14930555555556,2,168472.5,56157.5,80997,0.292719615941022
"16447",136.003472222222,1,255.91,7.52676470588235,221,1
"16448",198.848611111111,1,182.99,9.63105263157895,76,1
"16449",198.100694444444,2,707.69,17.69225,367,0.723557490997404
"16450",150.04375,1,311.92,28.3563636363636,200,1
"16451",88.1479166666667,1,266.97,19.0692857142857,120,1
"16454",45.0486111111111,2,6.9,3.45,3,2
"16455",64.0229166666667,7,1841.18,18.5977777777778,988,0.682228885083688
"16456",99.9583333333333,5,2158.18,19.6198181818182,1147,0.547474394166356
"16457",218.979861111111,1,208.36,23.1511111111111,140,1
"16458",3.13611111111111,18,3482.74,17.2412871287129,2154,1.50878084841758
"16460",28.9611111111111,3,811.23,6.14568181818182,876,1.69343141994747
"16461",178.029861111111,1,142.92,4.46625,48,1
"16462",74.1013888888889,3,136,45.3333333333333,16,0.428449581137639
"16463",21.9506944444444,4,1422.4,17.3463414634146,1163,0.655847211890267
"16464",20.0270833333333,3,1298.66,5.64634782608696,952,0.732128936040403
"16466",34.0520833333333,7,1595.96,10.9312328767123,785,0.810819506858718
"16468",74.9423611111111,1,74.9,37.45,31,1
"16469",24.0173611111111,4,625.42,3.6574269005848,260,0.538193687436541
"16470",52.0270833333333,4,752.77,4.59006097560976,522,0.390863564187126
"16471",275.13125,1,223.95,17.2269230769231,141,1
"16473",165.152777777778,3,316.11,17.5616666666667,196,0.523477734019994
"16474",7.99166666666667,7,1810.65,5.37284866468843,909,1.52257427836323
"16475",88.9256944444444,4,544.3,19.4392857142857,319,0.647923868945399
"16477",64.1291666666667,7,2494.46,17.0853424657534,1415,0.682101160293773
"16478",25.8743055555556,3,331,19.4705882352941,224,2.24109011049819
"16479",10.9652777777778,2,300.83,8.59514285714286,102,2
"16480",76.0486111111111,1,769.29,14.5149056603774,455,1
"16482",16.0118055555556,1,220.62,12.2566666666667,346,1
"16483",192.9875,1,139.35,7.33421052631579,44,1
"16484",174.030555555556,2,404.3,16.172,200,2
"16485",77.875,1,363.65,8.65833333333333,235,1
"16488",33.9638888888889,3,498.8,17.2,728,0.782060875232325
"16491",47.1055555555556,1,731.5,18.7564102564103,478,1
"16493",80.0694444444444,4,1351.63,24.13625,1164,0.479768112079162
"16494",297.000694444444,1,826.53,16.5306,675,1
"16495",3.97916666666667,3,648.26,7.36659090909091,328,0.329836456090522
"16496",9.09652777777778,3,1599.52,16.8370526315789,1111,0.292175512716173
"16497",50.0798611111111,6,2965.69,21.8065441176471,1396,0.634027616403508
"16498",161.904861111111,2,100.97,6.73133333333333,45,2
"16499",360.971527777778,2,365.45,19.2342105263158,127,2
"16500",5.03194444444444,6,400.86,36.4418181818182,123,0.552034348803926
"16503",107.044444444444,4,1431.93,17.0467857142857,569,0.472601166187137
"16504",25.8972222222222,1,465.88,5.61301204819277,510,1
"16505",32.025,1,777.6,194.4,576,1
"16506",20.0229166666667,2,90.3,30.1,42,2
"16509",297.142361111111,1,363.7,27.9769230769231,64,1
"16510",372.965972222222,1,248.1,19.0846153846154,92,1
"16511",22.0895833333333,3,918.33,5.77566037735849,405,0.367391717244449
"16513",5.10555555555556,4,874.59,24.9882857142857,407,3.09223005618983
"16515",52.9861111111111,5,1624.14,14.6318918918919,826,0.5791490263057
"16516",30.9104166666667,1,101.7,16.95,58,1
"16517",277.958333333333,1,162.7,9.57058823529412,96,1
"16518",61.9069444444444,2,484.32,12.108,327,0.269135402519406
"16519",25.88125,2,215.08,16.5446153846154,54,0.176437073840141
"16520",186.976388888889,3,1046.57,6.70878205128205,558,0.5027620880144
"16523",2.15555555555556,21,9418.47,32.4774827586207,4265,2.00716845878136
"16525",2.90486111111111,26,13027.45,71.1882513661202,7397,2.14197446107373
"16526",172.033333333333,1,290.36,19.3573333333333,106,1
"16527",81.8534722222222,1,228.06,16.29,106,1
"16528",4.00347222222222,1,244.41,14.3770588235294,171,1
"16529",190.810416666667,1,455.25,15.175,198,1
"16531",22.8479166666667,7,1244.59,16.1635064935065,915,0.621059333347025
"16532",18.0708333333333,3,6748.8,1687.2,2016,0.280427825537541
"16533",19.9875,3,1082.81,6.15232954545455,611,1.8398375945827
"16535",5.89722222222222,1,593.75,19.1532258064516,356,1
"16536",110.872222222222,1,548.12,10.1503703703704,250,1
"16539",3.17291666666667,4,1388.81,30.8624444444444,477,0.323704013142982
"16542",54.0854166666667,1,119.62,23.924,46,1
"16545",165.092361111111,1,339.3,113.1,78,1
"16546",291.0625,2,787.15,31.486,549,0.73199867833572
"16549",10.9055555555556,10,4034.9,4.36205405405405,2294,0.925800914228403
"16550",109.068055555556,5,2298.97,9.15924302788845,1540,0.577171272903145
"16551",96.1333333333333,3,922.12,28.81625,970,0.373493489800976
"16552",243.115277777778,2,379.73,22.3370588235294,219,0.458384618649463
"16553",163.880555555556,12,5719.82,68.0930952380952,4600,1.82674146533984
"16554",42.9159722222222,3,837.1,16.0980769230769,402,0.311321434576857
"16555",35.9298611111111,2,285.89,16.8170588235294,175,0.809906354577752
"16556",67.0513888888889,7,3313.79,16.0086473429952,1890,0.714481481131451
"16557",24.9486111111111,2,281.85,25.6227272727273,111,0.53085600530856
"16558",1.10416666666667,20,8338.49,18.127152173913,5377,1.63965848039337
"16560",27.09375,2,841.41,15.0251785714286,500,0.180814039875355
"16561",6.04166666666667,2,511.12,16.4877419354839,244,1.10944181208829
"16563",54.0409722222222,1,1077.74,56.7231578947368,486,1
"16565",364.895138888889,1,173.7,57.9,46,1
"16566",15.8444444444444,5,614.66,34.1477777777778,362,0.541021177472479
"16567",194.953472222222,2,865.6,24.7314285714286,996,0.421986265909957
"16569",3.8875,1,124.2,24.84,93,1
"16570",15.825,10,3738.4,29.6698412698413,2112,1.01259888661002
"16571",27.0444444444444,3,1421.69,16.3412643678161,1239,0.352821071258422
"16572",127.844444444444,3,1009.6,17.7122807017544,532,0.607338675664277
"16573",85.1506944444444,2,663.61,15.8002380952381,360,0.291617023143726
"16574",71.9659722222222,1,451.44,16.1228571428571,416,1
"16581",183.114583333333,1,105.84,11.76,134,1
"16582",113.825,1,313.62,52.27,164,1
"16583",374.032638888889,1,233.45,16.675,111,1
"16584",80.9618055555556,2,936.08,33.4314285714286,646,0.344784928429193
"16586",249.1375,1,463.95,57.99375,95,1
"16587",232.874305555556,1,225.15,17.3192307692308,71,1
"16589",71.9166666666667,3,459.24,13.9163636363636,368,0.999390803445431
"16591",69.0881944444444,1,213.5,21.35,41,1
"16592",4.95902777777778,16,4113.68,19.0448148148148,2927,1.69523949672577
"16593",51.00625,3,330.03,12.2233333333333,116,0.324885312476498
"16594",75.9458333333333,1,181.09,3.41679245283019,64,1
"16595",61.9826388888889,1,360.16,4.23717647058823,335,1
"16596",16.1166666666667,2,250.15,20.8458333333333,97,0.171067429078295
"16597",4.87916666666667,1,90.04,12.8628571428571,184,1
"16598",286.047222222222,1,145.05,14.505,73,1
"16600",4.86805555555556,6,813.52,13.1212903225806,1145,0.538667919124997
"16601",41.0701388888889,1,242.7,8.09,133,1
"16602",36.8722222222222,1,528.08,18.2096551724138,336,1
"16603",75.1138888888889,2,482.47,14.1902941176471,480,2
"16607",18.1013888888889,14,3347.71,19.4634302325581,2859,1.23141325438823
"16609",15.9708333333333,7,5493.46,19.9038405797101,2420,0.885554393948712
"16610",219.984027777778,1,75.66,12.61,66,1
"16611",186.877777777778,1,129.49,12.949,47,1
"16612",33.2166666666667,4,1187.66,17.9948484848485,506,0.430300313760645
"16613",70.8736111111111,1,618.59,20.6196666666667,293,1
"16614",183.051388888889,1,506.19,19.4688461538462,223,1
"16616",15.8465277777778,2,500.42,15.1642424242424,370,0.42217802817452
"16617",236.09375,1,151.85,30.37,91,1
"16618",31.9569444444444,5,2647.59,27.5790625,1363,0.515320035213536
"16619",264.188888888889,1,226.21,16.1578571428571,133,1
"16620",4.02152777777778,2,178.96,19.8844444444444,88,0.233398706582168
"16621",52.05,4,813.48,28.0510344827586,302,0.53096366217437
"16623",246.111805555556,1,129.45,25.89,39,1
"16624",81.0076388888889,2,810.57,16.886875,488,0.513128121677881
"16625",275,1,333.08,14.4817391304348,164,1
"16626",1.0375,17,4413.1,24.6541899441341,2690,1.9174484150503
"16627",79.925,1,322.8,16.14,162,1
"16628",30.0034722222222,5,2188.05,18.7012820512821,1205,0.731137663744373
"16629",74.0944444444444,2,408.63,6.8105,489,2
"16633",17.9645833333333,6,2883.1,18.9677631578947,1138,0.829639113387213
"16634",223.028472222222,2,217.9,24.2111111111111,82,0.400615761262682
"16637",32.98125,4,1154.47,16.7314492753623,927,0.621365926277522
"16638",23.0701388888889,10,1680.72,17.88,1255,0.866965020369664
"16639",31.9791666666667,3,1257.51,25.1502,510,0.440832820275589
"16641",106.000694444444,1,231.1,19.2583333333333,256,1
"16642",5.05486111111111,2,688.33,20.245,479,0.295631227417059
"16643",246.184722222222,1,487.51,18.0559259259259,269,1
"16644",178.007638888889,2,833.78,13.448064516129,826,1.71476203707379
"16647",170.04375,2,214.06,15.29,146,1.70967231280671
"16648",43.1611111111111,1,290.66,15.2978947368421,281,1
"16650",72.1243055555556,1,518.42,21.6008333333333,372,1
"16652",59.1333333333333,7,6773.97,57.4065254237288,3283,0.97742295198539
"16653",16.9159722222222,2,1212.66,17.5747826086957,733,1.08990450720926
"16654",141.89375,4,601.27,20.7334482758621,282,0.528611721230735
"16655",18.0590277777778,6,3789.52,14.6880620155039,2363,0.573160942796681
"16656",22.9215277777778,15,8625.8,118.161643835616,8894,1.31525533815052
"16657",10.0430555555556,4,874.43,4.55432291666667,1130,0.489815355484628
"16658",368.960416666667,1,123.24,15.405,40,1
"16659",189.907638888889,1,39.12,19.56,72,1
"16660",16.9145833333333,4,1267.65,79.228125,571,0.395922547651616
"16665",362.949305555556,1,135.4,15.0444444444444,59,1
"16666",19.9506944444444,1,118.98,3.718125,233,1
"16667",68.8916666666667,2,567.18,10.9073076923077,236,0.277644775361597
"16668",15.7965277777778,6,306.72,15.336,318,0.66863232187217
"16669",24.0166666666667,3,1348.88,8.64666666666667,881,1.63857737094307
"16670",17.1361111111111,11,4095.9,16.2535714285714,2556,0.965022013549299
"16671",28.9652777777778,3,1692.27,282.045,875,0.661291968568221
"16672",2.84791666666667,20,8134.94,71.3591228070175,2832,2.27049356956277
"16674",55.0548611111111,2,304.24,3.27139784946237,181,1.36682908308549
"16676",34.0340277777778,4,1592.12,17.8889887640449,636,0.394790050742402
"16678",3.02291666666667,12,3109.99,19.0796932515337,2397,1.28516286414807
"16679",366.957638888889,1,129.75,43.25,29,1
"16680",43.8020833333333,1,183.7,18.37,94,1
"16681",73.06875,6,1770.34,40.235,1407,0.995066894446897
"16682",5.02569444444444,5,1028,34.2666666666667,1040,0.819451346973152
"16684",4.94722222222222,28,66653.56,240.626570397112,50255,2.37384997016987
"16685",61.9527777777778,2,324.24,5.22967741935484,396,2
"16686",47.9590277777778,7,2959.88,5.44095588235294,1977,0.681898130192032
"16688",1.89305555555556,4,1260.86,20.3364516129032,804,2.02957447058409
"16689",76.0493055555555,2,422.6,32.5076923076923,330,2
"16690",72.9083333333333,2,225.58,18.7983333333333,138,0.464493653532894
"16692",256.919444444444,2,1276,425.333333333333,152,1.82028863373012
"16693",69.0694444444444,2,477.86,8.09932203389831,203,0.295562458094443
"16696",135.935416666667,4,657.9,65.79,146,1.062319027683
"16697",241.818055555556,1,112.75,5.36904761904762,27,1
"16698",227.081944444444,2,1998,399.6,840,2
"16700",9.07638888888889,13,5076.55,16.4823051948052,4024,1.09009173385923
"16701",9.06944444444444,13,5398.3,37.4881944444444,6393,1.10490498328674
"16705",1.02916666666667,20,14034.99,51.9814444444444,5476,1.67572736071001
"16706",37.9583333333333,3,531.35,4.31991869918699,249,1.17012920176603
"16708",46.0208333333333,1,656.63,24.3196296296296,285,1
"16709",85.0791666666667,5,3029.87,38.3527848101266,851,0.761418635721109
"16710",19.9166666666667,10,2467.99,6.26393401015228,1823,0.859432973180519
"16711",3.84583333333333,5,1651.03,75.0468181818182,833,0.423538546909835
"16712",9.95972222222222,11,3611.31,8.245,1730,1.23620906293168
"16713",19.0097222222222,15,6910.78,11.1644264943457,4271,1.29316796216286
"16714",219.070138888889,3,1129.06,12.9777011494253,589,0.910054842039478
"16715",78.7743055555556,1,301.72,15.88,642,1
"16716",267.115972222222,2,901.2,450.6,120,1.34019978904263
"16717",24.0236111111111,6,3843.08,19.4094949494949,1860,0.525070495575795
"16718",369.990972222222,1,606.05,13.7738636363636,407,1
"16719",15.1409722222222,7,1770.22,9.03173469387755,1175,0.59340542895324
"16720",26.8527777777778,1,152.95,6.118,180,1
"16721",262.8625,1,292.47,7.90459459459459,172,1
"16722",17.9736111111111,13,4730.81,21.0258222222222,5001,1.1110473639333
"16723",91.9923611111111,2,576.4,13.7238095238095,398,2
"16725",302.831944444444,7,758.27,5.22944827586207,288,3.04194749019213
"16726",26.9145833333333,5,1358.74,7.63337078651685,945,0.447682311367193
"16727",364.959722222222,1,256.32,5.82545454545455,167,1
"16728",46.9263888888889,4,1048.28,3.98585551330798,671,0.550339503420513
"16729",38.93125,21,7205.33,10.9837347560976,5722,3.1033739613515
"16730",52.94375,3,743.11,9.06231707317073,994,0.337069884782439
"16732",32.1222222222222,1,603.75,21.5625,317,1
"16734",52.9625,3,646.76,12.4376923076923,345,1.45284964799785
"16735",79.0423611111111,5,2247.41,19.374224137931,1532,0.586039242924119
"16737",53.9909722222222,1,417.6,417.6,288,1
"16738",298.127777777778,1,3.75,3.75,3,1
"16739",177.147916666667,1,323,24.8461538461538,172,1
"16742",47.0333333333333,1,464.9,464.9,1,1
"16743",29.9840277777778,7,2213.13,11.6480526315789,2035,0.63821973838056
"16744",11.9888888888889,7,1291.91,5.47419491525424,798,1.29700239756726
"16745",87.0361111111111,17,7180.7,20.227323943662,6719,2.26647779351721
"16746",5.01180555555556,18,6680.11,15.0452927927928,4660,1.52527412173163
"16747",38.0506944444444,2,836.06,19.9061904761905,583,1.99634926869844
"16748",18.10625,5,1515.9,21.9695652173913,880,0.473407018259046
"16750",45.0013888888889,5,623.93,6.56768421052632,214,0.798595064238839
"16751",31.0847222222222,1,1764.72,70.5888,1031,1
"16752",373.022222222222,1,207.5,23.0555555555556,54,1
"16753",58.9833333333333,1,223.92,6.58588235294118,189,1
"16754",372.8,1,2002.4,1001.2,4280,1
"16755",114.978472222222,3,1475.43,8.942,1058,0.447523084041796
"16756",215.136805555556,1,239.4,18.4153846153846,106,1
"16757",319.035416666667,1,106.83,15.2614285714286,81,1
"16758",65.91875,1,369.34,16.7881818181818,203,1
"16759",8.00555555555556,3,789.79,18.8045238095238,609,3
"16761",97.0659722222222,1,316.62,24.3553846153846,341,1
"16762",20.0465277777778,3,1207.24,19.1625396825397,480,0.720276105840572
"16763",199.040277777778,1,611.85,26.6021739130435,319,1
"16764",4.04791666666667,13,2790.95,3.98707142857143,1253,2.79036489387074
"16765",294.88125,1,34,34,4,1
"16766",273.894444444444,2,1145.6,33.6941176470588,536,2
"16767",31.1305555555556,11,5575.56,25.228778280543,4423,1.15450773073148
"16768",48.0916666666667,3,478.09,8.85351851851852,196,0.40176952193767
"16769",260.964583333333,1,361.54,9.51421052631579,80,1
"16770",58.0201388888889,5,757.1,5.40785714285714,456,0.476408935314253
"16771",33.9736111111111,5,2242.61,8.82917322834646,1487,0.491835754182312
"16773",57.9256944444444,1,171.59,6.59961538461538,171,1
"16774",68.00625,4,661.52,13.7816666666667,322,1.08110813583924
"16775",10.8944444444444,11,1691.51,10.773949044586,439,0.924357161336505
"16776",60.9902777777778,1,371.54,5.23295774647887,254,1
"16777",80.9645833333333,2,222.62,4.63791666666667,62,0.339053553979759
"16778",74.9597222222222,2,245.94,15.37125,194,0.300096906292657
"16779",2.91388888888889,22,10611.72,32.0595770392749,5301,1.81215655019086
"16780",100.861805555556,2,422.24,7.15661016949153,270,0.377498634625888
"16781",372.933333333333,1,311.25,18.3088235294118,113,1
"16782",10.9791666666667,13,2267.95,12.3931693989071,705,1.09835090903401
"16784",20.0208333333333,1,107.6,35.8666666666667,24,1
"16788",123.914583333333,2,594.39,4.01614864864865,304,0.457753194735838
"16789",8.90138888888889,1,80.8,16.16,32,1
"16790",4.03958333333333,6,1545.62,16.6195698924731,898,5.29087568891611
"16791",29.7347222222222,7,1705.78,5.43242038216561,757,0.692735894440245
"16792",282.922916666667,2,110.38,9.19833333333333,44,2
"16793",57.9041666666667,1,243.84,15.24,146,1
"16794",1.78888888888889,10,1196.5,4.30395683453237,923,1.67455490563185
"16795",365.945833333333,1,414.88,6.28606060606061,239,1
"16796",89.9506944444445,1,305.62,16.9788888888889,186,1
"16800",11.9472222222222,1,1162.65,7.45288461538462,524,1
"16801",163.886805555556,4,1594.23,21.2564,493,1.09024145567424
"16803",65.9319444444444,1,332.3,13.8458333333333,245,1
"16804",23.8381944444444,3,536.99,8.94983333333333,246,0.36431613420102
"16805",174.060416666667,2,460.59,4.69989795918367,539,0.321012974274377
"16806",103.890972222222,4,762.16,8.1952688172043,356,0.88358013580954
"16807",143.034722222222,3,1121.59,16.7401492537313,778,0.70261420191484
"16808",99.7194444444444,2,288.42,12.54,196,0.342817691614854
"16809",23.8784722222222,5,914.69,6.13885906040268,652,0.627569475718
"16810",192.8875,1,309.54,20.636,114,1
"16811",5.04930555555556,2,547.07,19.5382142857143,477,2
"16812",361.010416666667,1,479.35,31.9566666666667,81,1
"16813",8.94930555555556,10,1652.18,3.87835680751174,1501,1.53042246036666
"16814",14.9743055555556,21,6416.7,20.1150470219436,2697,1.77429386155345
"16816",103.940277777778,4,417.06,14.895,274,0.470799787486207
"16817",3.07430555555556,9,1604.75,18.6598837209302,822,0.73797936391038
"16818",11.0895833333333,11,3349.57,17.8168617021277,2164,1.69267540313245
"16820",96.0305555555556,1,497.61,19.1388461538462,307,1
"16823",227.909722222222,1,358.38,9.43105263157895,136,1
"16824",16.0083333333333,2,460.64,17.7169230769231,236,0.402793447147346
"16825",39.0409722222222,2,775.18,27.685,566,0.407918529604782
"16826",51.9479166666667,1,341.7,15.5318181818182,158,1
"16828",93.9027777777778,2,128.5,16.0625,59,2
"16829",157.084722222222,1,197.22,17.9290909090909,99,1
"16830",39.0520833333333,1,325.91,14.17,264,1
"16832",184.884722222222,3,199.15,16.5958333333333,33,2.722460297454
"16833",1.92430555555556,4,1106.53,23.5431914893617,440,0.360287479384592
"16834",228.134027777778,1,413.46,17.2275,358,1
"16835",128.958333333333,2,180.85,18.085,61,0.245040343737149
"16836",40.1145833333333,2,251.87,22.8972727272727,165,0.780297488417459
"16837",31.9326388888889,11,3170.98,19.2180606060606,1563,1.54036155708771
"16838",197.984027777778,2,588.85,23.554,185,0.659884520208963
"16839",9.15763888888889,34,16594.35,62.3847744360902,8975,2.82620240596643
"16841",37.0409722222222,6,1869.82,16.1191379310345,2250,0.717228707964504
"16842",101.088888888889,3,1264.19,20.0665079365079,693,0.445926277651042
"16843",43.1555555555556,16,10196.57,26.9750529100529,10159,1.68595234843015
"16846",50.9548611111111,1,214.32,19.4836363636364,135,1
"16847",43.9729166666667,1,193.44,16.12,78,1
"16848",53.1722222222222,1,281.42,20.1014285714286,182,1
"16849",187.148611111111,1,124.57,15.57125,33,1
"16850",334.070138888889,1,332.41,17.4952631578947,249,1
"16851",4.97083333333333,3,342.45,17.1225,271,1.90857681432611
"16852",10.9777777777778,2,144.91,16.1011111111111,56,0.36166819454735
"16855",24.0326388888889,2,328.4,17.2842105263158,164,2
"16856",15.1604166666667,1,35.4,17.7,12,1
"16858",369.123611111111,1,375.69,37.569,91,1
"16859",145.021527777778,2,747.81,14.3809615384615,827,0.513064133016627
"16861",60.15625,2,173.76,28.96,140,0.607735972483066
"16863",31.8916666666667,2,502.8,19.3384615384615,409,0.178960537544429
"16866",141.113888888889,3,207.74,18.8854545454545,60,3
"16869",23.0333333333333,4,817.12,6.4340157480315,583,0.784523814928653
"16871",22.7243055555556,6,2812.34,20.5280291970803,1253,0.72471872413716
"16872",77.8645833333333,3,680.02,97.1457142857143,600,0.84061411531202
"16873",5.03125,6,7123.62,25.532688172043,3840,0.500212281446602
"16875",67.9659722222222,5,2095.53,18.7100892857143,1069,0.551214458151084
"16877",12.9604166666667,6,846.62,5.42705128205128,458,0.918842655285118
"16878",84.7993055555555,1,13.3,4.43333333333333,12,1
"16880",31.0534722222222,7,1491.43,8.5714367816092,746,1.32255694342395
"16881",67.0951388888889,1,432,432,600,1
"16882",67.0888888888889,3,705.12,18.08,424,0.358983876194882
"16883",187.999305555556,2,272.48,7.36432432432432,103,0.325917207975918
"16884",38.0402777777778,2,429.84,16.5323076923077,320,2
"16885",15.9652777777778,3,450.41,4.69177083333333,178,0.26327710931485
"16887",35.9465277777778,1,192.33,5.3425,156,1
"16889",195.072916666667,3,1578.67,11.6938518518519,925,0.6337470293108
"16891",2.06597222222222,5,742.43,3.99155913978495,265,0.405420623897293
"16892",1.98055555555556,5,518.19,5.34216494845361,236,0.823852042275815
"16893",367.030555555556,1,145.93,3.24288888888889,62,1
"16895",65.0243055555556,1,202.27,3.26241935483871,91,1
"16897",299.908333333333,2,289.78,7.83189189189189,73,2
"16898",26.8791666666667,3,501.03,3.19127388535032,412,0.263050533712483
"16899",8.03263888888889,6,1271.06,10.3338211382114,520,0.509983236662128
"16900",17.0958333333333,3,887.11,11.2292405063291,833,1.91957342812708
"16902",116.939583333333,1,1706.88,38.7927272727273,629,1
"16903",29.8875,1,363.2,6.48571428571429,247,1
"16904",4.98611111111111,16,3653.75,5.49436090225564,1984,1.32236211524371
"16905",5.95069444444444,7,3037.6,15.2643216080402,1381,0.573555016899389
"16906",82.0423611111111,4,559.59,6.50686046511628,263,0.71868540461406
"16907",29.7819444444444,5,928.76,6.634,286,0.446362148489808
"16909",72.8368055555556,1,379.14,21.0633333333333,436,1
"16910",4.99930555555556,8,1508.96,2.76873394495413,884,2.7604495315383
"16912",29.0222222222222,11,2555.58,25.5558,1025,1.11918152785236
"16913",290.995833333333,1,113.44,14.18,82,1
"16914",36.8909722222222,1,183.76,6.12533333333333,112,1
"16915",9.84097222222222,6,621.68,10.9066666666667,132,0.656257358209673
"16916",24.0291666666667,2,562.41,4.13536764705882,431,0.171942351550466
"16917",277.038194444444,1,391.52,43.5022222222222,232,1
"16918",50,6,1068.82,8.35015625,721,0.672141647628704
"16919",156.96875,11,2592.25,7.95168711656442,1403,1.55638455013216
"16921",61.8527777777778,1,154.18,2.80327272727273,154,1
"16923",12.9930555555556,19,7069.08,11.2924600638978,3344,1.62820314452683
"16924",21.9979166666667,3,829.89,10.2455555555556,467,1.42858717578457
"16926",371.963888888889,1,230.25,16.4464285714286,35,1
"16927",116.069444444444,3,543.05,90.5083333333333,993,0.365902205859517
"16928",80.9027777777778,17,2814.7,13.7975490196078,2092,1.74065971572069
"16929",4.17569444444444,7,1295.39,16.8232467532468,929,1.3831081513735
"16930",26.8590277777778,3,378.89,7.1488679245283,339,2.13903743315508
"16931",5.98263888888889,21,4554.87,5.14093679458239,3134,1.73045559889748
"16932",53.9430555555556,1,150.23,3.12979166666667,82,1
"16933",1.99722222222222,2,563.23,12.8006818181818,288,0.252129531546832
"16934",55.0069444444444,2,931.03,15.2627868852459,397,2
"16936",26.0736111111111,1,261.9,4.67678571428571,171,1
"16938",9.10416666666667,4,2711.68,11.5390638297872,2533,0.399957411942247
"16940",52.9826388888889,3,3049.88,9.99960655737705,2169,0.379693432709886
"16942",13.0069444444444,9,1904.99,6.8772202166065,805,1.25564766939779
"16943",212.036805555556,3,816.73,24.7493939393939,145,0.841793487792046
"16945",22.0493055555556,19,4345.5,17.4518072289157,2725,1.6926852405601
"16947",236.133333333333,1,406.48,19.3561904761905,312,1
"16948",139.002777777778,3,435.02,22.8957894736842,1614,0.481090471735935
"16949",4.07152777777778,6,1286.27,21.4378333333333,791,0.575161542285024
"16950",57.1555555555556,3,1178.56,28.0609523809524,644,0.289630944027032
"16951",135.03125,3,1277.75,14.8575581395349,1318,0.529786164241887
"16952",109.990972222222,2,167.61,10.475625,92,2
"16953",30.8722222222222,1,20.8,20.8,10,1
"16954",1.12777777777778,9,2085.08,38.6125925925926,1054,0.752169160677494
"16955",185.093055555556,4,518.67,20.7468,266,0.635329154181297
"16956",18.1625,1,308.74,19.29625,114,1
"16957",239.954166666667,2,416.64,26.04,172,1.4221988115422
"16959",87.9076388888889,1,117.35,16.7642857142857,49,1
"16960",39.0520833333333,3,507.05,5.02029702970297,304,0.420586679474656
"16961",116.961111111111,1,234.17,16.7264285714286,125,1
"16963",187.959722222222,1,110.55,15.7928571428571,35,1
"16965",227.029166666667,1,201.19,7.73807692307692,291,1
"16966",8.96527777777778,7,2154.97,76.9632142857143,1981,0.90527267447604
"16967",189.934722222222,1,319.02,15.1914285714286,333,1
"16968",4.90833333333333,2,439.43,14.1751612903226,326,0.581540139058093
"16969",39.9847222222222,3,650.41,15.4859523809524,816,0.591937590777466
"16971",38.9055555555556,1,357.21,8.71243902439024,72,1
"16976",267.845138888889,1,251.52,125.76,88,1
"16978",78,1,344.33,8.82897435897436,166,1
"16979",4.02013888888889,6,1852,20.8089887640449,865,0.611983255458149
"16980",255.843055555556,2,1028.46,12.697037037037,739,1.65968727188905
"16982",61.0152777777778,1,384.06,17.4572727272727,182,1
"16983",13.0277777777778,7,1905.87,13.3277622377622,1335,0.588262757364956
"16984",88.9631944444444,2,4459.52,11.1488,2380,1.43412010755901
"16985",17.9701388888889,10,5464.12,45.5343333333333,1832,0.879451971132803
"16986",30.0381944444444,2,1873.2,624.4,1040,2
"16987",3.80833333333333,7,1616.8,12.63125,401,1.03927882847432
"16988",5.86666666666667,1,126.12,18.0171428571429,43,1
"16989",7.84097222222222,6,1133.25,94.4375,1233,1.25600868351682
"16990",219.180555555556,1,179,179,100,1
"16992",11.0416666666667,5,1614.31,17.3581720430108,860,0.547343987958432
"16996",30.8381944444444,6,1456.96,39.3772972972973,544,0.557034821123482
"16997",288.806944444444,3,702,58.5,360,2.41714381632691
"16998",150.129166666667,4,295,73.75,76,0.775437305355364
"16999",23.95625,2,484.82,21.0791304347826,294,1.1782353743352
"17001",1.13333333333333,11,3989.57,23.6069230769231,2164,0.921782345307581
"17002",86.0069444444444,3,1493.73,30.4842857142857,679,0.43894409559227
"17004",46.9340277777778,2,1312.14,30.5148837209302,771,1.30181259322877
"17006",5.02847222222222,4,781.78,17.7677272727273,272,1.69024003756089
"17007",51.0854166666667,6,889.93,17.1140384615385,597,0.586571318653964
"17010",18.9173611111111,1,195.36,17.76,118,1
"17011",30.9722222222222,1,270.9,18.06,186,1
"17014",8.94513888888889,3,583.43,8.10319444444444,243,1.54888673765731
"17015",29.0868055555556,3,1838.61,8.59163551401869,1978,0.573639156183883
"17017",3.1375,20,8694.26,34.5010317460317,6673,1.62175859447588
"17018",41.0472222222222,2,920.1,57.50625,176,0.210436070301235
"17019",11.9888888888889,4,1258.08,5.51789473684211,820,0.336127261515957
"17022",31.8201388888889,1,71,10.1428571428571,108,1
"17024",45.9604166666667,3,95.85,31.95,69,0.80229793977813
"17025",61.1555555555556,3,357.77,39.7522222222222,235,0.287794706442738
"17026",185.931944444444,2,154.83,38.7075,97,0.325962702924987
"17027",79.0180555555555,6,877.56,5.92945945945946,416,0.753389818192388
"17029",111.072222222222,2,716,358,400,0.476166856802738
"17030",64.1673611111111,1,146.87,13.3518181818182,146,1
"17031",12.1020833333333,2,380.35,17.2886363636364,235,0.419488748088267
"17033",86.9277777777778,3,1030.14,36.7907142857143,750,0.329609123254992
"17034",16.9,3,745.52,24.8506666666667,410,0.331844811340079
"17035",246.060416666667,2,433.53,15.4832142857143,229,0.909703504043127
"17037",88.0006944444444,1,1267.32,16.8976,656,1
"17038",30.9583333333333,1,112.4,5.10909090909091,28,1
"17040",138.104861111111,1,449.73,29.982,181,1
"17041",27.0618055555556,3,1071.49,15.5288405797101,927,0.26947340405624
"17042",3.01666666666667,5,1036.58,10.6863917525773,990,0.612500106336824
"17043",32.8868055555556,4,1735.18,17.011568627451,998,0.512759643916914
"17044",25.9319444444444,1,948.48,158.08,504,1
"17045",113.820138888889,3,339.44,15.4290909090909,106,0.670595722882527
"17046",157.934722222222,1,642.02,29.1827272727273,510,1
"17047",85.9743055555556,3,1100.9,16.9369230769231,533,0.75088211266708
"17048",118.042361111111,3,925.35,21.5197674418605,485,0.420973305874786
"17049",3.08472222222222,9,5655.03,17.8392113564669,2673,0.988671472708548
"17050",96.9597222222222,6,3185.64,10.342987012987,1595,0.886496321655888
"17051",194.942361111111,1,240.89,5.73547619047619,179,1
"17052",28.9166666666667,1,399.09,4.80831325301205,251,1
"17053",131.102083333333,1,498.48,38.3446153846154,122,1
"17054",28.9958333333333,5,1356.33,16.3413253012048,804,0.691284060141713
"17058",82.1090277777778,3,1179.89,19.0304838709677,592,0.56948258815775
"17059",30.0159722222222,5,3080.39,5.9929766536965,1850,0.441183679471887
"17060",266.974305555556,1,234.24,46.848,216,1
"17061",74.0597222222222,11,5232.23,52.8508080808081,1526,2.07660541438154
"17062",314.075694444444,4,533.33,7.72942028985507,418,2.14439949368345
"17063",21.8548611111111,7,1461.14,18.7325641025641,770,0.783267499838114
"17064",59.1055555555556,3,855.45,14.0237704918033,316,0.334876798412436
"17068",12.9833333333333,21,4552.14,15.3788513513514,2164,1.76981482493035
"17069",28.8173611111111,9,2709.7,18.948951048951,1506,0.782570890295155
"17070",114.825694444444,1,304.24,4.90709677419355,131,1
"17071",28.8465277777778,9,2429.03,17.3502142857143,1197,0.959684844236337
"17073",18.04375,4,1446.09,8.31086206896552,759,1.30602373214421
"17075",18.0361111111111,4,834.12,10.8327272727273,292,0.400075940340528
"17076",36.7895833333333,3,841.08,33.6432,295,0.274120371839208
"17078",36.73125,2,378.2,13.5071428571429,788,2
"17079",78.8861111111111,1,118.8,59.4,24,1
"17080",22.99375,2,287.62,35.9525,166,0.242878105550777
"17081",25.9958333333333,2,288.91,4.58587301587302,77,2
"17082",33.8979166666667,2,2003.85,24.7388888888889,1049,0.21050528577798
"17083",109.879861111111,3,1405.78,27.0342307692308,772,0.463511024480964
"17084",35.9138888888889,2,2747.99,18.4428859060403,1702,2
"17085",123.940972222222,5,1562.4,8.4,785,0.627412706850127
"17086",7.95555555555556,6,2050.08,21.355,1859,3.20823843944945
"17088",28.9354166666667,4,1991.01,17.3131304347826,868,0.532881042325187
"17090",4.9625,7,1974.65,32.3713114754098,903,0.600009523960698
"17091",3.08819444444444,9,3827.76,19.6295384615385,1746,0.739658478677746
"17092",50.7076388888889,4,1774.03,14.3066935483871,1130,0.52814964239868
"17094",322.986805555556,1,302,21.5714285714286,152,1
"17095",23.0201388888889,3,1324.16,17.8940540540541,618,0.288412750692102
"17096",15.9090277777778,4,1022.13,21.294375,339,0.487562638255609
"17097",2.82291666666667,8,954.42,4.52331753554502,459,0.660992636511428
"17100",18.8430555555556,2,971.74,14.9498461538462,800,2
"17101",10.9534722222222,4,1621.73,38.612619047619,815,0.714439280930094
"17102",262.1125,1,25.5,25.5,2,1
"17105",159.872916666667,2,665.78,7.39755555555556,693,0.408034116185825
"17107",33.9416666666667,6,10797.48,25.9554807692308,4826,0.73482509631822
"17109",29.8270833333333,6,881.29,7.5973275862069,588,0.8864781304614
"17110",165.994444444444,1,163.3,13.6083333333333,50,1
"17111",47.86875,1,231.61,7.98655172413793,282,1
"17114",6.02291666666667,8,801.12,6.51317073170732,215,0.729424775959375
"17115",8.93055555555556,3,837.5,21.474358974359,372,0.400019754061929
"17117",288.955555555556,1,116.2,12.9111111111111,68,1
"17118",318.021527777778,1,157.02,15.702,154,1
"17119",3.92361111111111,2,606.91,17.3402857142857,334,1.06855312465216
"17120",233.895138888889,1,307.46,17.0811111111111,120,1
"17122",119.928472222222,1,138.32,19.76,80,1
"17123",162.085416666667,1,345.3,38.3666666666667,246,1
"17124",185.95,1,294.24,9.49161290322581,129,1
"17125",50.9229166666667,1,230.5,6.58571428571429,281,1
"17126",152.956944444444,5,989.45,3.98971774193548,780,0.713941020539025
"17128",335.033333333333,1,157.09,11.2207142857143,76,1
"17131",5.99861111111111,5,2463.17,18.3818656716418,983,2.14264457891082
"17133",16.0159722222222,7,4892.24,181.194074074074,2730,0.836838609696701
"17134",107.122916666667,2,413.2,17.9652173913043,98,0.379952242114012
"17135",16.8347222222222,7,1139.73,21.9178846153846,1224,0.591044040989999
"17138",276.038888888889,1,380.5,15.8541666666667,126,1
"17139",16.1097222222222,12,10650.77,22.3286582809224,5176,1.318547156374
"17140",247.970138888889,1,454.12,25.2288888888889,296,1
"17142",239.769444444444,1,579,38.6,81,1
"17144",1.78680555555556,2,984.57,20.511875,483,0.721039498610497
"17146",106.004166666667,3,749.78,21.4222857142857,212,0.355707792635531
"17147",23.0125,4,1714.59,21.1677777777778,882,0.4150493831905
"17148",52.11875,1,124.88,13.8755555555556,82,1
"17152",195.021527777778,3,1689.5,120.678571428571,517,1.30751924454444
"17153",24.9638888888889,1,213.78,15.27,104,1
"17154",75.9638888888889,1,329.34,14.3191304347826,490,1
"17155",18.0083333333333,2,251.7,12.585,242,0.374778776416698
"17157",8.15277777777778,2,319,24.5384615384615,172,0.355552629196468
"17158",32.8993055555556,3,1266.97,18.91,778,0.274313581062203
"17159",22.0819444444444,3,1538.88,15.2364356435644,1111,0.599825051026784
"17160",31.9479166666667,6,3518.03,15.362576419214,2856,0.856788695149161
"17162",29.0527777777778,10,1715.46,16.4948076923077,1001,1.08317641483651
"17163",22.1618055555556,2,293.1,58.62,66,1.05800668601447
"17164",33.15,7,2467.35,17.134375,1501,0.872153388246695
"17165",284.840972222222,1,158.68,15.868,100,1
"17166",39.1277777777778,2,206.34,17.195,78,0.363501733364747
"17169",58.1006944444444,2,835.78,15.4774074074074,526,0.476639690184201
"17171",289.842361111111,1,224.91,14.056875,185,1
"17172",79.1347222222222,1,317.76,21.184,480,1
"17173",5.92361111111111,8,3766.6,43.7976744186047,1122,1.90524493643671
"17174",218.04375,1,59.9,14.975,41,1
"17175",44.8881944444444,4,1443.69,22.9157142857143,866,0.476144551754543
"17176",202.00625,1,306.13,20.4086666666667,170,1
"17179",178.834722222222,3,711.79,8.897375,290,0.491534680502458
"17180",56.8777777777778,4,783.97,6.27176,670,0.461709876262822
"17181",57.9180555555556,2,239.92,10.4313043478261,241,0.18981918843509
"17183",8.11319444444444,6,3347.31,45.8535616438356,1296,1.84088294200366
"17186",47.1041666666667,2,144,72,200,2
"17187",227.007638888889,1,203.95,20.395,144,1
"17188",11.95625,7,2474.23,29.455119047619,1328,0.5982231348554
"17189",106.715972222222,2,383.75,6.39583333333333,226,0.237068906382477
"17190",59.0534722222222,2,444.74,23.4073684210526,161,0.403127974468562
"17191",28.8277777777778,7,2093.68,8.87152542372881,1166,0.617467972932687
"17193",36.0020833333333,7,1699.3,53.103125,1254,1.48816700540838
"17194",274.03125,2,262.62,9.05586206896552,119,0.689660677368114
"17197",30.0958333333333,1,1013.01,34.9313793103448,191,1
"17198",24.0909722222222,3,692.22,7.210625,357,0.258752358419933
"17201",54.0381944444444,1,289.78,7.62578947368421,231,1
"17203",36.0159722222222,6,3560.08,24.0545945945946,2846,6
"17204",175.919444444444,4,1564.56,27.4484210526316,646,1.36230330169342
"17205",54.0027777777778,1,384.08,29.5446153846154,884,1
"17206",53.9756944444444,1,204.24,29.1771428571429,76,1
"17211",27.0326388888889,8,2317.22,10.9820853080569,1323,0.699766542007253
"17212",253.713888888889,1,226.85,56.7125,147,1
"17213",40.9145833333333,7,2781.23,17.7148407643312,1176,0.644020871046747
"17214",60.98125,6,1059.12,10.4863366336634,272,0.60217032220294
"17217",234.813194444444,1,113.5,12.6111111111111,24,1
"17218",4.95694444444444,10,1951.97,7.20284132841328,955,0.824322080955298
"17219",32.0590277777778,1,114.23,4.5692,89,1
"17220",24.9604166666667,14,3187.55,6.82558886509636,1897,1.2354631863429
"17221",7.96875,2,334.48,5.39483870967742,287,2
"17222",65.9527777777778,1,328.65,12.1722222222222,122,1
"17223",310.870138888889,2,416.89,8.68520833333333,110,1.03313443901039
"17226",309.040277777778,1,393.49,18.737619047619,406,1
"17227",19.0826388888889,6,939.32,19.9855319148936,741,0.514311225755246
"17228",16.1013888888889,8,1906.09,9.16389423076923,1532,0.672708586377651
"17229",96.9541666666667,2,318.76,6.78212765957447,185,1.30281371573329
"17230",264.859722222222,8,3638.41,52.7305797101449,1651,2.52097162448027
"17231",12.8972222222222,10,3124.72,5.88459510357815,1724,0.859492819653736
"17232",3.02013888888889,2,417.77,11.9362857142857,202,2
"17233",35.9472222222222,1,190.88,7.6352,131,1
"17234",183.0625,1,149.89,10.7064285714286,55,1
"17235",25.8743055555556,2,550.06,18.9675862068966,224,0.172864651379616
"17236",13.0347222222222,6,916.13,8.72504761904762,474,0.514274490040892
"17237",11.9083333333333,2,314.69,16.5626315789474,105,2
"17238",3.05208333333333,17,3719.1,6.70108108108108,1807,1.38266026546173
"17239",313.13125,1,382.5,25.5,150,1
"17242",108.913194444444,2,1135.04,28.376,611,0.832442119258895
"17243",1.975,26,8540.05,22.0673126614987,3320,2.11875357228417
"17244",53.8965277777778,1,954.9,30.8032258064516,616,1
"17245",205.088194444444,1,171.45,19.05,75,1
"17247",15.8951388888889,1,280.09,5.18685185185185,105,1
"17248",120.969444444444,1,318.65,4.61811594202899,213,1
"17250",4.02430555555556,2,381.97,6.82089285714286,167,0.232727272727273
"17251",363.072222222222,1,269.83,7.2927027027027,108,1
"17252",117.128472222222,2,348.91,4.05709302325581,192,0.860694931463181
"17253",18.99375,1,178.26,9.90333333333333,43,1
"17254",5.00277777777778,2,271.19,2.44315315315315,251,2
"17255",41.0222222222222,2,291.48,3.93891891891892,227,0.231772090777402
"17256",107.972222222222,2,240,15,141,0.29276524225985
"17259",148.909027777778,2,581.23,5.01060344827586,388,0.272618844777645
"17262",52.9958333333333,5,1253.36,104.446666666667,367,0.477742930068167
"17263",208.929166666667,1,63.44,2.75826086956522,36,1
"17265",139.084027777778,2,550.01,4.50827868852459,389,1.43025045936864
"17266",2.94305555555556,3,296.58,4.0627397260274,153,0.620288606504415
"17267",127.811111111111,2,317.2,8.57297297297297,158,2
"17268",108.113888888889,4,763.64,127.273333333333,844,0.870414958242245
"17272",42.8423611111111,4,2148.63,18.8476315789474,1778,0.544986627642933
"17274",35.9819444444444,1,107.82,4.3128,77,1
"17277",228.002083333333,2,1065.35,15.4398550724638,430,0.631532782691324
"17278",241.986111111111,1,246.04,16.4026666666667,179,1
"17279",58.0361111111111,1,187.83,20.87,48,1
"17282",130.93125,3,1685.46,18.9377528089888,1866,0.532166071949181
"17284",60.925,6,1647.48,5.66144329896907,1362,0.652162426688338
"17286",22.0020833333333,1,151.37,3.44022727272727,117,1
"17287",26.9743055555556,7,1049.06,8.59885245901639,556,0.606857246064157
"17288",9.86180555555556,7,1417.63,10.1259285714286,1201,0.601532475592581
"17289",32.0340277777778,3,931.02,8.95211538461538,513,0.604336675215668
"17290",4.00833333333333,2,513.01,5.34385416666667,397,2
"17291",308.990277777778,1,550.8,550.8,72,1
"17293",8.92569444444444,9,1854.06,14.0459090909091,1135,0.764899606926591
"17295",29.0840277777778,3,547,8.04411764705882,293,2.50449301408777
"17297",17.9215277777778,1,128.18,2.61591836734694,65,1
"17298",101.838194444444,2,498.42,16.614,387,2
"17299",12.0340277777778,4,656.61,11.9383636363636,668,0.741513150272274
"17301",21.9631944444444,1,163.24,2.76677966101695,137,1
"17302",15.1347222222222,5,1135.63,14.3750632911392,575,0.515510665820211
"17303",361.970833333333,1,250.04,4.7177358490566,144,1
"17306",11.025,19,8631.31,130.777424242424,11491,1.66207678600356
"17309",95.8958333333333,1,82.75,6.89583333333333,41,1
"17311",78.94375,2,1384.85,25.1790909090909,1005,0.251957482174883
"17312",139.040277777778,3,644.3,46.0214285714286,372,3
"17313",31.8784722222222,1,2328.84,97.035,1402,1
"17314",25.13125,8,2527.92,19.2970992366412,1896,0.833542362089258
"17315",2.02430555555556,38,6281.23,13.3359447983015,3863,3.20230341122562
"17317",46.8131944444444,3,2600.34,288.926666666667,1146,2.08380229604142
"17320",100.971527777778,3,1200.62,16.4468493150685,634,0.335931445101389
"17321",8.96458333333333,2,657.16,6.6379797979798,364,1.01543126447048
"17323",15.80625,7,906.52,4.64882051282051,760,0.757797875459528
"17324",18.0944444444444,4,986.48,20.1322448979592,843,0.343929191985335
"17325",280.986805555556,1,96.8,16.1333333333333,60,1
"17329",14.9347222222222,2,523.11,15.8518181818182,142,0.199365445630228
"17330",23.1625,2,363.9,60.65,120,1.33642691415313
"17331",124.038194444444,1,175.2,175.2,16,1
"17333",86.1104166666667,1,494.25,17.6517857142857,375,1
"17334",302.910416666667,2,307.02,27.9109090909091,315,2
"17337",151.913194444444,4,1981.06,3.80241842610365,1247,0.755149041423945
"17338",17.9354166666667,8,6493.54,9.00629680998613,3059,0.697553315598471
"17339",94.9729166666667,2,243.36,27.04,152,0.221444773365115
"17340",30.0868055555556,11,12353.29,30.3520638820639,5967,0.979856444432531
"17341",157.011805555556,3,682.29,4.34579617834395,443,0.428589853399782
"17343",355.904861111111,1,193.64,11.3905882352941,56,1
"17344",46.9958333333333,1,157.62,5.08451612903226,65,1
"17345",15.9076388888889,4,519.69,6.26132530120482,341,0.662584308868584
"17346",4.02222222222222,15,2622.88,5.4303933747412,1617,1.21652674106003
"17347",86.9847222222222,1,228.96,228.96,216,1
"17348",15.0590277777778,5,1156.6,5.43004694835681,1398,0.529988516915467
"17349",179.93125,1,98.25,12.28125,102,1
"17350",8.87708333333333,4,1281.32,18.3045714285714,770,2.79150915963943
"17351",36.7534722222222,3,587.15,21.7462962962963,113,0.379568884723524
"17353",129.813194444444,2,1740,217.5,1200,2
"17354",51.0944444444444,1,1393.06,87.06625,1006,1
"17356",312.071527777778,1,178.22,9.38,166,1
"17357",24.8472222222222,2,384.39,8.73613636363636,152,2
"17358",303.828472222222,2,360.81,6.22086206896552,190,1.1513705840807
"17359",11.9256944444444,1,127.86,8.524,161,1
"17360",17.9854166666667,3,568.24,4.54592,328,0.539456048484445
"17361",49.8798611111111,3,488.2,16.8344827586207,157,0.371529808386941
"17362",239.921527777778,2,312.23,8.92085714285714,191,0.854963040660221
"17364",1.15972222222222,11,4462.68,10.9918226600985,2692,0.997977583306557
"17365",13.0256944444444,8,4767.36,10.2523870967742,4749,0.749996744805795
"17367",238.936805555556,1,167.55,5.07727272727273,149,1
"17368",23.8916666666667,8,1878.87,17.5595327102804,1377,0.763978079841899
"17370",73.1083333333333,4,446.18,13.5206060606061,540,1.23796423658872
"17371",17.9722222222222,3,418.4,4.86511627906977,151,0.261686017163049
"17372",41.0506944444444,8,1337.18,5.32741035856574,747,0.745378588051081
"17373",40.8902777777778,4,646.92,11.3494736842105,408,0.440926558170155
"17374",219.15625,2,495.77,17.7060714285714,85,0.954780533085798
"17375",199.878472222222,3,400.1,5.79855072463768,367,0.555486500735077
"17376",71.0097222222222,2,203.2,8.46666666666667,86,0.249031543995573
"17377",24.0645833333333,20,4058.32,10.0453465346535,2038,1.7145510614738
"17379",11.9541666666667,1,389.72,4.99641025641026,623,1
"17381",9.03541666666667,29,20275.61,186.014770642202,25649,2.39037895367496
"17382",65.9895833333333,1,65.4,32.7,25,1
"17383",4.80138888888889,1,193.39,3.94673469387755,148,1
"17384",19.8763888888889,2,336.4,22.4266666666667,88,0.300019792972453
"17385",15.075,1,256.11,5.69133333333333,197,1
"17386",8.05694444444444,6,2686.42,95.9435714285714,1902,1.13945585707566
"17387",20.0763888888889,2,746.81,9.82644736842105,522,2
"17388",78.0965277777778,4,1259.56,83.9706666666667,1068,0.571649745437223
"17389",1.13333333333333,34,31833.68,149.453896713615,7612,3.0839649778487
"17391",164.119444444444,2,508.8,169.6,480,2
"17392",307.001388888889,2,417.27,7.45125,277,1.15966927950177
"17394",219.977777777778,1,203.87,50.9675,241,1
"17396",39.9430555555556,8,7330.8,271.511111111111,2005,0.722488068285157
"17397",22.9458333333333,2,681.41,7.65629213483146,250,2
"17398",115.126388888889,3,653.38,17.1942105263158,310,0.638914633905859
"17400",126.883333333333,5,2097.84,10.1836893203883,1088,0.660991119461904
"17402",5.10763888888889,13,2633.85,44.6415254237288,701,1.06893650715099
"17403",36.8972222222222,1,263.92,8.2475,111,1
"17404",4.85,15,31906.82,161.145555555556,32748,1.26360619167034
"17405",1.81805555555556,3,1031.41,12.5781707317073,726,0.60353458914476
"17406",333.904861111111,3,2184.42,19.6794594594595,780,2.71175092065618
"17408",163.997916666667,1,32.65,16.325,3,1
"17409",185.093055555556,2,771.85,59.3730769230769,105,0.941237989411073
"17410",16.8777777777778,5,1214.72,18.98,616,0.753703089833732
"17411",12.9340277777778,3,778.94,18.9985365853659,306,0.36140445787937
"17412",3.05138888888889,7,1258.06,19.0615151515152,738,0.567879858856316
"17414",44.0256944444444,2,778,129.666666666667,2100,0.425469050081253
"17415",80,1,507.84,36.2742857142857,114,1
"17416",30.0020833333333,7,6893.42,25.6260966542751,4302,0.833466548334996
"17418",42.9930555555556,2,463.46,15.4486666666667,289,0.213480397607241
"17419",11.9604166666667,12,4226.57,20.5173300970874,1876,1.01138589522479
"17420",50.9152777777778,3,598.83,19.961,265,0.278460560015126
"17422",16.9743055555556,6,1979.37,16.9176923076923,2253,0.642979934164014
"17423",46.9680555555556,2,698.41,26.8619230769231,459,0.350504255543566
"17425",19.8888888888889,2,759.17,17.6551162790698,407,1.45766200462268
"17426",8.77986111111111,6,5037.26,18.5876752767528,3094,0.656779499965793
"17427",72.05625,1,100.8,50.4,34,1
"17428",1.12847222222222,28,17256.85,52.6123475609756,9474,2.28257423650005
"17429",128.977777777778,3,524.92,13.4594871794872,624,0.998389942145768
"17430",33.1430555555556,2,265.76,18.9828571428571,190,0.180263259468515
"17431",313.926388888889,1,403.3,9.37906976744186,292,1
"17432",18.8034722222222,2,365.76,7.62,207,2
"17433",88.9347222222222,1,303.16,5.61407407407407,185,1
"17434",2.98194444444444,7,2373.82,17.7150746268657,1693,2.53092516027519
"17436",2.01388888888889,2,216.3,24.0333333333333,90,0.266619761338283
"17438",254.1,1,388.45,22.85,103,1
"17440",157.038888888889,3,186.42,37.284,246,0.989094017354937
"17442",37.1479166666667,6,2248.56,16.656,1496,0.709097624030531
"17443",220.085416666667,1,534.24,534.24,504,1
"17444",148.03125,3,2940.04,21.7780740740741,2119,3
"17446",177.088888888889,2,120.9,13.4333333333333,198,0.448314151990951
"17447",40.9388888888889,2,541.53,15.0425,443,1.92479058991267
"17449",2.82916666666667,7,2519.21,9.12757246376812,1121,0.587824795553992
"17450",8.97291666666667,46,194390.79,578.544017857143,69973,3.84218280530388
"17451",1.90833333333333,7,1721.4,17.214,1203,2.01669912236242
"17453",18.1305555555556,2,486.72,25.6168421052632,219,1.2849494348602
"17454",192.952777777778,4,517.53,8.48409836065574,243,0.718013495994416
"17455",204.013194444444,1,131.7,16.4625,66,1
"17456",365.89375,1,249.86,14.6976470588235,222,1
"17457",127.001388888889,5,1737.7,91.4578947368421,826,0.704466513379972
"17458",15.9923611111111,1,316.5,5.86111111111111,170,1
"17459",43.9756944444444,2,657.3,5.92162162162162,537,2
"17460",94.9069444444444,6,622.43,21.4631034482759,236,0.645289782911771
"17461",23.1034722222222,3,735.82,6.94169811320755,770,3
"17462",60.9541666666667,2,675.69,25.0255555555556,227,0.268010856921287
"17463",16.9652777777778,5,1875.86,9.01855769230769,1086,0.505201706459097
"17464",158.979861111111,1,289.96,32.2177777777778,220,1
"17466",10.9826388888889,2,763.28,18.6165853658537,306,0.880204566061186
"17468",10.8868055555556,2,137,27.4,116,2
"17469",16.9826388888889,5,1870.97,21.2610227272727,787,0.797106797549635
"17470",45.0055555555556,5,1125.07,14.4239743589744,1675,0.464231599987105
"17472",191.911805555556,3,697.54,4.00885057471264,455,0.833242251039946
"17475",79.9131944444444,1,194.37,13.8835714285714,178,1
"17480",78.0493055555555,1,511.82,17.6489655172414,338,1
"17481",4.01527777777778,4,1255.59,15.3120731707317,1061,1.3317816433014
"17483",65.9861111111111,3,414.04,19.7161904761905,191,0.764466466112192
"17486",261.951388888889,1,396.87,16.53625,191,1
"17489",59.1625,2,376.64,12.9875862068966,428,0.389888177904532
"17490",1.15416666666667,7,2092.32,27.5305263157895,1134,1.19321477471363
"17491",1.85555555555556,10,3558.87,32.6501834862385,2013,0.819299044151115
"17492",248.895138888889,1,374.57,31.2141666666667,155,1
"17495",8.02916666666667,2,497.56,18.4281481481481,229,1.93539715962546
"17496",359.174305555556,1,271.05,27.105,79,1
"17498",76.0173611111111,1,272.22,16.0129411764706,394,1
"17499",290.15,1,622.88,15.572,711,1
"17500",17.9340277777778,3,1138,227.6,17,3
"17501",221.127083333333,2,288.6,16.0333333333333,160,2
"17502",9.98402777777778,4,689.1,24.6107142857143,376,4
"17503",3.14722222222222,2,558.96,14.7094736842105,486,1.67033986776476
"17504",206.99375,9,2997.03,23.5986614173228,1664,2.32605444211786
"17505",162,2,1145.84,22.0353846153846,556,1.3587255657425
"17506",76.0493055555555,1,302.2,21.5857142857143,139,1
"17507",262.043055555556,2,605.58,6.88159090909091,359,1.25691009601397
"17508",281.194444444444,1,387.31,17.605,289,1
"17509",58.1,8,6083.64,16.7132967032967,3512,8
"17510",25.1180555555556,1,308.48,15.424,214,1
"17511",3.10972222222222,31,91062.38,94.5611422637591,64549,2.50677139001147
"17512",29.0270833333333,10,2924.99,27.8570476190476,2753,1.09893184841863
"17513",72.8388888888889,1,513.2,85.5333333333333,254,1
"17514",128.878472222222,1,208.65,5.21625,135,1
"17515",31.9486111111111,4,639.02,7.34505747126437,243,0.418147808474753
"17516",15.8326388888889,5,764.88,5.66577777777778,414,0.555198560596324
"17517",309.043055555556,1,153.94,13.9945454545455,102,1
"17519",17.8381944444444,6,1844.02,22.4880487804878,1236,0.512734286138173
"17520",54.0319444444444,1,546.81,18.227,365,1
"17521",30.0611111111111,3,723.21,16.0713333333333,519,0.529913970756599
"17522",2.01319444444444,5,1070.71,14.6672602739726,1034,0.691775557263643
"17523",11.9791666666667,4,652.74,19.78,872,4
"17524",361.929166666667,1,145,24.1666666666667,90,1
"17525",360.03125,1,422.7,46.9666666666667,82,1
"17526",5.07291666666667,4,1195.9,62.9421052631579,310,0.332457937721855
"17527",54.0125,4,939.37,19.9865957446809,488,0.72749011699624
"17528",1.97430555555556,8,3628.5,14.3418972332016,2138,3.42778929410948
"17530",1.75555555555556,10,2367.12,6.06953846153846,1514,0.824300060486833
"17531",190.73125,1,296.7,21.1928571428571,136,1
"17534",54.0020833333333,1,223.36,24.8177777777778,103,1
"17535",280.895833333333,1,164.4,12.6461538461538,136,1
"17536",177.977083333333,1,76.5,25.5,6,1
"17537",30.0791666666667,2,887.67,11.9955405405405,699,0.219067492564636
"17538",26.0263888888889,1,98.42,10.9355555555556,134,1
"17540",25.0375,2,578.9,23.156,194,0.205557181297151
"17542",270.045138888889,1,170.75,6.83,134,1
"17545",43.9486111111111,3,642.32,4.5554609929078,337,3
"17548",234.034027777778,1,103.3,20.66,58,1
"17549",24.11875,2,148.86,24.81,210,2
"17550",197.945138888889,3,267.16,6.36095238095238,86,1.9585915067251
"17551",359.943055555556,1,290.34,7.44461538461538,142,1
"17552",60.8263888888889,4,930.41,18.9879591836735,719,0.384705293037235
"17553",130.118055555556,1,1487.6,743.8,1048,1
"17554",1.94097222222222,5,1952.45,22.1869318181818,1763,1.02207879470412
"17555",20.0194444444444,2,480.31,4.57438095238095,348,0.190479969840671
"17556",206.084722222222,1,157.9,26.3166666666667,101,1
"17557",14.9951388888889,3,541.46,15.9252941176471,306,1.3444820217026
"17560",95.1472222222222,4,854.95,32.8826923076923,635,0.555762823069303
"17561",19.9979166666667,1,165.12,3.66933333333333,144,1
"17562",14.9368055555556,7,1122.38,17.8155555555556,817,1.32032222149453
"17564",24.9743055555556,3,454.01,9.26551020408163,146,1.60780081134393
"17566",8.70555555555556,2,869.77,6.12514084507042,497,2
"17567",7.87638888888889,8,4331.48,26.2513939393939,2632,0.657496718223846
"17569",332.940972222222,1,344.14,11.8668965517241,159,1
"17571",50.8701388888889,4,1425.67,5.26077490774908,876,0.483814067565978
"17572",71.7895833333333,4,226.75,18.8958333333333,95,0.397075246678401
"17573",29.9923611111111,3,380.6,15.224,308,1.40404095119441
"17574",243.127083333333,1,185.65,23.20625,77,1
"17576",8.7875,19,3564.83,8.86773631840796,1967,1.59645543325832
"17578",218.758333333333,1,143.46,28.692,138,1
"17579",5.01527777777778,3,448.9,8.978,258,0.51449804681297
"17580",253.00625,3,215.72,4.79377777777778,88,0.849980980363865
"17581",1.02013888888889,25,11025.24,25.1144419134396,5915,2.01667867959831
"17582",236.980555555556,1,175.27,6.04379310344828,123,1
"17584",7.81805555555556,2,1242.3,35.4942857142857,458,0.499479708636837
"17585",109.972222222222,4,1116.68,5.36865384615385,1650,0.524174834147806
"17588",100.967361111111,3,1240.2,53.9217391304348,676,0.681151650846709
"17589",60.8277777777778,4,2404.17,9.50264822134387,1631,0.666175773253505
"17590",2.99652777777778,3,1468.02,7.48989795918367,822,2.37145471180238
"17591",73.9638888888889,7,2203.67,14.0361146496815,1000,0.714483169243201
"17593",4.09722222222222,5,3923.86,18.5087735849057,3089,0.429798571715672
"17594",85.8444444444444,2,993.18,19.8636,550,0.354502260772519
"17595",12.8625,2,386.69,4.71573170731707,228,2
"17596",23.94375,7,2806.69,10.5912830188679,4376,0.608576827793285
"17597",214.038888888889,1,2044.37,37.1703636363636,1176,1
"17600",18.1298611111111,1,161.67,12.4361538461538,144,1
"17601",239.783333333333,1,116.01,12.89,103,1
"17602",2.95625,6,5054.42,9.17317604355717,4116,0.559181075862664
"17603",78.9388888888889,1,394.72,35.8836363636364,74,1
"17604",217.963194444444,2,309.36,4.91047619047619,169,0.631976242374592
"17608",33.9888888888889,2,191.99,3.42839285714286,229,2
"17609",41.0152777777778,5,1105.78,4.74583690987124,719,0.522945441779951
"17611",7.97291666666667,15,3961.12,6.98610229276896,2550,1.27124379827244
"17612",53.9104166666667,6,2048.45,15.1737037037037,1808,0.737161529951453
"17613",23.0826388888889,14,4544.55,14.8514705882353,2490,1.4842045591191
"17614",57.8673611111111,1,386.32,3.94204081632653,235,1
"17615",130.947222222222,3,329.6,23.5428571428571,140,0.978903718474542
"17616",174.110416666667,3,571.2,190.4,224,0.463905901556018
"17618",6.04166666666667,3,930.28,13.884776119403,319,0.252225952415706
"17619",312.938888888889,1,214.37,2.89689189189189,124,1
"17620",60.0291666666667,1,81.44,20.36,60,1
"17621",21.81875,3,1379.9,53.0730769230769,514,0.270146329261683
"17623",33.0541666666667,1,527.05,15.9712121212121,265,1
"17624",15.0819444444444,2,843.48,16.8696,554,0.294545789256579
"17625",18.9680555555556,4,2020.4,6.60261437908497,1180,0.501982657196392
"17628",81.8951388888889,1,75.75,15.15,79,1
"17629",6.07916666666667,8,1814.12,14.7489430894309,1629,0.677888972143
"17630",170.036111111111,2,503.6,19.3692307692308,158,0.953695016281252
"17631",2.12708333333333,3,528.33,13.5469230769231,334,0.389862374971798
"17633",31.9756944444444,4,1324.84,18.9262857142857,644,1.34976800862352
"17634",36.9868055555556,9,2358.59,7.96820945945946,838,0.896960301201484
"17636",19.9236111111111,1,285.56,14.278,182,1
"17637",31.9993055555556,2,547.06,15.6302857142857,280,0.714486545490631
"17639",276.894444444444,1,108.5,15.5,49,1
"17640",87.1506944444444,1,621.66,124.332,250,1
"17642",120.152083333333,2,712.29,17.80725,474,1.05551211884285
"17643",373.925,1,101.55,12.69375,71,1
"17644",1.96319444444444,11,2895.64,18.4435668789809,1793,1.27331530899065
"17646",219.98125,3,1008.39,19.7723529411765,323,0.616646603447702
"17647",65.8833333333333,1,133.06,19.0085714285714,30,1
"17648",61.13125,4,1797.5,19.7527472527473,487,0.63503263362145
"17649",138.872916666667,1,868.49,16.7017307692308,399,1
"17650",21.9152777777778,1,166.08,20.76,150,1
"17651",12.0979166666667,10,3945,17.0043103448276,3112,1.8097121217199
"17652",25.9965277777778,12,4867.72,18.7942857142857,2509,1.40651707952356
"17653",37.0027777777778,4,1207.56,27.4445454545455,1409,1.43043989337925
"17654",277.98125,1,117.55,5.34318181818182,41,1
"17655",11.0527777777778,7,2638.94,28.9993406593407,1116,0.590245721011303
"17656",73.9902777777778,5,1674.69,20.4230487804878,1399,2.72249461172941
"17658",26.0298611111111,2,595.42,31.3378947368421,616,0.322816876148914
"17659",17.9729166666667,12,2999.46,18.9839240506329,1525,1.01447545317738
"17660",141.967361111111,1,178.75,4.70394736842105,121,1
"17663",26.1625,7,1802.91,20.9640697674419,797,0.802196490390354
"17664",19.05625,2,604.64,14.0613953488372,604,0.309464454568899
"17666",4.15555555555556,2,728.16,40.4533333333333,596,0.969044414535666
"17667",66.9291666666667,5,2055.51,17.7199137931034,1033,0.645956194600285
"17668",1.97569444444444,2,347.75,23.1833333333333,93,1.62406015037594
"17669",43.1645833333333,7,3406.72,50.0988235294118,1916,1.01475829021282
"17670",228.151388888889,1,205.7,18.7,110,1
"17671",16.0201388888889,4,1572.71,29.6737735849057,772,0.342942878576787
"17672",50.9388888888889,2,3178.17,28.8924545454545,1690,0.231629799817163
"17673",2,6,1594.97,7.31637614678899,1462,0.564442721694025
"17674",74.96875,2,551.04,20.4088888888889,672,0.20398767574459
"17675",1.78263888888889,31,20374.28,28.8996879432624,8360,2.53962956150049
"17676",4.89861111111111,6,1371.18,17.8075324675325,922,0.497154595515251
"17677",2.12083333333333,30,16345.38,53.9451485148515,9772,2.4519727407228
"17678",264.040277777778,1,298.11,18.631875,207,1
"17679",53.2131944444444,2,1992.11,66.4036666666667,729,1.82478668581566
"17680",24.0055555555556,1,184.4,16.7636363636364,96,1
"17682",10.86875,6,2474.33,20.9688983050847,1367,0.502652890254119
"17684",44.0694444444444,1,239.41,15.9606666666667,145,1
"17685",17.0513888888889,7,3155.83,24.8490551181102,1907,0.590101745717664
"17686",7.88263888888889,7,5739.46,20.068041958042,2478,0.711326892814046
"17690",30.8979166666667,15,4726.8,18.7571428571429,1769,1.31210743082076
"17691",358.8125,2,290.4,15.2842105263158,134,2
"17692",127.950694444444,4,740.94,16.1073913043478,672,0.517204223834495
"17693",137.876388888889,1,200.47,12.529375,231,1
"17694",142.034722222222,1,283.12,18.8746666666667,184,1
"17695",132.090277777778,2,765.34,21.8668571428571,779,1.50300078281291
"17696",38.9631944444444,8,2285.71,19.8757391304348,1756,0.735832666201094
"17697",236.881944444444,1,338.95,17.8394736842105,93,1
"17698",261.052777777778,1,154.95,19.36875,93,1
"17700",17.0409722222222,4,2534.64,17.8495774647887,1266,0.453166263240296
"17701",253.017361111111,1,417.95,17.4145833333333,109,1
"17702",30.8659722222222,4,1824.37,24.6536486486486,1353,0.681871991160919
"17703",35.8743055555556,3,798.74,14.5225454545455,590,0.872956534039243
"17704",169.131944444444,2,885.19,28.5545161290323,343,0.844971247506161
"17705",3.96180555555556,9,1823.52,17.7040776699029,963,0.905685693520434
"17706",4.96944444444444,17,10504.49,27.498664921466,3899,1.40842909526074
"17707",185.907638888889,2,152.4,30.48,144,0.397181117347713
"17708",188.109722222222,2,263.33,7.745,90,0.437949544562887
"17709",170.038194444444,1,137.45,19.6357142857143,17,1
"17711",11.0486111111111,2,385.1,16.7434782608696,246,0.215049481292686
"17712",45.0152777777778,1,522.91,18.0313793103448,215,1
"17714",321.095833333333,1,153,15.3,92,1
"17715",201.0125,1,326.4,326.4,384,1
"17716",23.0347222222222,11,5655.99,23.0856734693878,3072,1.34662578425649
"17718",232.965972222222,1,139.35,23.225,83,1
"17719",38.0930555555556,15,5396.04,19.6935766423358,2466,2.064568750458
"17720",26.9069444444444,4,1195.94,23.9188,576,0.351719210830021
"17722",96.8944444444444,4,2424.04,21.0786086956522,1595,0.444260478556976
"17723",127.759027777778,6,3276.4,327.64,792,2.06512472811581
"17724",71.8916666666667,3,1033,25.825,300,1.3416149068323
"17725",16.8444444444444,11,3439.08,17.911875,2162,1.31544345004941
"17727",15.8222222222222,1,1060.25,16.0643939393939,645,1
"17728",4.16527777777778,3,2876.01,17.4303636363636,1469,1.08585456586764
"17730",3.87986111111111,13,5298.48,24.3049541284404,3576,1.20729017528925
"17731",79.9083333333333,4,1240.11,18.5091044776119,493,1.15350724947264
"17732",373.139583333333,1,303.97,16.8872222222222,93,1
"17733",39.1902777777778,2,692.19,19.7768571428571,463,0.269140432742927
"17734",54.0118055555556,3,700.63,16.2937209302326,422,0.499712742289348
"17735",2.83541666666667,19,13110.02,19.0000289855072,8439,1.56053044346214
"17736",9.88472222222222,3,377.44,15.0976,238,0.865020724454857
"17737",9.89861111111111,2,168.24,16.824,108,1.22390004816273
"17738",19.90625,4,1879.05,19.3716494845361,1029,0.456371372204131
"17739",12.1513888888889,7,2791.35,59.3904255319149,861,0.602095387519264
"17742",113.890277777778,2,355.11,23.674,89,0.273691412931919
"17744",4.02708333333333,6,2322.4,17.0764705882353,3412,0.507167259535801
"17746",240.929861111111,1,110.25,18.375,29,1
"17747",113.192361111111,1,71.4,71.4,12,1
"17749",178.878472222222,2,674.52,19.272,320,0.768368817032175
"17750",5.94513888888889,9,1710.45,9.29592391304348,3747,1.69881808052782
"17752",359.854861111111,1,80.64,80.64,192,1
"17754",1.0625,5,1664.65,18.7039325842697,1816,0.577160477333091
"17757",1.88819444444444,30,5593.39,7.55863513513513,3318,2.42635743090685
"17758",19.9201388888889,8,3408.2,8.43613861386139,2054,1.03907661686756
"17759",17.8666666666667,3,819.96,9.11066666666667,697,0.591707871632265
"17760",22.0791666666667,2,287.59,11.5036,239,0.170539330633127
"17761",33.1020833333333,1,712.78,37.5147368421053,398,1
"17763",263.934027777778,1,15,15,12,1
"17764",51.0743055555556,2,772.55,10.880985915493,351,0.373166560129917
"17765",159.00625,3,367.63,6.56482142857143,143,0.918087600858582
"17767",15.9222222222222,1,271.2,12.9142857142857,128,1
"17768",8.97777777777778,3,2081.9,21.2438775510204,1122,0.569680346028062
"17769",13.0638888888889,10,3957.43,13.0178618421053,1850,0.974019385691385
"17770",199.011111111111,5,1143.27,30.0860526315789,365,1.78661527390632
"17771",57.0465277777778,2,245.81,4.55203703703704,287,0.224806806650535
"17772",11.0729166666667,2,173.45,3.469,55,2
"17774",97.0006944444444,4,1213.73,7.93287581699346,508,0.574208469574926
"17775",255.083333333333,1,56.4,18.8,72,1
"17777",25.0333333333333,3,647.56,3.40821052631579,501,1.18586840154822
"17779",21.9409722222222,3,650.32,8.02864197530864,396,0.737218139206808
"17781",159.868055555556,2,188.02,15.6683333333333,34,0.639403223657919
"17783",72.8631944444444,2,283.47,4.23089552238806,354,0.342368045649073
"17785",53.9631944444444,1,131.94,10.1492307692308,67,1
"17786",85.9993055555556,2,266.85,3.92426470588235,195,0.258701224040051
"17787",153.059722222222,4,1817.54,14.19953125,896,0.548186827654249
"17788",74.1118055555555,2,1117.9,223.58,211,1.07181402041905
"17789",281.983333333333,1,225.9,16.1357142857143,74,1
"17790",27.0555555555556,14,1964.3,10.3931216931217,835,1.24249378034074
"17791",30.0284722222222,1,106.1,10.61,46,1
"17793",25.9347222222222,1,300.34,5.77576923076923,226,1
"17795",180.009722222222,2,342.83,7.61844444444444,305,0.70568632896091
"17796",40.8833333333333,4,690,8.51851851851852,176,0.364591575149539
"17797",22.9784722222222,3,780.43,7.0309009009009,498,0.562226695356424
"17799",22.8986111111111,10,3039.17,7.52269801980198,1753,0.884727393371917
"17800",37.9951388888889,9,1187.21,11.5263106796117,732,0.909203581626043
"17802",82.9125,3,1285.04,9.17885714285714,752,0.310291329081193
"17805",74.0423611111111,1,512.31,51.231,478,1
"17806",11.9430555555556,1,546.04,12.6986046511628,727,1
"17809",16.99375,12,5411.91,88.7198360655738,2057,1.0080151202268
"17811",4.96111111111111,39,7761.82,9.37417874396135,4146,3.55497037524687
"17812",13.04375,4,699.81,5.26172932330827,329,0.337223371453105
"17813",14.8590277777778,5,1698.07,4.87951149425287,752,2.6310660689924
"17816",37.0527777777778,4,36.56,2.15058823529412,30,0.364861783261966
"17817",4.92430555555556,3,387.68,11.7478787878788,67,0.329813792629578
"17819",72.0819444444444,7,3704.87,77.1847916666667,1031,0.700346931118656
"17824",51.9416666666667,1,298.4,22.9538461538462,408,1
"17827",5.90972222222222,5,1987.33,9.24339534883721,1240,0.417599498880601
"17828",23.1729166666667,4,1820.09,27.1655223880597,667,0.740708988812208
"17829",299.002777777778,1,889.24,29.6413333333333,496,1
"17830",2.01527777777778,3,398.7,17.3347826086957,92,0.313487964819684
"17831",33.9034722222222,1,35.4,17.7,12,1
"17832",50.0465277777778,1,155.37,2.54704918032787,208,1
"17835",3.04305555555556,3,342.24,5.80067796610169,344,3
"17836",47.8590277777778,1,110.21,4.59208333333333,88,1
"17837",42.8590277777778,8,1541.23,9.51376543209877,510,1.98382402746127
"17838",27.0625,5,2720.8,23.2547008547009,1831,0.433765425280893
"17839",42.8076388888889,1,318.15,6.11826923076923,257,1
"17841",2.02986111111111,124,40519.84,5.27877019280875,22834,10.0028756773714
"17843",303.886805555556,1,205.48,5.55351351351351,113,1
"17844",107.057638888889,1,51.56,10.312,52,1
"17846",85.8958333333333,1,2033.1,2033.1,1,1
"17848",81.8340277777778,9,901.2,17.6705882352941,398,0.974995674209007
"17849",218.961111111111,4,605.8,23.3,114,1.04280446812748
"17850",372.890972222222,34,5391.21,18.1522222222222,1733,34
"17852",12.0097222222222,2,114.34,4.76416666666667,53,2
"17854",185.853472222222,2,311.26,20.7506666666667,84,1.42932768660667
"17855",373.129166666667,1,208.97,12.2923529411765,197,1
"17856",2.13194444444444,4,1418.03,94.5353333333333,842,0.428699017564751
"17857",4.98402777777778,23,26879.04,497.76,19256,1.91099708042113
"17858",6.0375,12,5140.66,26.0947208121827,2694,0.989146860832532
"17859",305.095833333333,1,141.92,6.1704347826087,102,1
"17860",369.00625,1,226.45,4.35480769230769,93,1
"17861",3.85347222222222,8,2097.88,9.57936073059361,1985,0.759014949695494
"17862",324.01875,1,330.9,30.0818181818182,100,1
"17863",59.9618055555556,6,3160,21.3513513513514,2638,0.580613945486802
"17864",13.0659722222222,3,554.85,6.165,706,0.342231529135892
"17865",31.0291666666667,20,10526.32,28.4495135135135,5757,1.79702367953078
"17866",143.071527777778,1,329.65,36.6277777777778,174,1
"17867",30.9409722222222,6,1157.87,17.0275,508,0.697467911632538
"17869",107.856944444444,5,428.18,10.7045,111,0.574804406833786
"17870",2.90486111111111,12,1865.89,6.9107037037037,1351,0.988228565981985
"17871",205.054166666667,1,155.9,15.59,182,1
"17873",80.8395833333333,5,1848.96,42.9990697674419,1035,0.51181559473683
"17874",185.997222222222,6,683.46,14.8578260869565,221,2.56916016612317
"17877",170.993055555556,1,237.61,19.8008333333333,98,1
"17878",44.0597222222222,1,379.45,14.5942307692308,401,1
"17879",174.009722222222,1,178.52,29.7533333333333,45,1
"17880",365.103472222222,1,458.92,17.6507692307692,314,1
"17881",304.815277777778,1,133.35,16.66875,32,1
"17883",3.79236111111111,4,664.34,4.67845070422535,374,0.493949970414455
"17884",4.05347222222222,4,695.07,6.15106194690265,817,0.326110341547741
"17885",12.9236111111111,1,156.34,2.94981132075472,110,1
"17886",32.1118055555556,3,869.28,8.52235294117647,469,0.413034817942793
"17887",129.80625,1,111.35,11.135,30,1
"17888",21.9618055555556,8,716,11.0153846153846,973,0.714301953789459
"17889",212.85,2,201.37,10.0685,77,0.54561988481358
"17890",323.063194444444,2,586.89,6.44934065934066,402,1.54487099254385
"17891",162.695833333333,1,203.86,5.99588235294118,393,1
"17892",56.8340277777778,3,244.1,8.71785714285714,109,0.907607515774583
"17893",225.958333333333,1,107.21,7.14733333333333,149,1
"17894",72.14375,8,1118.96,5.82791666666667,404,0.814186061304253
"17895",44.8263888888889,1,95.45,6.36333333333333,127,1
"17896",23.9520833333333,1,256.32,128.16,288,1
"17897",173.060416666667,3,541.81,5.01675925925926,222,0.447866414165849
"17898",85.9125,2,152.06,5.43071428571429,190,0.492187099457113
"17899",159.911111111111,1,154.55,4.98548387096774,170,1
"17900",190.925,2,112.2,18.7,73,2
"17901",29.80625,1,110.38,5.80947368421053,24,1
"17904",21.9951388888889,1,181.07,5.32558823529412,59,1
"17905",71.8034722222222,4,798.99,24.2118181818182,406,0.397120873665922
"17906",247.809027777778,1,72.9,6.075,26,1
"17908",374.045138888889,1,232.03,4.29685185185185,169,1
"17911",9.91527777777778,1,366.23,9.39051282051282,223,1
"17912",310.934027777778,5,310.06,8.38,184,2.77086486902532
"17913",59.0868055555556,2,408.65,7.04568965517241,288,0.202043822931039
"17914",4.03611111111111,1,329.36,4.39146666666667,457,1
"17917",45.9791666666667,3,335.03,3.64163043478261,184,0.283866897965621
"17919",88.9645833333333,1,1304.04,56.6973913043478,756,1
"17920",4.93125,17,4119.5,6.19473684210526,2473,1.38169777242625
"17921",64.7458333333333,4,820.23,5.7762676056338,425,0.59337195287363
"17923",282.899305555556,1,207.5,207.5,50,1
"17924",12.1520833333333,7,2962.5,95.5645161290323,1160,0.580221804367013
"17925",373.111111111111,1,244.08,244.08,72,1
"17926",133.924305555556,2,397.29,18.9185714285714,306,0.854472630173565
"17928",45.9569444444444,2,212.54,9.24086956521739,140,0.29876655059494
"17929",11.8673611111111,4,843,168.6,108,0.403793980945972
"17930",36.1020833333333,5,1740.48,44.6276923076923,1594,0.736103490698174
"17931",134.761805555556,2,408.36,6.28246153846154,249,0.494839692557932
"17932",29.7090277777778,3,1331.57,14.7952222222222,789,0.49384409616242
"17934",52.0652777777778,2,704.25,33.5357142857143,478,2
"17935",138.980555555556,2,145.79,5.02724137931034,82,2
"17936",5.97083333333333,1,380.13,5.27958333333333,257,1
"17937",9.04513888888889,7,4301.22,100.028372093023,1754,0.593427554348466
"17939",160.015972222222,1,99.14,8.26166666666667,40,1
"17940",49.9743055555556,10,4020.04,223.335555555556,9323,1.18499662605127
"17941",131.180555555556,1,304.56,152.28,252,1
"17942",8.08680555555556,1,77.5,38.75,38,1
"17946",233.826388888889,2,149.58,7.479,75,2
"17947",37.9895833333333,1,176.68,19.6311111111111,168,1
"17948",147.994444444444,1,358.56,358.56,144,1
"17949",1.75277777777778,45,58510.48,835.864,30546,3.64636282810701
"17950",72.8972222222222,3,482.2,6.79154929577465,366,0.307165779456866
"17951",40.0138888888889,3,1008.54,50.427,616,0.269466680528121
"17954",5.94097222222222,12,2314.13,4.85142557651992,2221,0.983612156262274
"17955",199.034722222222,4,557.3,29.3315789473684,273,4
"17956",249.960416666667,1,12.75,12.75,1,1
"17957",66.9111111111111,1,111.68,3.60258064516129,287,1
"17958",117.021527777778,1,508.46,72.6371428571428,84,1
"17960",171.940972222222,1,73.78,2.83769230769231,41,1
"17961",21.8298611111111,39,1296.44,5.20658634538153,560,3.33427667292701
"17962",142.940277777778,1,102.41,3.01205882352941,127,1
"17964",32.0875,2,463.21,4.72663265306122,294,0.176013298782575
"17965",38.1381944444444,14,2599.19,7.99750769230769,1532,1.26607452004095
"17966",38.1,5,1098.43,16.1533823529412,2571,0.670513843317057
"17967",372.063194444444,1,112.27,2.67309523809524,73,1
"17968",374.01875,1,265.1,3.27283950617284,151,1
"17969",166.993055555556,2,228.2,16.3,152,0.307861148920704
"17970",211.699305555556,1,562.79,19.4065517241379,513,1
"17972",242.023611111111,1,135.19,4.50633333333333,36,1
"17973",52.0944444444444,1,337.04,22.4693333333333,176,1
"17974",25.0506944444444,3,703.99,4.26660606060606,500,0.461559830049112
"17975",15.9743055555556,13,4483.26,15.301228668942,1565,1.11087154756512
"17976",372.959027777778,1,321.79,5.64543859649123,93,1
"17977",29.9736111111111,1,288.14,13.7209523809524,342,1
"17978",365.947916666667,1,300.92,25.0766666666667,499,1
"17979",36.03125,4,732.41,5.30731884057971,383,0.535662805223952
"17980",166.034027777778,3,811.45,27.0483333333333,682,0.464298125253017
"17984",145.86875,1,152.68,3.18083333333333,98,1
"17985",22.9347222222222,1,631.35,30.0642857142857,171,1
"17986",56.9361111111111,1,20.8,20.8,10,1
"17987",185.936111111111,1,198.57,15.2746153846154,261,1
"17988",12.0763888888889,7,201.12,5.29263157894737,43,0.666753391644857
"17990",237.045833333333,3,630.84,21.7531034482759,414,0.720104015024392
"17991",225.869444444444,2,93.35,18.67,25,2
"17994",122.047916666667,4,674.89,8.54291139240506,495,0.709945398296624
"17995",282.013888888889,1,76.1,38.05,133,1
"17997",74.8590277777778,8,1962.46,11.9662195121951,2273,2.6682107701216
"17999",37.8708333333333,2,380.39,4.18010989010989,219,0.182355809108926
"18001",12.8666666666667,2,415.13,7.28298245614035,362,0.808678316376672
"18004",362.960416666667,1,157.92,4.26810810810811,75,1
"18005",4.04097222222222,2,226.47,4.27301886792453,86,1.36728331566204
"18006",23.8319444444444,1,444.68,20.2127272727273,220,1
"18008",70.8979166666667,9,2116.19,70.5396666666667,1581,1.08818861936069
"18009",235.968055555556,1,247.39,7.98032258064516,125,1
"18010",257.015972222222,1,174.8,12.4857142857143,60,1
"18011",373.802083333333,1,102.79,3.67107142857143,71,1
"18013",155.94375,2,187.29,6.04161290322581,285,2
"18014",28.8902777777778,1,162.22,5.40733333333333,66,1
"18015",4.91736111111111,1,120.03,2.60934782608696,157,1
"18016",32.9756944444444,5,1477.66,12.1119672131148,1027,0.45202374798839
"18017",81.8576388888889,3,523,174.333333333333,300,0.392848698688686
"18018",108.800694444444,2,122.14,4.21172413793103,55,0.658060093682166
"18019",52.0277777777778,1,38.45,7.69,7,1
"18022",36.0034722222222,1,612.72,3.73609756097561,703,1
"18024",153.006944444444,2,389.78,18.5609523809524,184,2
"18027",99.0916666666667,1,115.31,5.49095238095238,78,1
"18030",4.84236111111111,2,230.65,25.6277777777778,67,1.5742866513611
"18032",334.8875,1,73.5,14.7,42,1
"18033",65.8069444444444,1,93.82,2.8430303030303,252,1
"18034",22.0194444444444,2,418.68,3.80618181818182,559,2
"18035",36.0076388888889,3,713.89,14.5691836734694,584,3
"18036",32.9236111111111,3,403.12,4.28851063829787,232,0.422268127227823
"18037",154.965972222222,6,70.02,3.68526315789474,20,0.865850032903637
"18040",19.9375,2,357.2,18.8,148,0.265199068119941
"18041",12.0493055555556,21,4097.37,8.94622270742358,3758,1.74509192894983
"18042",54.0423611111111,1,165.05,23.5785714285714,33,1
"18043",25.0013888888889,3,529.29,4.60252173913043,265,0.263150948338352
"18044",4.93333333333333,10,2088.6,16.4456692913386,1033,0.842497771866425
"18045",45.9881944444444,1,178.34,4.14744186046512,138,1
"18048",203.911111111111,2,172.29,24.6128571428571,127,2
"18050",359.934027777778,1,74.4,14.88,40,1
"18053",71.15625,1,300.02,15.001,302,1
"18055",7.93402777777778,10,6761.34,18.8864245810056,2452,0.828390793356766
"18056",288.932638888889,1,363.65,19.1394736842105,211,1
"18058",10.175,1,170.16,56.72,88,1
"18059",23.8340277777778,3,306.46,17.0255555555556,258,2.03137980219126
"18061",22.0625,10,2119.41,46.0741304347826,955,0.869745539030838
"18062",173.91875,3,720.52,26.6859259259259,396,0.548121331055134
"18064",133.840972222222,2,814,116.285714285714,384,0.58787107660695
"18065",6.09722222222222,14,2392.83,17.4659124087591,1027,1.17021976448553
"18066",75.8888888888889,1,318,31.8,108,1
"18067",40.8694444444444,1,396.33,10.7116216216216,189,1
"18068",289.916666666667,1,101.7,101.7,6,1
"18069",26.8659722222222,5,2009.24,4.39658643326039,1296,0.498323924393187
"18071",258.035416666667,2,453,18.12,260,0.555248512268165
"18072",186.0875,1,247.44,13.7466666666667,288,1
"18073",114.95,12,3859.82,53.6086111111111,3102,4.34957712444623
"18074",374.122916666667,1,489.6,37.6615384615385,190,1
"18075",23.8951388888889,10,2611.75,18.3926056338028,1464,0.889707199831944
"18077",8.97083333333333,11,2584.41,11.5892825112108,1839,0.921446313923884
"18078",217.929166666667,2,336.13,11.5906896551724,145,1.42942227516379
"18079",45.8909722222222,4,3613.15,29.3752032520325,7347,0.621330178740296
"18080",19.2,2,1231.5,615.75,642,0.267963477570465
"18081",36.8472222222222,3,343.45,20.2029411764706,195,0.926018548951798
"18082",26.0034722222222,1,680.84,9.72628571428571,608,1
"18084",16.9534722222222,1,90.48,90.48,312,1
"18085",330.897916666667,2,689.95,23.7913793103448,265,1.39110273873352
"18086",274.969444444444,1,101.34,14.4771428571429,106,1
"18087",98.9013888888889,2,4055.72,2027.86,3907,0.312196250031617
"18088",61.9645833333333,1,166.03,4.4872972972973,107,1
"18092",2.98333333333333,11,9068.26,101.890561797753,4252,0.908753638265566
"18093",93.8798611111111,4,2106.52,58.5144444444444,1392,0.573766137172608
"18094",82.1402777777778,7,3017.3,43.1042857142857,2518,0.999874354413136
"18095",313,2,580.05,27.6214285714286,419,2
"18096",12.0041666666667,3,849.06,4.3319387755102,788,1.72963739006259
"18097",8.06527777777778,6,2662.4,25.1169811320755,1662,0.518953204115587
"18099",127.873611111111,1,168.31,8.85842105263158,149,1
"18101",11.9673611111111,2,222.4,5.56,87,0.454468944622118
"18102",1.04166666666667,60,259657.3,602.45313225058,64124,4.90734359735549
"18104",37.9465277777778,1,754.64,19.8589473684211,362,1
"18105",38.0319444444444,1,113.48,6.30444444444444,46,1
"18106",330.01875,1,421.9,11.4027027027027,126,1
"18108",254.954166666667,1,271,15.9411764705882,84,1
"18109",2.05138888888889,26,8004.92,18.151746031746,4230,2.11941323652063
"18110",20.0111111111111,1,198.8,5.37297297297297,72,1
"18112",12.9215277777778,2,352.69,13.565,255,0.389527832755504
"18113",369.013194444444,1,76.32,76.32,72,1
"18114",290.979166666667,1,220.1,7.86071428571429,55,1
"18116",68.0763888888889,8,1403.11,3.78196765498652,837,0.808220651721444
"18117",26.0020833333333,1,315.65,4.38402777777778,605,1
"18118",11.0541666666667,26,5625.08,4.45374505146477,2865,2.17287428010965
"18119",368.035416666667,1,180.7,6.23103448275862,124,1
"18120",214.961805555556,1,111.15,6.53823529411765,31,1
"18121",149.997916666667,2,653.3,21.0741935483871,438,2
"18122",8.9875,6,1793.06,5.02257703081233,1225,1.26704176056235
"18123",24.9354166666667,2,574.44,16.8952941176471,582,2
"18125",30.0145833333333,4,1131.75,5.89453125,800,0.418273315469577
"18126",61.0215277777778,1,200.92,3.86384615384615,135,1
"18127",19.9479166666667,3,347.08,7.54521739130435,187,0.788325963053303
"18129",243.940277777778,1,112.55,8.03928571428571,48,1
"18130",15.9236111111111,3,1059.39,15.1341428571429,824,2.14562431707559
"18133",212.941666666667,1,931.5,931.5,1350,1
"18135",29.7208333333333,5,681.91,34.0955,349,0.930360773233176
"18136",63.8819444444444,3,784.33,20.6402631578947,379,0.351360437248544
"18138",295.915972222222,1,152.65,19.08125,38,1
"18139",18.0875,6,8438.34,53.071320754717,5557,6
"18142",157.979861111111,2,1019.52,67.968,1276,1.03388856978748
"18143",117.029861111111,2,1000.16,16.3960655737705,570,2
"18144",8.00277777777778,12,2888.75,67.1802325581395,1343,0.983716680487532
"18145",13.0611111111111,4,2861.55,12.9481900452489,2625,0.400044449383265
"18146",141.029166666667,2,160.35,16.035,153,0.751742319438281
"18147",46.0444444444444,2,179.34,25.62,203,0.952759031361652
"18149",51.0319444444444,3,612.08,38.255,310,0.403637722685935
"18150",32.8340277777778,3,566.58,15.312972972973,332,0.531753391158779
"18151",135.052083333333,2,653.35,17.1934210526316,355,0.386774462141764
"18154",3.83958333333333,2,399.19,19.0090476190476,255,1.49065751108504
"18155",75.9708333333333,3,371.62,14.8648,266,0.416431031823557
"18156",13.0180555555556,2,675.64,5.53803278688525,283,0.16806886154744
"18158",9.85486111111111,2,453.4,13.3352941176471,354,0.756593926232092
"18159",301.933333333333,1,530.15,23.05,139,1
"18160",57.875,2,638.06,16.3605128205128,294,0.419317735101845
"18161",15.8402777777778,5,1618.69,20.233625,812,0.493101149656199
"18164",37.9958333333333,1,399.65,16.6520833333333,184,1
"18165",177.977083333333,1,302.46,30.246,254,1
"18167",23.8708333333333,3,1384.86,37.4286486486486,382,1.09518658734451
"18168",176.728472222222,6,1160.04,8.92338461538461,592,0.918129877122201
"18169",61.0222222222222,1,202.65,22.5166666666667,61,1
"18170",33.9270833333333,3,980.31,25.7976315789474,409,0.489200594892081
"18171",59.1506944444444,5,1231.31,22.802037037037,481,0.545512402830603
"18172",15.0680555555556,20,7561.68,40.0088888888889,3184,2.18166392275294
"18173",87.0583333333333,4,2106.84,67.9625806451613,1220,0.638368613543168
"18174",7.82916666666667,1,104,104,50,1
"18176",358.878472222222,1,476.35,15.8783333333333,283,1
"18177",31.9208333333333,6,1340.87,18.3680821917808,709,0.802680556673831
"18178",129.138888888889,4,1590.81,16.4001030927835,983,0.508762012436405
"18179",9.85208333333333,6,1793.17,19.9241111111111,1360,0.550317302935663
"18180",5.17430555555556,6,1843.75,15.4936974789916,1721,1.30447911424258
"18181",24.9041666666667,1,366.85,8.94756097560976,133,1
"18183",227.891666666667,2,632.07,17.082972972973,371,1.27062560663549
"18184",15.8902777777778,1,49.8,49.8,60,1
"18185",249.963888888889,1,304.25,17.8970588235294,183,1
"18188",15.8361111111111,3,2001.04,28.183661971831,1168,0.327171105944366
"18189",78.0069444444444,2,1090.24,16.0329411764706,566,0.315592228541372
"18190",192.918055555556,2,284.46,18.964,140,0.434229769868274
"18191",262.029166666667,1,207.8,29.6857142857143,140,1
"18192",72.1229166666667,1,957.97,21.2882222222222,339,1
"18193",165.952777777778,1,243.76,15.235,124,1
"18194",82.9729166666667,1,973.84,139.12,632,1
"18196",95.8527777777778,2,686.63,4.93978417266187,431,0.307682446075446
"18198",4.91736111111111,17,5425.56,34.1230188679245,4074,1.5359196904737
"18200",106.753472222222,1,150.35,5.01166666666667,104,1
"18202",200.026388888889,3,1396.99,20.5439705882353,581,0.803990173453436
"18203",157.988194444444,1,160.42,8.44315789473684,43,1
"18204",71.8375,3,1975.35,10.28828125,1190,0.743468832822772
"18205",36.9777777777778,2,517.36,16.1675,192,1.57664233576642
"18209",29.0298611111111,1,139.1,17.3875,58,1
"18210",2.075,6,2621.38,19.5625373134328,1398,0.677321236320306
"18211",26.1944444444444,5,600.07,14.287380952381,359,0.593274573515234
"18212",326.858333333333,1,216.07,6.355,92,1
"18213",237.103472222222,1,232.48,15.4986666666667,232,1
"18215",89.8645833333333,1,299.34,23.0261538461538,118,1
"18216",31.8298611111111,1,481.75,18.5288461538462,200,1
"18217",29.9805555555556,2,621.75,20.0564516129032,491,1.45960739264115
"18218",211.997916666667,2,641.92,32.096,536,0.856896329429033
"18219",3.04652777777778,10,2069.77,18.1558771929825,885,0.819519746252405
"18220",227.157638888889,1,305.28,152.64,288,1
"18221",22.9236111111111,5,1041.61,16.27515625,791,0.793572066263267
"18222",93.0868055555556,1,443,23.3157894736842,335,1
"18223",5.15208333333333,14,6484.54,23.8402205882353,2948,1.18749128721464
"18224",264.097222222222,1,158.95,15.895,69,1
"18225",3.97430555555556,12,5504.96,20.4645353159851,3242,0.994740386958616
"18226",44.9680555555556,11,5228.05,21.6035123966942,3466,1.12554358639115
"18227",218.01875,1,93.75,18.75,21,1
"18228",57.1451388888889,2,779.9,25.9966666666667,238,2
"18229",12.1263888888889,20,7276.9,44.3713414634146,2488,1.65872182428684
"18230",9.97777777777778,7,2810.2,32.6767441860465,1316,0.716696371013613
"18231",192.938888888889,5,2071.77,16.8436585365854,819,1.55900396968603
"18232",82.0423611111111,4,592.97,16.0262162162162,302,1.03622593083432
"18233",326.170833333333,1,440,440,4,1
"18235",72.1826388888889,3,1796.48,17.2738461538462,1578,0.617342758607549
"18236",30.1972222222222,6,882.24,18.0048979591837,403,0.853378284946697
"18237",3.00069444444444,5,987.1,16.1819672131148,622,1.1364592979207
"18239",219.008333333333,5,1561.61,17.7455681818182,795,0.975389478437571
"18240",46.9888888888889,1,422.58,70.43,126,1
"18241",10.0277777777778,17,2073.09,19.9335576923077,1051,2.45054857051333
"18242",72.9631944444444,4,2232.49,28.6216666666667,1017,0.850464851882293
"18245",7.91805555555556,7,2567.06,14.6689142857143,1788,0.603460318093832
"18246",24.0423611111111,2,596.1,149.025,166,0.285833382957185
"18248",123.104861111111,2,804.02,17.1068085106383,511,0.939324425696611
"18249",17.9048611111111,1,95.34,11.9175,128,1
"18250",310.981944444444,1,349.27,16.6319047619048,199,1
"18251",87.9076388888889,1,4314.72,269.67,7824,1
"18252",51.0048611111111,2,518.27,5.51351063829787,234,0.495708449993115
"18255",89.9819444444445,1,103.3,17.2166666666667,74,1
"18257",39.9180555555556,8,2337.63,19.8104237288136,1041,0.933915228817338
"18259",25.0111111111111,3,2338.6,55.6809523809524,714,0.263192097738497
"18260",173.009027777778,6,2628.35,19.762030075188,1475,0.968993697054887
"18261",43.8847222222222,2,324.24,15.44,146,1.14829483533133
"18262",140.865277777778,1,149.48,11.4984615384615,182,1
"18263",26.1597222222222,3,1213.16,19.887868852459,1468,0.396679644457504
"18265",72.9444444444444,2,801.51,17.4241304347826,311,0.698102840890727
"18268",134.734027777778,1,25.5,25.5,2,1
"18269",366.95625,1,168.6,24.0857142857143,76,1
"18270",38.9534722222222,2,283.15,25.7409090909091,101,0.263096992655209
"18272",3.00486111111111,6,3078.58,18.5456626506024,2050,0.737310409958242
"18273",2.98194444444444,3,204,68,80,0.352831637236806
"18274",30.8243055555556,1,175.92,15.9927272727273,88,1
"18276",44.0805555555556,1,335.86,23.99,186,1
"18277",58.8944444444444,1,110.38,13.7975,68,1
"18278",74.0361111111111,1,173.9,19.3222222222222,66,1
"18280",278.123611111111,1,180.6,18.06,45,1
"18281",181.08125,1,80.82,11.5457142857143,54,1
"18282",8.04652777777778,2,178.05,14.8375,103,0.504531439783238
"18283",4.03333333333333,16,2045.53,2.83707350901526,1357,1.43752027752128
"18287",43.1395833333333,3,1837.28,26.2468571428571,1586,0.566210843636681
