"CustomerID","Recency","Frequency","Monetary","Avg_Transaction_Value","Total_Quantity","Purchase_Frequency"
"12346",2.3329883286653,-0.973987429191438,2.72398953472936,3.63524149608769,2.52749817040405,0.119081287901486
"12347",-0.902256300155659,1.11082404530309,1.46922422854488,0.284285862978893,1.3883762307892,-0.779857100074638
"12348",-0.170517224514766,0.403998001147492,0.749130121744489,1.36483595809172,1.35134738456185,-1.15901226596324
"12349",-0.73960823065393,-0.973987429191438,0.730749121775221,0.303966895090901,0.356403450305171,0.119081287901486
"12350",2.18035589388654,-0.973987429191438,-0.633834166519103,0.0643058525251164,-0.525175001491411,0.119081287901486
"12352",-0.561439750092957,1.2879548417083,1.02279635469901,0.546171640307763,0.232675471017536,-0.0292136112442215
"12353",1.11869861325275,-0.973987429191438,-1.71724648723738,0.210177818222701,-2.22946482631838,0.119081287901486
"12354",1.40086010333831,-0.973987429191438,0.329542298934548,-0.00101105803173309,0.22414084305684,0.119081287901486
"12355",1.22043966882159,-0.973987429191438,-0.372951763130154,0.764140298873001,-0.375896017306257,0.119081287901486
"12356",-0.69908000992556,0.0684183080558247,1.11746202020761,1.12611559986911,1.05814109118743,-1.5116260026497
"12357",-0.592091345601809,-0.973987429191438,1.76964188486496,1.11935157260531,1.4619218213722,0.119081287901486
"12358",-0.909999129497351,-0.364219162365198,0.394495823438865,1.43637948102347,-0.35109140024291,-1.21697307174403
"12359",-0.350492828620478,0.403998001147492,1.78310899042939,0.384371558775596,1.06668105007112,-1.12335137184116
"12360",-0.401613573511091,0.0684183080558247,1.07251753713428,0.120936792838974,0.821600665093887,-0.704454253146412
"12361",1.95105971795978,-0.973987429191438,-1.09797446505105,0.0227750239568846,-1.10737202765443,0.119081287901486
"12362",-0.892164210205806,1.5897382004434,1.62793489152666,0.0629183830189962,1.31412546859183,0.168910965843309
"12363",0.170994373065143,-0.364219162365198,-0.222023203304223,0.300200205429735,0.0258564583030734,-1.08783392273558
"12364",-0.849919222109934,0.403998001147492,0.490813487252026,-0.21913560129392,1.01646314400785,0.382910329249053
"12365",1.99100409877369,-0.364219162365198,-0.0986349244416791,0.532702726463042,-0.618967989014587,1.64597172801596
"12367",-0.882628158269719,-0.973987429191438,-1.19395256324857,-0.226221619547652,-0.623320859936934,0.119081287901486
"12370",-0.411406793028545,0.403998001147492,1.30762993309927,0.16048279020547,1.35490662978337,-1.25581286847894
"12371",-0.479556202090741,-0.364219162365198,0.789664380583745,0.565744840732358,0.306740413041542,1.64597172801596
"12372",-0.210127982520422,0.0684183080558247,0.481320665312478,0.347053026818761,0.530689747446474,-1.22396344600222
"12373",2.19155310938875,-0.973987429191438,-0.562829636501373,0.397636177994991,-0.525175001491411,0.119081287901486
"12374",-0.671952305328951,-0.973987429191438,0.0222372691418779,0.224132726003524,-0.107816932867896,0.119081287901486
"12375",-0.819990476018979,-0.364219162365198,-0.376357524386897,0.436866764440015,-0.601801746608917,-0.530682353680513
"12377",2.23051052272823,-0.364219162365198,0.667787843843044,0.14974196986721,0.661976636399648,1.00199640986573
"12378",0.371056850418153,-0.973987429191438,1.4095376059293,-0.0205293530088845,1.40999715199358,0.119081287901486
"12379",-0.109186231596376,-0.364219162365198,0.135143118514805,0.158760687935856,0.0239970353495126,-0.546071203312539
"12380",-0.710249423527085,0.403998001147492,1.09169821209037,0.40482797539958,0.796433752642019,-0.423998674769631
"12381",-0.880932242327733,0.678186574882064,0.770856314465107,0.153436105181353,0.543949478881427,0.650357250849672
"12383",0.922590956272655,0.678186574882064,0.773194808079154,0.00417651234329125,1.02945617221621,-0.0854237711236347
"12384",-0.63902095396366,-0.364219162365198,-0.173908493099011,0.179204760625575,-0.862486535407515,-0.614597306193591
"12386",2.45200826551192,-0.364219162365198,-0.482821423347154,0.919595558284028,-0.0816972052551916,1.64597172801596
"12388",-0.770739408949655,0.910009710803488,1.10840196885374,0.47601161983307,0.99395560401864,-0.771749758412965
"12390",-0.128953382985757,-0.973987429191438,-0.225246322823412,-0.0947882974262412,-0.08383986929156,0.119081287901486
"12391",-0.710527442533968,-0.973987429191438,-0.409042118857807,-1.52775904471514,-0.22490576550186,0.119081287901486
"12393",-0.201571947583598,0.403998001147492,0.644448605818911,0.33581301287319,0.551423821083361,-1.06320606386664
"12394",-0.288501540560741,-0.364219162365198,0.464954587421871,1.11272205135511,0.554207845814775,-1.25044398260703
"12395",-0.731893203212927,1.84096642608922,1.17600553940362,0.0449277543969348,1.27534367155119,0.161910876478883
"12397",-0.569467548916704,-0.364219162365198,0.990592752278827,0.0311976588239028,0.882899955583225,-0.718585144908098
"12398",-0.469623973069846,-0.973987429191438,0.671590730878254,0.0383800109646739,0.95780390711484,0.119081287901486
"12399",0.269850981437567,0.403998001147492,0.351542461890701,0.0103440254058103,0.830022466221344,-0.186347371338003
"12401",2.11120561639956,-0.973987429191438,-1.76141860988149,-0.116987923236017,-2.59373601988992,0.119081287901486
"12402",2.31138625183049,-0.973987429191438,-0.956785151419275,0.113632051519047,-1.08299858151564,0.119081287901486
"12403",-0.429756047482823,-0.973987429191438,-0.431703540878957,1.84054075357552,-1.06717355293204,0.119081287901486
"12405",0.561930799593679,-0.973987429191438,0.708361559549994,0.632276843333199,0.588616360475526,0.119081287901486
"12406",-0.703542214986033,-0.364219162365198,1.27765313345741,0.664237634114831,1.15938911067647,-1.30068662799575
"12407",-0.42947802847594,0.678186574882064,0.707268451005929,0.206618097530797,0.969689374182837,-0.497133324157958
"12408",-0.60057092531174,0.678186574882064,1.13974103836287,0.463173132567304,0.965927769551037,-0.586740039805815
"12409",-0.13941384811973,0.0684183080558247,2.2461763505449,2.05151699283219,2.00697584078027,-0.142138812521633
"12410",2.16257657839637,-0.364219162365198,-0.0345884267776689,0.425920051400188,-0.473281487088997,1.64597172801596
"12412",-0.179295674657097,0.0684183080558247,0.43492391947896,0.0905631098850858,0.563414914873816,0.0215373313798866
"12413",-0.258836912526324,0.0684183080558247,0.0388622407235913,0.0809615280063153,-0.243209636667986,-1.4102444080837
"12414",1.25003479210428,0.0684183080558247,-0.206664030334969,0.615886075930119,-0.207032613880708,0.0578478220029108
"12415",-0.681439703938834,2.63214393769067,2.72398953472936,2.72077807435838,2.52749817040405,1.66091904845035
"12417",-0.891830587397547,1.44640373839476,1.33217027417379,0.0237507128686212,1.03930172674602,-0.357090884573602
"12418",0.200672902049904,-0.973987429191438,-0.0644811443236583,0.0639174802964376,0.0239970353495126,0.119081287901486
"12420",-0.288828212893828,-0.973987429191438,-0.152937868866063,0.124771037278906,-0.10120231431295,0.119081287901486
"12421",-0.769328462489723,0.403998001147492,0.0903170108153537,-0.0445347858709346,0.155313474533085,-1.23737812674863
"12422",0.0310813078512717,0.0684183080558247,0.0867624864542389,0.119099524491696,-0.048211942106633,-1.24302980883139
"12423",-0.91322804224329,1.2879548417083,0.777077601921669,-0.263179295752737,0.927250198018918,-0.537616442526378
"12424",0.70070398687933,-0.364219162365198,0.732344549610677,1.37995473232168,0.477260188239075,1.64597172801596
"12425",-0.142284394365797,-0.973987429191438,0.0593278802607808,0.174393747708245,0.173878322818154,0.119081287901486
"12426",1.02084287330511,-0.973987429191438,-0.177484322324122,0.0494389265697741,-0.321183052532201,0.119081287901486
"12427",-0.709199901776102,0.0684183080558247,0.109218885292324,0.424671670329228,0.228420143937267,-1.62922415664051
"12428",-0.668928848629099,1.44640373839476,1.97402053754344,0.443560627324939,1.6644996838478,0.206022708011979
"12429",-0.832821053186629,0.403998001147492,1.35471500495447,0.872763012137471,1.04174330357414,-1.39783269445999
"12430",-0.491601375563947,-0.973987429191438,-0.851825868179951,0.265435257177163,-0.918317086918013,0.119081287901486
"12431",-0.570322457362869,2.15322978255035,1.79732965179583,0.459935389286054,1.5128863098331,0.695898728335938
"12432",-0.500178261926288,0.678186574882064,1.60120872058871,1.10539781117426,1.15225690900516,0.399276472496604
"12433",-0.91322804224329,1.11082404530309,2.40179474874054,0.638843422817243,2.52749817040405,-0.808816659277743
"12434",-0.0801957996536503,-0.364219162365198,0.0893992070006031,-0.169277401753873,-0.000599038063864639,-1.38637125315544
"12435",-0.128765720156111,-0.364219162365198,1.96081574535142,2.98942892845401,1.25241826406962,-1.44837454805751
"12436",0.0701360278431617,-0.973987429191438,-0.288672452821815,0.637551772148841,-0.473281487088997,0.119081287901486
"12437",-0.910478712284224,2.41167084498539,1.58345643667904,0.343183968508229,1.51967292588365,1.16016673341602
"12438",-0.781151220757423,-0.364219162365198,1.14494036974592,0.553431030192856,0.831309879914646,-1.0245117131454
"12441",2.74303856191705,-0.973987429191438,-1.17171529777512,-0.194565489743562,-0.892995612256327,0.119081287901486
"12442",-0.891622073142384,-0.973987429191438,-1.17877562612474,-0.30579921923967,-0.585014899907927,0.119081287901486
"12444",-0.711055678647046,0.678186574882064,1.592396037601,0.502996526372482,0.813742934012876,0.119403861013802
"12445",-0.703271146454322,-0.973987429191438,-1.38698779249092,0.694332730927206,-1.39498760869193,0.119081287901486
"12446",-0.350513680045995,-0.973987429191438,0.268576360191526,-0.0676687435864112,-0.0881434156321036,0.119081287901486
"12447",1.51085832341157,-0.973987429191438,-0.342934819940185,-0.0190947828779848,-0.55251480252931,0.119081287901486
"12448",-0.481015801876877,-0.973987429191438,-0.39094551495452,0.109035979045473,-0.366499106978274,0.119081287901486
"12449",-0.701206855328215,0.403998001147492,1.42150095974458,0.158132784502134,1.03979067037231,-0.432253420487504
"12450",0.63957455774093,-0.364219162365198,-1.06424788839675,0.336144445914766,-0.850617951792726,1.64597172801596
"12451",-0.819184220899018,0.678186574882064,2.07874868255693,0.373607650153291,2.13554772528558,-1.02058439954161
"12452",-0.759882766730873,-0.364219162365198,-0.426208423644316,0.0583368710548747,-0.572663832698684,1.64597172801596
"12453",0.419612869970269,-0.973987429191438,-0.0184268955239206,-0.146226612541324,0.137887657375517,0.119081287901486
"12454",-0.362350339264039,-0.973987429191438,1.3044624943202,3.08618976875916,0.710244492857436,0.119081287901486
"12455",-0.191493758584089,0.910009710803488,1.00982404561774,0.458795048231531,1.26487658122335,-0.264455265242591
"12456",-0.481398078011341,0.0684183080558247,1.21915065703177,0.370060006400869,1.07792032636141,-1.14922548082889
"12457",-0.260595382744859,1.11082404530309,0.974493909368292,0.855527013370591,0.576120150832347,0.504523830861407
"12458",-0.211469424228633,-0.364219162365198,0.222223235545387,0.345583938429763,0.189009777329926,-1.55729445996423
"12461",0.0180908697546634,-0.364219162365198,0.110293958482979,0.281459258415466,-0.240567637840134,0.110524234426977
"12462",-0.739330211647047,-0.364219162365198,0.409525053221026,0.0349360409895093,0.232675471017536,-1.77115229541325
"12463",-0.390923742696439,0.403998001147492,0.51043226278659,-0.163540743157875,0.513294165094252,-0.632459657000976
"12464",-0.821220710124436,1.2879548417083,0.424916562270341,0.967008801671319,-0.95120421040081,-0.272100981331065
"12465",-0.752417956396065,-0.364219162365198,0.021417646450228,-0.193530503144724,0.147442171998538,-1.23912135298752
"12468",0.951129607329195,-0.364219162365198,0.00727888067135044,0.0356416235665153,-0.0564458861211449,-1.05214768362564
"12471",-0.902193745879111,3.1478894909578,2.72398953472936,1.00462825090015,2.30328400387326,2.20968310581497
"12472",-0.601224269977915,1.11082404530309,1.81661838543947,0.0471545019311746,1.78571889042886,-0.667088554972315
"12473",-0.631146065593698,0.678186574882064,1.39282020498024,0.276215018108038,1.37466176241951,-0.0246767335603248
"12474",-0.751618651751276,2.41167084498539,1.90582566626516,-0.0830303324731531,1.90178705407223,1.29043015748915
"12475",-0.389436341009615,-0.973987429191438,0.000305033501490695,0.089452263788075,0.231259675831847,0.119081287901486
"12476",-0.770808913701375,1.72059231212933,1.8466736050355,0.536866571783592,1.37277227413868,0.0314281081136061
"12477",-0.699573493662778,0.910009710803488,2.39212585100766,1.03114948070129,1.68921891322799,-0.615767758310456
"12478",-0.889773246746612,-0.973987429191438,-0.0493569003088403,0.0181986586248817,-0.388608847902536,0.119081287901486
"12479",-0.811163372550443,-0.973987429191438,-0.259810868462488,-0.106857504157532,-0.0181059976098458,0.119081287901486
"12480",-0.641613481202844,0.403998001147492,1.24478202190715,0.158943399219991,1.1115634485602,-1.25204363441753
"12481",-0.699003554698668,1.5897382004434,1.68184073860262,0.387949194495468,1.61066659879667,-0.12431826498458
"12483",-0.752612569700883,1.2879548417083,1.015848897674,0.686473794167238,0.784899135048656,-0.394367230883361
"12484",-0.600223401553136,0.910009710803488,1.50972810582779,-0.401527775010278,1.29968315768949,-0.73938386410554
"12488",-0.829262409898527,0.0684183080558247,0.481713639281913,0.280797017200744,0.222709035098075,0.750548649416072
"12489",2.44174936415794,-0.973987429191438,-0.632533792939564,0.214367908309062,-0.999777992367051,0.119081287901486
"12490",-0.872334504539876,1.5897382004434,1.65759715585182,0.202900380317564,1.55570489608701,-0.0246457320652985
"12491",-0.540456265548463,-0.973987429191438,-0.371164898308162,-0.0594654233760373,-0.315340147588534,0.119081287901486
"12492",-0.291469393459217,-0.364219162365198,-0.830320141957128,-0.404911895733253,-0.5446025028879,0.849350401627372
"12493",0.73148764141645,-0.364219162365198,-0.420181216670104,0.0669954412393917,-0.487749998777704,1.50047148381493
"12494",-0.769516125319369,1.11082404530309,0.447715336338229,-0.164915362601655,0.442656635986494,-0.720899272995785
"12497",-0.110159298120466,-0.973987429191438,0.301396058671782,1.6713649405395,0.866499082321993,0.119081287901486
"12498",-0.710847164391883,0.0684183080558247,-0.479150247847373,-0.0698207129274095,-0.687035045627916,2.21596184536914
"12500",-0.692268544256927,1.72059231212933,1.45919503588704,1.59152324170193,1.4534632273104,0.23693575702032
"12501",2.44206213554068,-0.973987429191438,0.904041561655239,-0.28802711803541,1.14463145168281,0.119081287901486
"12502",0.0302194489299344,0.678186574882064,1.34887003439404,0.364613486841095,0.555133591081359,-0.491216263070516
"12504",-0.74218685694277,-0.364219162365198,-0.333400440765619,1.26832616726981,-1.11567346435145,1.64597172801596
"12506",1.40264637545754,-0.973987429191438,-1.87290908396083,-1.91383942870595,-2.12803786602269,0.119081287901486
"12507",0.418354833964124,0.0684183080558247,0.485601566065079,1.44935547319842,0.620685280856208,-0.846372680735532
"12508",-0.661943621081163,-0.364219162365198,-0.49107995249443,-1.30554399064714,-0.283983676998887,1.64597172801596
"12509",1.92065833955712,-0.973987429191438,-1.15791285151768,0.359034482058452,-1.48445252811068,0.119081287901486
"12510",0.501301804667668,-0.364219162365198,0.252211283964117,0.55799884245523,-0.08383986929156,-1.42246573537188
"12512",-0.261304331212411,-0.364219162365198,-1.39449774901871,-1.63247670443807,-1.06717355293204,1.64597172801596
"12513",0.200791060127829,-0.973987429191438,-0.136800705049887,-0.0737165835397498,0.120052659000334,0.119081287901486
"12514",1.74972530365028,-0.973987429191438,0.28109714240328,0.0812285310109597,0.0830749468465402,0.119081287901486
"12515",2.61085442509452,-0.973987429191438,-0.520890402710308,0.299269497464442,-0.833155713839811,0.119081287901486
"12516",-0.148831741977892,-0.364219162365198,0.490161446002116,1.19583032681355,0.604386627233851,-0.761237603247214
"12517",-0.641279858394584,0.678186574882064,1.01472839547601,-0.849579854782595,0.939619550369102,-0.0225046782235262
"12518",-0.91322804224329,0.678186574882064,0.860206711356257,-0.136037718621065,0.915252166054891,0.750708923499004
"12519",-0.289043677624163,-0.973987429191438,-0.642622373515312,0.0516745906844255,-0.614639920910157,0.119081287901486
"12520",-0.131386049295983,0.678186574882064,1.0638750482594,-0.0847213676701616,0.981919389624991,-0.335520588072531
"12521",0.501051587561473,-0.973987429191438,-0.153910743484176,-0.194286042533329,-0.184654022860013,0.119081287901486
"12522",-0.531782072533713,-0.364219162365198,-1.08589762652836,-0.173835374772785,-0.53677177479834,1.64597172801596
"12523",-0.730878433837804,1.72059231212933,0.745701853523568,-0.11527891858006,0.595665820793486,0.22534520826956
"12524",-0.832049550442529,1.2879548417083,1.50212734638751,0.612258145160555,1.69872145741569,-0.404761690878931
"12526",-0.91322804224329,0.0684183080558247,0.493041574604606,-0.00518272172082976,0.357604357902692,0.0398640558132237
"12527",-0.109922981964616,0.0684183080558247,-0.59942527132109,0.0463037244602999,-0.395045953353471,-1.30877542389482
"12528",-0.831695076208753,0.910009710803488,0.809275244535498,0.142532388992575,0.493486682951058,-0.736311851040948
"12530",-0.330385103947665,0.403998001147492,0.684878120216328,0.35769813041458,0.636641538193723,-1.136209885651
"12531",-0.780205956134021,-0.973987429191438,-1.43870278521275,-1.05776903865324,-1.63386853293248,0.119081287901486
"12532",-0.621144331821082,-0.973987429191438,-0.596791890386144,0.18943067859587,-0.716066881205846,0.119081287901486
"12534",0.381121138467317,-0.973987429191438,0.336963842293493,-0.0875727319462186,0.380068102513902,0.119081287901486
"12535",-0.00853640062955625,-0.364219162365198,-0.00772658485975512,0.145516767356063,-0.445145904001139,-0.645076264233006
"12536",-0.491260802280515,0.0684183080558247,2.35270553683962,1.14211398842705,1.48810236332704,2.72931773593378
"12538",-0.632605665379834,-0.973987429191438,-0.56429515653137,-0.0847014392584841,-0.548548350188534,0.119081287901486
"12539",-0.701095647725462,0.403998001147492,1.68014636056073,0.107144025677241,1.25683868719845,-1.26293162738715
"12540",-0.73029459392335,2.33036057895557,2.40329375677369,0.485764466585831,2.14814839559636,0.945640692507882
"12541",-0.629853277211692,0.0684183080558247,0.251046581965599,0.0152339522137722,0.413123045091048,-1.3373973693147
"12544",-0.562120896659821,-0.973987429191438,-0.544782432661378,0.0610129151656022,-0.804915513453088,0.119081287901486
"12545",-0.17069793686924,-0.364219162365198,0.266998820832645,0.084379233656123,0.214061041524544,-1.42866305027818
"12546",-0.460324237289609,-0.364219162365198,0.389861497002173,-0.118841458943672,0.358803369828396,1.55605627682178
"12547",1.05078552034641,-0.364219162365198,-1.02416064126931,0.394519602168601,-0.816085919138824,-0.44245254999454
"12548",0.739286074559519,-0.973987429191438,-1.66238079957166,0.025873897768189,-1.57053403927501,0.119081287901486
"12550",-0.131052426487724,-0.973987429191438,0.237221586238717,-0.112354024920637,0.277975141388863,0.119081287901486
"12551",2.65269628563041,-0.973987429191438,-1.19832677893759,-0.121162280091262,-1.03647952241228,0.119081287901486
"12552",-0.539511000925061,-0.364219162365198,-0.412488162087838,0.190874344827283,-1.13255357896724,1.64597172801596
"12553",-0.842523916526846,1.5897382004434,1.34185572573494,0.0437761517091858,1.21841872933582,-0.00755820594467243
"12556",-0.420685677383265,-0.364219162365198,-0.154075286591522,-1.46220981724348,-0.0795605684111332,-0.734955143202784
"12557",-0.762600402523155,0.678186574882064,2.31178670380318,3.62378113982036,1.82774025364889,-1.16455313773193
"12558",-0.850051281138203,-0.973987429191438,-0.809544077872626,0.326797569788358,-0.529020953491297,0.119081287901486
"12559",2.18294147065055,-0.364219162365198,-0.207687892881797,0.42957141558069,-0.25119122216421,1.64597172801596
"12560",-0.87141009134199,0.0684183080558247,0.890505811467395,0.102905700512603,0.784899135048656,-0.599484218634516
"12561",2.10210744439931,-0.973987429191438,-0.909984072475008,-0.258994384832625,-0.606057073689187,0.119081287901486
"12562",-0.842815836484073,1.11082404530309,1.3615666687343,0.223991689892915,1.14292645905399,0.310247411010613
"12564",1.69038909710627,-0.973987429191438,-0.377435960603914,0.183599245386622,-0.821733334724261,0.119081287901486
"12565",1.96243764581646,-0.973987429191438,-1.31363461568566,-0.162735901203659,-1.2040957289775,0.119081287901486
"12566",-0.0609568843773465,-0.973987429191438,-0.592530524406357,-0.00750866278753494,-0.300926548164244,0.119081287901486
"12567",-0.700066977399995,1.5897382004434,2.11142617777505,0.146077912901103,1.81393102786399,-0.144803993311199
"12569",-0.902478715361166,3.1478894909578,1.43303953878188,0.19351822053214,1.15225690900516,3.44228586402634
"12571",-0.529620474755198,-0.364219162365198,-0.271730992384784,-0.231687075028038,0.214061041524544,-0.421504279531065
"12572",-0.839479608401477,-0.364219162365198,0.283309358767081,-0.106819725916592,0.103467417185899,0.796234009939429
"12573",1.34969765559667,-0.973987429191438,-1.23550741298559,-1.32702251594422,-1.16748267064598,0.119081287901486
"12574",2.23318645566948,-0.973987429191438,-0.9831902584153,0.0755669618113582,-1.40714105032514,0.119081287901486
"12576",-0.569599607944974,0.678186574882064,0.492522643402345,-0.257088680310409,0.680242231272727,-0.822037491473715
"12577",-0.570941049653184,0.0684183080558247,-0.117805069241367,-1.62591687154967,0.131450551924583,-1.56776841475715
"12578",-0.71110433197325,-0.364219162365198,1.11249236166014,0.325409121384731,0.841531381810609,-1.81686871463534
"12579",-0.142173186763044,-0.973987429191438,-0.407622950377279,-0.23900327233141,-0.245860857150927,0.119081287901486
"12580",1.54214241216108,-0.973987429191438,-0.455085258168125,-0.085386396976459,-0.382225836414074,0.119081287901486
"12581",-0.529043585315915,-0.973987429191438,-1.06495216251333,-0.403146525819517,-0.677599223699442,0.119081287901486
"12582",1.46276103522081,-0.364219162365198,-0.284886381749769,0.262090645542255,-0.207032613880708,0.483056604434112
"12583",-0.899024329200644,2.15322978255035,1.9010096933219,0.546027074405731,1.93664375585867,0.500226145087677
"12584",-0.889627286767999,1.44640373839476,0.965710769218568,0.31772678069443,0.0405702142124694,0.0727815538861511
"12585",1.42068285852907,-0.364219162365198,0.853459807854806,0.272575846315052,0.892454470206245,-0.932525960845799
"12586",-0.752348451644344,-0.973987429191438,-1.06814967349326,-0.0465402434170217,-1.21353155090597,0.119081287901486
"12587",-0.850927041009885,-0.973987429191438,-1.32446819265492,0.786520002700377,-1.54074300933381,0.119081287901486
"12588",-0.531580508753723,-0.973987429191438,-0.996621855725828,0.168951300280595,-1.5120764413259,0.119081287901486
"12589",-0.639716001480867,-0.364219162365198,-0.0918679172843371,-0.00950206702997521,-0.192040537120089,-0.920411728195562
"12590",1.18997573614238,-0.364219162365198,2.15101274113954,2.48984305260574,1.81004030323638,1.64597172801596
"12591",2.25101442448585,-0.973987429191438,-0.384752577911556,-0.0788713886573585,-0.414691200887788,0.119081287901486
"12592",-0.00114109504646831,-0.364219162365198,-0.412901155755502,0.315542008386307,-0.232696335305586,-0.975226003650296
"12593",0.159977869917404,0.0684183080558247,-0.45035550691491,0.0785625584620563,-0.491410602957629,-0.241908909102924
"12594",-0.550478850746595,1.5897382004434,1.25885866698134,0.496655208820381,1.14207252540901,0.21620289190355
"12596",-0.410649191234788,-0.364219162365198,-0.128809270361452,0.244324267372641,0.139488445949482,-1.46235707514916
"12597",-0.731142551894343,0.403998001147492,1.36796007646305,-0.00794284345967352,1.31650604689167,-1.00981881578766
"12598",-0.830708108734318,1.2879548417083,1.17721832688311,0.244492030673319,1.21803227606002,-0.128612246827618
"12599",-0.631062659891634,1.11082404530309,0.29305600156464,-0.13134268319349,0.67156129224595,-0.354562653931132
"12600",-0.639785506232588,1.5897382004434,1.05279395620629,0.932180231133122,0.511336499327059,-0.12416168702043
"12601",0.971696063363365,0.678186574882064,-0.185523046091276,0.119397098316236,-0.360298469301951,0.210337359399797
"12602",-0.339893353983064,-0.973987429191438,-1.27423251708734,-0.44050192704169,-0.672924908042205,0.119081287901486
"12603",-0.709936652144342,-0.973987429191438,0.0180975961623157,3.63524149608769,-1.38302556781499,0.119081287901486
"12604",-0.130864763658078,-0.364219162365198,-0.858959690126887,-0.186533980880607,-0.509983017134227,-1.41860337475522
"12607",-0.321849920436357,-0.973987429191438,0.642840053183416,-0.204852872269156,0.861570767240781,0.119081287901486
"12609",-0.141888217280989,0.0684183080558247,0.364940652585569,0.00972681087194418,0.376565065264871,-1.2921706651331
"12610",-0.699455335584853,0.678186574882064,0.877100735140884,0.0724641450240616,0.74200573388992,0.875304676978659
"12611",-0.400710011738721,-0.973987429191438,0.41210116927273,-0.0170277662639564,0.578815270977037,0.119081287901486
"12612",-0.181512876236989,-0.973987429191438,-0.0219819530264142,0.821386944157478,-0.309541845407529,0.119081287901486
"12613",-0.351410291343192,0.678186574882064,1.26037653371504,0.18912236007875,1.083016602185,-0.423106794170571
"12614",1.85242552479286,-0.973987429191438,-0.681341306917886,-0.194363856951167,-1.2425633864839,0.119081287901486
"12615",-0.901908776397056,0.403998001147492,0.949008920722617,0.187067421072361,0.947939172394711,-0.443133216425197
"12616",0.028794601519659,-0.364219162365198,-0.0112356535622856,0.212343429601994,-0.24852136388919,-1.51194223157616
"12617",-0.631514440777818,-0.973987429191438,-0.589430334380336,-0.885880554774766,-0.476872859723761,0.119081287901486
"12618",-0.71013126544916,-0.973987429191438,-1.1541631573111,-0.169546139698958,-1.06717355293204,0.119081287901486
"12619",-0.761717692176301,1.44640373839476,1.33039492395712,0.927647155044581,1.62978783846956,0.371932577812637
"12620",-0.779844531425073,0.0684183080558247,0.507139455086782,-0.288095689076346,0.831952769413211,-1.03043053529314
"12621",-0.910409207532503,2.56218371487699,2.42089116366154,0.539285186233214,2.22941479700586,1.17616571469453
"12622",1.39941440450252,-0.973987429191438,-1.14137667733339,-0.151302036931555,-1.31495851120166,0.119081287901486
"12623",1.84097114170928,-0.973987429191438,-0.709117954685373,-0.110752608865461,-0.548548350188534,0.119081287901486
"12624",0.138980484422565,-0.364219162365198,-0.0989555002580529,-0.116165694258274,-0.0795605684111332,-0.187079796357594
"12625",1.19204697774366,-0.364219162365198,1.07921959026651,0.614431399498857,1.06809508814107,-0.825468273232313
"12626",-0.692171237604518,1.44640373839476,1.82265662536531,0.224428613166103,1.6464628948759,-0.0930202693683119
"12627",-0.820622969259637,1.11082404530309,1.50080651806779,0.0523227005133578,1.47415982007133,1.13069530182366
"12628",-0.881147707058067,0.0684183080558247,0.069069851136398,0.0346297222614593,0.0967305757098532,0.953464305025489
"12630",-0.830082565968832,-0.364219162365198,0.463919209124919,0.0754723477239279,0.249462317718526,1.33804699529564
"12631",-0.350951559981835,-0.973987429191438,-0.0997639051969988,0.122378830367,-0.388608847902536,0.119081287901486
"12633",-0.340018462536161,0.403998001147492,0.901986146497743,0.16539103388453,0.819643839888279,-0.905136864018561
"12635",-0.0294990337485348,-0.364219162365198,0.698090976073082,-0.126431239616076,0.826147080788126,-0.0313349315883182
"12637",-0.25081606417775,1.2879548417083,1.74202159701138,-0.199223063226439,1.53815620373994,-0.00136162505678268
"12638",-0.590868061971523,-0.973987429191438,-0.06066478274584,-0.0920405259090736,0.28856170853916,0.119081287901486
"12639",1.461072069754,-0.973987429191438,-0.326524266249511,0.201904686260217,-0.509983017134227,0.119081287901486
"12640",-0.690405816910811,0.0684183080558247,0.399076195719048,0.205467702687041,-0.179769286429304,1.03675406543915
"12641",0.229739789219522,-0.973987429191438,-1.11541430515012,-0.00229866529280106,-1.28308360094871,0.119081287901486
"12642",-0.671715989173101,0.0684183080558247,0.277515958490163,0.172736090080248,0.254976490009481,0.292776087960921
"12643",0.36006119869593,0.910009710803488,1.26044053802984,2.44044090983386,1.15520181287705,-0.109625948532371
"12644",0.371063800893325,-0.973987429191438,-0.340489265537137,-0.221534953943861,-0.146428402764151,0.119081287901486
"12645",-0.590638696290845,0.403998001147492,0.738964506385697,0.31585676149492,0.766912027400405,-1.15991000373953
"12646",-0.879889671051922,-0.364219162365198,0.511771369401587,0.564343952750818,0.623227080987907,0.704834093915006
"12647",-0.700859331569612,1.84096642608922,1.34863784753627,0.597363752384289,0.977687769225244,0.189222498274375
"12648",0.620710968123918,-0.973987429191438,-0.674992700321281,-0.242199872277906,-0.682302482672064,0.119081287901486
"12649",0.149149029599311,0.0684183080558247,-0.121869924720391,0.090588898364861,0.300297847724111,-0.160038653435438
"12650",-0.892539535865098,-0.973987429191438,-0.684364334744551,-0.198658993199178,-0.333005453019523,0.119081287901486
"12651",2.421919658492,-0.973987429191438,-1.51537204502674,-0.448944691563105,-1.22308606552899,0.119081287901486
"12652",2.39096224207558,-0.973987429191438,0.19806143806696,0.0336642751646615,0.187510124528456,0.119081287901486
"12653",0.561173197799922,-0.364219162365198,0.919252969582921,1.2179997870598,0.641611505088751,-1.20950351988211
"12654",-0.819809763664505,0.678186574882064,-0.150763337482124,-0.18981990329834,-0.303787470179979,-0.898182585141181
"12656",-0.751222474666468,0.678186574882064,1.41823121982997,0.650302363279393,1.11864577397012,-0.506554218948629
"12657",-0.812143389549706,0.403998001147492,0.675366120540429,0.75119712412345,0.738380075945294,1.36792083963493
"12658",-0.739823695384265,-0.973987429191438,-0.0432690412498006,0.0269223178547689,-0.15816857306928,0.119081287901486
"12659",-0.630360661899254,-0.973987429191438,-1.69308057560733,-0.0184876403502091,-0.999777992367051,0.119081287901486
"12660",-0.811163372550443,-0.973987429191438,-0.888798480126698,0.0142970983437704,-0.856529062536934,0.119081287901486
"12662",-0.91322804224329,1.72059231212933,1.37624846492813,-0.125478428227574,1.25352578392155,-0.104273978972125
"12664",-0.842725480306836,1.44640373839476,1.57181194521311,2.37309244934286,0.845960396675399,-0.155712256811815
"12665",2.32358433575749,-0.973987429191438,-1.99802192140915,0.141625651177726,-1.77898910370272,0.119081287901486
"12667",-0.342242614591225,-0.973987429191438,-0.126339368232102,0.0104154920017598,0.0013215037866424,0.119081287901486
"12668",-0.810120801274632,0.403998001147492,1.36708035209025,0.282554497733224,1.07838503968102,-1.36405738576626
"12669",0.581517238628586,0.0684183080558247,1.09748489105194,0.448229672530441,0.788309890205822,-0.176187250042779
"12670",-0.821985262393364,0.678186574882064,1.16982399070572,0.665683267461665,0.959435645437767,-0.548657092748152
"12672",2.37330803513851,-0.973987429191438,-0.955695538462035,0.228186789693649,-1.22308606552899,0.119081287901486
"12673",-0.871417041817162,-0.364219162365198,-0.139181012618628,-0.28989996835728,-0.0881434156321036,-1.81686871463534
"12674",-0.54041456269743,0.403998001147492,0.824928624969519,0.287340408629951,0.800463331839029,-0.471880134865709
"12676",-0.680626498343701,0.910009710803488,0.502197060202378,0.550381274684464,0.401886539926557,-0.657110020408617
"12678",-0.500741250415226,1.84096642608922,2.62913533404262,2.1134882639883,2.52105847782524,0.404077120050048
"12679",-0.340365986294765,0.403998001147492,0.354779440962128,0.259236344385116,0.257718637020906,-0.881513269266124
"12680",-0.91322804224329,0.403998001147492,0.145282833875999,-0.135707861590312,0.0882246201118883,0.23602598793743
"12681",-0.780351916112634,2.69899376934858,2.42675761420871,0.17558348948835,2.23915175690335,1.47832779096729
"12682",-0.889801048647301,3.1478894909578,2.33138943673239,0.271832115604331,2.00752288718289,2.25681024107161
"12683",-0.882510000191794,2.15322978255035,2.02616377349889,0.331614444401533,1.9256078577788,0.555403755424856
"12684",-0.849717658329944,1.11082404530309,0.946288183549929,0.183147513707879,1.22610678988021,0.156632738984385
"12685",-0.641154749841487,0.910009710803488,1.13244951814995,-0.0249081695537066,1.02498369277505,2.49969769738399
"12686",2.76889342599539,-0.973987429191438,-1.71596638045946,-0.442822265840221,-0.985579936047842,0.119081287901486
"12688",0.21164770234661,-0.973987429191438,1.57044970138296,0.505593543547438,1.54673050212665,0.119081287901486
"12689",-0.668991402905647,-0.364219162365198,0.448711913920201,-0.0849068868642693,0.352789293301536,-0.748135425970848
"12690",1.13230764363968,-0.973987429191438,-0.509600494975817,0.315640703641582,-0.992645790695733,0.119081287901486
"12691",-0.642426686797976,0.910009710803488,0.295617737677305,0.658380951848801,-0.000599038063864639,-0.848153199889531
"12693",0.34800212427238,0.403998001147492,0.138677885244273,0.193873435184057,-0.33003255725888,-0.664375482673156
"12694",-0.220511992427502,-0.364219162365198,0.151797397293478,0.275371791200423,0.19349105225853,-0.885030612129269
"12695",-0.851170307640908,0.403998001147492,-0.178373648832092,0.17276555578747,-0.441701118517711,-0.742188146672124
"12697",-0.639076557765036,0.0684183080558247,0.231024764747547,0.267819240374952,0.192000229606818,-0.629132523430586
"12700",-0.850092983989236,0.403998001147492,1.58155514406635,-0.012293137270026,1.53127757372753,-0.774449684046746
"12701",-0.129467718148491,-0.364219162365198,0.0807524188167156,-0.249451424547208,0.410889002606432,-1.31029694562884
"12702",-0.729912317788886,-0.973987429191438,-0.981128766291656,-0.02401717599629,-1.5120764413259,0.119081287901486
"12703",-0.212491144078928,-0.973987429191438,-0.769240604983029,-0.375318492368681,-0.663661696930793,0.119081287901486
"12704",-0.851121654314703,1.2879548417083,0.966657317664628,0.422953516966097,0.710244492857436,0.929705610924293
"12705",-0.771066081282742,1.44640373839476,1.85291594610887,0.116779937336891,1.75755912737533,-0.299226179380642
"12707",1.99326995367979,-0.973987429191438,-0.148798893003142,-0.0217345707557241,-0.327071251764538,0.119081287901486
"12708",-0.629519654403433,1.5897382004434,1.08809492105808,-0.0881758633183293,0.908891022772007,-0.103829182750276
"12709",-0.772046098282005,2.15322978255035,2.13773797261299,1.10658586340666,1.74123596571268,0.614430681754712
"12710",0.040172529376346,0.0684183080558247,0.380972320357675,-0.259445183198599,0.583285995462243,-0.158554879815792
"12712",-0.638881944460218,1.95241544805075,1.48551613614463,0.683582744087463,0.751352241467392,0.37013777244488
"12713",-0.91322804224329,-0.973987429191438,0.13157372699642,0.214452797230364,0.192000229606818,0.119081287901486
"12714",-0.832132956144594,0.678186574882064,1.54210014489793,-0.0284762988683073,1.55694299562309,-0.899688377252717
"12715",0.138855375869468,-0.973987429191438,-0.612121868549113,-0.0957779366227573,-0.5446025028879,0.119081287901486
"12716",-0.889349267761116,-0.364219162365198,0.309550979129938,-0.232805660196514,0.443728723528213,-1.06034619099392
"12717",0.589489433650956,-0.364219162365198,0.291780119633388,0.00748333531858142,0.189009777329926,-0.634910586994696
"12718",-0.211976808916194,-0.973987429191438,-0.912046855452928,-0.46054364039535,-0.502499469928541,0.119081287901486
"12719",-0.871347537065441,-0.364219162365198,-0.0940706637641118,-0.139614755520956,-0.0400662994614802,0.120498611851819
"12720",-0.898996527299956,2.88337216333648,1.71111040306449,-0.154172692966196,1.87605799335206,1.70239981347195
"12721",-0.610482302907119,0.910009710803488,1.07068160779129,-0.142410321771807,1.21609705489292,-0.823252209801455
"12722",-0.0711045781285761,0.403998001147492,0.264725800861415,0.0123813037907913,0.273966826560975,1.44316607621405
"12723",-0.88993310767557,0.678186574882064,0.00222419875069699,-0.662176333740491,0.0726696622501377,2.14864628661289
"12724",-0.872299752164016,0.403998001147492,0.292123207174672,0.0516375820524327,0.0916384411267037,-1.31411286954914
"12725",2.76889342599539,-0.973987429191438,-0.431511455589835,-0.0517112155130761,-0.663661696930793,0.119081287901486
"12726",-0.641078294614594,1.11082404530309,1.05597432409288,0.143942562569592,1.57503476442905,-0.632271564966568
"12727",-0.820477009281024,1.11082404530309,1.40378285022921,0.511312120475729,1.26814045116532,-0.542564312841095
"12728",-0.211511127079665,0.403998001147492,0.119641463197387,-0.0284659309007813,0.046015211702848,-1.06702020496712
"12729",0.210459171092186,-0.973987429191438,-0.384462289741343,-0.0784569720025362,-0.398285079358958,0.119081287901486
"12731",-0.690454470237015,1.84096642608922,2.68631306947686,1.5767682496111,2.32492366843137,0.222310024568815
"12732",0.871080984772406,-0.973987429191438,-0.918925641702606,0.0653703103906119,-0.957956022832623,0.119081287901486
"12733",1.41957078250154,-0.973987429191438,-0.520355376593017,-0.076518587888389,-0.799391315306028,0.119081287901486
"12734",2.60206902447702,-0.973987429191438,-1.54156538727204,0.467082891319213,-1.13255357896724,0.119081287901486
"12735",2.23140018355025,-0.364219162365198,0.0618322293949686,-0.0318043929569093,-0.0523177569535507,1.64597172801596
"12736",2.40391097732116,-0.973987429191438,-0.926808048132391,1.37581975376856,-0.623320859936934,0.119081287901486
"12738",2.76889342599539,-0.973987429191438,-1.26240153157804,-0.323359944497168,-0.741137602446644,0.119081287901486
"12739",-0.140400815594165,-0.364219162365198,0.277337302030216,0.425579644514034,0.158439297451468,1.64597172801596
"12740",-0.289585814687584,-0.973987429191438,-0.431895670979766,-0.190154486069823,-0.107816932867896,0.119081287901486
"12743",0.418688456772383,-0.364219162365198,-0.23989330666123,-1.66609509428508,-0.170093054972883,1.64597172801596
"12744",-0.409926341816893,1.11082404530309,2.72398953472936,1.9801989083452,1.96333443265598,-0.305444876406191
"12747",-0.901714163092238,1.72059231212933,1.44715470372498,0.935989159435365,0.890077085175604,-0.0754822913627101
"12748",-0.91322804224329,3.1478894909578,2.72398953472936,-1.03925821666937,2.52749817040405,3.44228586402634
"12749",-0.889773246746612,0.678186574882064,1.42626261749335,0.11640270503909,0.998613993457786,-0.459706951113235
"12750",0.361611154659303,-0.973987429191438,-0.791744360536184,-0.0149002179817889,-0.799391315306028,0.119081287901486
"12752",-0.110597178056307,-0.973987429191438,1.48000056488154,1.79457674610425,1.32528344293141,0.119081287901486
"12753",-0.699997472648274,0.910009710803488,2.72398953472936,2.13559991719262,2.52749817040405,-0.891002114492187
"12754",1.43263072534987,0.0684183080558247,1.17385082600697,1.12963351559959,2.12461171981686,0.535658343246672
"12755",1.88147851101213,-0.364219162365198,1.36811776552268,3.63524149608769,1.00886480891639,-0.481421679518473
"12756",-0.058878692300896,-0.973987429191438,-1.52923808716832,0.485167244492872,-0.761807555376316,0.119081287901486
"12757",-0.770739408949655,1.95241544805075,1.96131619697966,0.170812206576626,1.36866218683092,1.63661634719892
"12758",0.241027360898972,-0.364219162365198,1.11163167126979,0.517205762100239,1.28141315449337,-1.29147069429736
"12759",-0.401384207830412,0.0684183080558247,0.617403120969508,-0.169449758972384,0.627444603745745,-1.21578641287074
"12762",-0.849926172585106,-0.364219162365198,0.794255602411313,0.463381207835709,0.860952473436019,1.64597172801596
"12763",0.459619805060733,-0.364219162365198,-0.313141385940358,0.460511316209933,-0.167693135449658,-1.62139727569441
"12764",2.24278506188211,-0.973987429191438,0.700377943602311,0.840376748545663,-0.0161407341662727,0.119081287901486
"12766",-0.889286713484567,1.11082404530309,1.8673365217,0.225933770569447,1.6877623952415,-0.771332296814074
"12769",1.46206598770361,-0.973987429191438,0.377081711671978,0.777687943226542,-0.0774299249461772,0.119081287901486
"12770",1.18218425347449,-0.973987429191438,0.514503964776877,2.17827362326973,0.480329177857422,0.119081287901486
"12772",-0.329029761289111,-0.973987429191438,0.173086345945109,-0.161771042550668,0.26045092017285,0.119081287901486
"12775",-0.752411005920893,0.678186574882064,0.535302471549535,0.14165982366961,0.60611883755632,-0.939238626343553
"12778",-0.730287643448178,0.910009710803488,0.10565515124905,-0.146180638505648,0.559745468620458,-0.687011062974724
"12779",-0.550221683165228,1.2879548417083,1.40391935179893,0.428338808511904,1.24087832595275,-0.451648469223025
"12781",-0.28953716136138,-0.364219162365198,0.110154676287127,0.684165114325922,0.403017700071884,-1.58693415511546
"12782",-0.879486543491941,0.678186574882064,0.963161295725923,0.230303695662891,0.76831087475195,-1.15731479306983
"12783",-0.902284102056348,0.910009710803488,0.925213869882248,0.418382106993966,0.347943510377192,2.18890480147151
"12784",-0.832098203768733,-0.364219162365198,-0.251094493462423,-0.794037932706994,-0.259257569445174,1.64597172801596
"12785",2.72174925646498,-0.973987429191438,-0.690891138989381,0.211891581159176,-0.833155713839811,0.119081287901486
"12787",-0.829220707047494,0.0684183080558247,-0.365366493915761,0.258984167253184,-0.312435463753509,-0.984654139541161
"12789",-0.270750026971261,-0.973987429191438,-1.69157131884392,0.24762163364768,-2.59373601988992,0.119081287901486
"12790",1.00007485349095,-0.973987429191438,-0.65744735660539,-0.217315940562547,-0.654510093489157,0.119081287901486
"12791",2.76889342599539,-0.973987429191438,-1.0864079429797,1.98591523038866,-1.05938298312831,0.119081287901486
"12792",1.64172882042658,-0.973987429191438,-0.485606094380178,-0.176630689320949,-0.452082700132501,0.119081287901486
"12793",2.42215597464786,-0.364219162365198,-0.231790931929447,0.235439793270109,-0.219756092236512,1.14624851450762
"12794",-0.391410275958484,-0.364219162365198,0.142991463626236,0.0308297507031026,0.308022394606972,0.693844059675968
"12795",-0.739858447760125,-0.973987429191438,-0.426380188688921,0.596639725717938,-1.32588782058408,0.119081287901486
"12797",2.73296037291754,-0.973987429191438,-0.859443941139476,0.0564906175043848,-0.91190714257263,0.119081287901486
"12798",-0.822186826173354,0.0684183080558247,1.86585195736632,3.63524149608769,1.96550485197409,-0.812542286288873
"12802",0.941954980102056,-0.973987429191438,-0.43193410237917,-0.100210273849698,-0.172500581226806,0.119081287901486
"12808",-0.559549220846153,0.0684183080558247,-0.330677063111038,-0.0886148149255894,-0.560510391065478,-1.58782040891489
"12809",0.851355536234057,-0.973987429191438,-0.321114754752155,0.0583993634833163,-0.441701118517711,0.119081287901486
"12811",1.68255591158734,0.0684183080558247,-0.279295587577071,-0.134610865005664,-0.408086168857447,2.72931773593378
"12812",-0.479403291636955,-0.973987429191438,-0.942231342008391,-0.229655669885856,-0.663661696930793,0.119081287901486
"12814",0.0901394953883938,-0.973987429191438,-1.43414801361754,1.46548349701927,-1.57053403927501,0.119081287901486
"12815",0.551303523055576,-0.364219162365198,0.317301053796363,0.230120854205124,-0.0300055709595364,0.44286510774314
"12816",0.0298788756465027,-0.364219162365198,-0.192476389295926,0.0679280451471221,-0.850617951792726,-0.40315462350116
"12817",1.88991638787103,-0.973987429191438,-1.20793401036793,0.958725007383368,-1.5120764413259,0.119081287901486
"12818",1.69156372741035,-0.973987429191438,0.623101522361457,2.15098421946687,0.64982319476644,0.119081287901486
"12820",-0.891969596900988,0.403998001147492,0.217817500882589,-0.180260562371004,0.458581200320197,-1.30182749504602
"12821",1.2195917108506,-0.973987429191438,-1.68389047702261,-0.218751181427909,-1.30418423272032,0.119081287901486
"12822",-0.219247005946185,-0.364219162365198,0.223507426964537,0.120460949942859,0.252224407661099,1.64597172801596
"12823",-0.178176648154393,0.678186574882064,0.731661841530533,3.58413009594516,-0.408086168857447,-0.545869070107372
"12824",-0.330489361075246,-0.973987429191438,-0.492650617742822,-0.186640503709264,-0.401538077466741,0.119081287901486
"12826",-0.899983494774391,1.11082404530309,0.586342152125713,-0.163285089277511,0.74848862300605,-0.771361367275116
"12827",-0.870735895250299,0.0684183080558247,-0.427010300522438,-0.0931860742085148,-0.525175001491411,2.0233634601208
"12828",-0.899288447257183,0.910009710803488,0.281929439182384,-0.0278088409945456,0.17081552069566,0.820851515675375
"12829",2.44258342117858,-0.364219162365198,-0.742334070166867,0.424566371017459,-0.0360260032480499,1.64597172801596
"12830",-0.550298138392121,0.910009710803488,1.84645854738785,2.75129558833328,2.44237248870108,0.714920412475799
"12831",1.70118318504851,-0.973987429191438,-0.996049868894145,0.294951541037792,-0.81048018227694,0.119081287901486
"12832",-0.601008805247581,-0.364219162365198,-0.522325989043308,-0.318156469360941,-0.53288647785026,-0.0557629571048406
"12833",0.529861307149724,-0.973987429191438,-0.451771582357728,-0.080655824326046,-0.701412267863089,0.119081287901486
"12834",1.90269831171248,-0.973987429191438,-0.689760318830065,-0.0831127196499347,-0.964768390444219,0.119081287901486
"12836",-0.331469378074509,0.403998001147492,1.05637179635873,-0.253248972413639,0.751352241467392,-1.02529128434041
"12837",0.809124449088529,-0.973987429191438,-1.38270951963144,-0.592313134298702,-2.09703054455306,0.119081287901486
"12838",-0.590513587737747,-0.364219162365198,-0.0603465296057081,-1.35195509270979,-0.0795605684111332,-1.81686871463534
"12839",-0.900873155596416,2.05617200522099,1.6835507824652,-0.0528932766053302,1.72057538381764,0.393371829460357
"12840",0.511630210773371,0.403998001147492,1.09229018609252,0.306668926870385,1.01897912476868,0.880030527151228
"12841",-0.880299749087074,2.88337216333648,1.40603017540125,-0.759310628431164,1.46527905953248,1.70015953205689
"12842",-0.221533712277797,-0.364219162365198,0.359181121146199,0.67839419915312,0.24807749710302,-1.64491439249422
"12843",-0.270159236581635,1.2879548417083,0.704439868263016,-0.14034943256003,0.518166368439726,0.489376650518802
"12844",-0.631041808466117,-0.364219162365198,-0.654823569616142,-1.23220160704854,-0.868491103413878,-0.73542798281518
"12845",1.75100419108194,0.403998001147492,-0.586851862172542,-0.408952998556543,-0.498785164741332,3.44228586402634
"12847",-0.700998341073053,-0.973987429191438,0.126800096202141,-0.713331418974404,0.602650457570058,0.119081287901486
"12849",-0.611093944722262,-0.364219162365198,0.27510082008049,0.144312791514174,0.314400046660909,-1.64149230555532
"12851",0.0398875598942908,-0.973987429191438,-1.39678895918219,-1.92049255067902,-0.992645790695733,0.119081287901486
"12852",2.02323345214661,-0.973987429191438,-0.691944460537767,-0.0190991393500007,-0.736056821648552,0.119081287901486
"12853",0.420717995522629,0.910009710803488,0.819270085982316,0.35318797221135,0.536400856285666,0.108224827373143
"12854",-0.140088044211421,0.0684183080558247,0.492785275961531,-0.503780224559931,0.350370266106622,-1.29169221791601
"12855",2.76889342599539,-0.973987429191438,-2.1502371892256,-0.445922817860293,-1.93363755560319,0.119081287901486
"12856",-0.850127736365096,0.910009710803488,0.904568835495324,-1.11634865169419,0.761290733310138,2.92961608610155
"12857",1.1818575811414,-0.364219162365198,0.349870850153233,0.302786332582291,-0.105605653585019,-0.59890749073182
"12863",-0.401147891674562,-0.973987429191438,-0.269219565690709,2.08322390838085,-0.560510391065478,0.119081287901486
"12864",0.460099387847606,-0.973987429191438,-1.30693529181338,1.16102639514196,-0.45557500006472,0.119081287901486
"12865",-0.661484889719806,-0.364219162365198,0.636941242163417,-0.141702837056682,0.646549164278388,-0.680478063651194
"12866",1.91088597146518,-0.973987429191438,-0.211487290612836,0.169757177671681,-0.632102158863072,0.119081287901486
"12867",-0.661894967754959,1.11082404530309,1.40968547880807,-1.03685450344015,1.81021758737704,-0.653970369085952
"12868",0.931487564492911,0.910009710803488,0.657072012299029,-0.251917634162048,0.649006009214559,0.0389649660939853
"12871",-0.0812314204542895,-0.364219162365198,-0.527467442547199,0.738798625796026,-0.513752622375861,-0.995667848361639
"12872",2.34264253867932,-0.364219162365198,-0.153513233310802,-0.825268537184658,-0.160538540349862,1.02633908700806
"12873",1.90055061488431,-0.973987429191438,-0.541922444812186,1.94969430556151,-0.850617951792726,0.119081287901486
"12875",0.509121089236252,-0.364219162365198,-0.61243283309641,2.69703777922293,1.23900051560895,-1.57984142696511
"12876",-0.350346868641865,-0.364219162365198,0.92229077393403,0.399996087268556,1.20908914759761,-1.13949285306322
"12877",-0.890009562902463,1.84096642608922,0.619726873160848,-0.721309961205262,0.830022466221344,0.145927078229795
"12878",1.44092264223015,-0.364219162365198,0.137793209556996,-0.0278071219075807,0.24807749710302,1.64597172801596
"12879",-0.480445862912766,0.0684183080558247,-0.191012170076942,1.35101398886667,-0.048211942106633,1.53712149762577
"12881",1.83183821733317,-0.973987429191438,-0.728445618379888,0.989318042936483,-2.19412943674432,0.119081287901486
"12882",-0.832376222775616,-0.364219162365198,0.579797877980302,2.17740760316143,-0.357217029387378,1.64597172801596
"12883",-0.679424066138932,0.403998001147492,-0.0226480461501476,-0.124701593165601,-0.529020953491297,1.45677938630405
"12884",-0.0403834778680043,-0.973987429191438,-0.698558418935633,1.03346500245084,-1.66763293146626,0.119081287901486
"12885",-0.29080909831787,0.0684183080558247,0.399524432851436,-0.138539009648668,0.384713828905757,0.956385144178594
"12886",-0.249307811065409,-0.364219162365198,0.53075362339753,-0.120482565804913,0.507405965861915,-1.23790940407686
"12888",1.2195152556237,-0.364219162365198,-0.586782285652312,1.60933037372896,-1.2425633864839,0.900429252244655
"12890",-0.682718591370496,-0.973987429191438,-0.535970408511983,-1.51889346294401,-0.327071251764538,0.119081287901486
"12891",0.930729962699155,0.0684183080558247,-0.642225378726531,2.1530445509,0.666784082176796,-0.19332374804222
"12893",-0.620636947133521,-0.973987429191438,-1.15768089385571,-1.33411880465761,-1.11567346435145,0.119081287901486
"12895",-0.501067922748313,-0.364219162365198,-0.54456208064043,-0.111066773370509,-0.476872859723761,0.737372340067218
"12897",1.12102007196023,-0.364219162365198,-0.990541047863499,1.28108071243204,-0.964768390444219,-0.67814320165903
"12901",-0.839806280734565,3.04759409432045,2.6303527690248,2.54897852385573,2.52749817040405,2.91878074537334
"12902",1.72158978015372,-0.973987429191438,-1.35525278954909,-0.34443254547743,-1.34822984000231,0.119081287901486
"12904",-0.741575215127627,-0.364219162365198,-0.309854224454796,-1.11529817758331,-0.222326564730941,-1.25248869771172
"12906",-0.809696822289135,0.678186574882064,1.14860276512208,1.09238287293505,1.13001554372859,1.94272902521407
"12908",0.839345115136712,-0.364219162365198,0.0300271358537037,3.63524149608769,0.844065408838779,-1.11598629443113
"12909",-0.530621343179976,0.678186574882064,0.907555398725498,0.297290531610568,0.893047655630543,-0.490818499867047
"12910",-0.691490091037654,1.2879548417083,1.1912487090251,0.943768525659057,1.1048632531259,0.302781544153498
"12912",-0.899357952008904,0.678186574882064,0.684888023067586,1.58206409256645,0.401886539926557,3.44228586402634
"12913",-0.880702876647054,0.678186574882064,1.01540154264659,1.17661008667261,0.971295805300916,-1.1911455438072
"12915",0.560804822615802,-0.364219162365198,-0.56497243097199,-0.140154860354432,-1.09103647554054,-1.59728502097403
"12916",0.461128058173074,0.403998001147492,1.15566102820399,0.509369324186641,0.766211636481983,-0.584044373316821
"12917",0.358490391307041,-0.973987429191438,-0.161735392576029,3.37437603598105,-0.899247284561434,0.119081287901486
"12919",-0.841335385272421,0.910009710803488,0.504542541075446,0.427589614821629,0.405274979287989,0.332706484116529
"12920",-0.75179936410575,-0.973987429191438,-1.22416586458222,-1.27377749923402,-0.850617951792726,0.119081287901486
"12921",-0.832404024676305,3.1478894909578,2.57899138638268,0.251504582974402,2.41712421098921,2.77517608749274
"12922",0.689242653320578,-0.973987429191438,-0.475738519509914,-0.294566326936208,-0.048211942106633,0.119081287901486
"12923",-0.281912490097614,-0.973987429191438,-1.17516682242726,-1.24874981042811,-1.32588782058408,0.119081287901486
"12924",-0.0406962492507476,0.403998001147492,0.210239752145392,0.61119665611314,0.150600487971797,-0.959476952783238
"12925",-0.88028584813673,-0.364219162365198,-0.0337348556338291,-0.221015058538856,0.23971513120393,-0.160096124835518
"12928",-0.571358078163509,0.678186574882064,0.862528591859528,0.327483829520712,0.999129833136159,-1.05820708053154
"12929",2.19198403884942,-0.973987429191438,-1.48825197350575,-0.274422507525699,-1.77898910370272,0.119081287901486
"12930",-0.141359981167911,-0.364219162365198,-0.454887641928812,-0.132925768278567,-0.338986380749598,-0.61765280285943
"12931",-0.710749857739474,2.15322978255035,2.72398953472936,3.63524149608769,2.52749817040405,0.708397288288191
"12933",-0.682384968562236,0.0684183080558247,-0.143217677170563,-1.32741982586522,0.178449493468174,-1.36883722978622
"12935",-0.902902694346662,1.11082404530309,0.900737477344414,-0.124678761444823,1.17386550114948,-0.577696478112436
"12936",-0.752821083956045,0.403998001147492,0.3176414085522,-0.0963463177368089,0.264531004632502,1.59831830437356
"12937",-0.771816732601326,0.403998001147492,0.602670393967525,-0.460900123250572,0.710998412420284,-1.02467238016445
"12938",-0.6701729836849,-0.973987429191438,-1.51437005312185,-0.447533567694211,-0.783055763192142,0.119081287901486
"12939",-0.281168789254202,1.2879548417083,2.28319646816933,3.14364575023756,1.90851383628772,-0.0970437980417365
"12940",-0.380254763307304,-0.364219162365198,0.179714713826738,-0.791157994409359,0.0183912984876292,1.40476611276577
"12942",0.38937135249657,0.0684183080558247,-0.0558916786740251,-0.758153513910278,-0.521348424646735,-1.26663365740871
"12944",-0.569967983129093,-0.364219162365198,-0.147315027280607,0.092767186402686,-0.235311050098262,-1.81686871463534
"12945",1.96090159080344,-0.973987429191438,-0.366625863817103,0.0914719484380708,-0.659072112591309,0.119081287901486
"12947",0.511373043192004,0.910009710803488,0.655498213331265,-0.139699646957139,0.821600665093887,-0.312370376624657
"12948",-0.762676857750047,1.11082404530309,0.863426015587186,-0.0532743724400548,0.764106580454178,-0.183071450542327
"12949",-0.620157364346648,1.2879548417083,1.44148586990871,0.0468906061413538,1.36421092479919,0.269438348533616
"12950",-0.901178976503988,0.0684183080558247,0.769825269943652,1.76046963844804,0.950142433974944,2.72931773593378
"12951",-0.840688991081418,0.910009710803488,0.317772871591372,-0.114906000719551,0.18450190714223,-0.819262129814189
"12952",-0.870026946782747,0.403998001147492,0.536340892576298,-0.0688323096981072,0.382394517493953,1.17812953203616
"12953",-0.829498726054377,-0.973987429191438,-0.645083043280031,0.0481389860622195,-1.16748267064598,0.119081287901486
"12955",-0.912522151984814,1.72059231212933,1.55050286628931,0.415208531587781,1.69150209922618,0.544436963246464
"12956",2.14027250356918,-0.973987429191438,-1.55897346514631,-1.33546588181713,-1.84145501647971,0.119081287901486
"12957",-0.829700289834367,1.2879548417083,1.41136771614871,-0.115570436651393,1.41597807972366,-0.432510501445146
"12962",-0.852233730342235,-0.364219162365198,-0.820466981383789,-0.131703972563301,-0.844752487146739,-0.803242381394122
"12963",-0.840973960563473,1.2879548417083,0.775890301219164,0.0566539315258864,0.609571452124594,-0.555514448483375
"12965",-0.0313548106194787,-0.973987429191438,0.0514697043918373,-1.0935728073246,-0.25387049794823,0.119081287901486
"12966",-0.83084711823776,-0.973987429191438,-1.23734481857184,-0.176893073295274,-1.25249259842466,0.119081287901486
"12967",2.65945909797284,-0.364219162365198,0.684194535752019,1.86714136807824,0.0796223322782658,1.64597172801596
"12968",0.198754570902411,-0.973987429191438,-1.37150849054392,0.449171109712544,-1.27274910279262,0.119081287901486
"12970",-0.851642939952609,0.403998001147492,-0.475556146597551,-1.92049255067902,-0.292407873113904,-1.27572267331208
"12971",-0.890774115171391,3.1478894909578,2.25484983389779,0.809381921027759,2.39798954195774,3.44228586402634
"12974",1.05207135825324,-0.973987429191438,-1.31993687077861,-0.0337210993402622,-2.09703054455306,0.119081287901486
"12976",1.19204002726849,-0.973987429191438,0.0174297499248416,0.70235009690001,0.26723893583288,0.119081287901486
"12977",0.638747451195453,-0.973987429191438,-2.1502371892256,-1.61002740010782,-2.59373601988992,0.119081287901486
"12980",0.651717037866545,1.44640373839476,1.91151855340913,3.63524149608769,0.613865267387043,0.716512875125232
"12981",-0.630409315225459,-0.364219162365198,-0.545840943820919,-0.000969614918348516,-0.369618511351043,-0.774703079680845
"12982",1.50150298382996,-0.973987429191438,-0.506375987036595,-0.337787671341986,-0.237934796738894,0.119081287901486
"12984",-0.740762009532495,-0.973987429191438,-1.64292225651218,0.318669209741687,-2.03857294660395,0.119081287901486
"12985",-0.91322804224329,-0.364219162365198,0.443265551987068,-0.155958846075857,1.02995149267538,1.64597172801596
"12987",-0.190048059748297,-0.364219162365198,-0.212105064181872,0.0811729792199106,-0.445145904001139,-1.00499683047427
"12988",2.00082512019184,-0.973987429191438,-0.293839851732241,-1.26230147760423,-0.862486535407515,0.119081287901486
"12989",-0.892080804503741,2.15322978255035,1.85958121416167,2.12892173966979,1.52511049873584,0.556327635727606
"12990",-0.610815925715379,0.0684183080558247,-0.467431009604963,0.625657445571222,-0.513752622375861,-1.43794008979064
"12991",-0.691948822399011,-0.364219162365198,-0.297194104747051,-0.160073131746376,0.0202644779750839,-0.551264342864494
"12993",-0.692053079526592,0.403998001147492,-0.456945172306958,-0.225695639255272,-0.375896017306257,-1.12774381244175
"12994",-0.882176377383534,0.0684183080558247,0.245358672196917,-0.180097292772844,0.115114999810698,-1.38756013543112
"12995",-0.0714799037878683,-0.973987429191438,-1.01039250540763,1.60268048400506,-0.978579205410554,0.119081287901486
"12997",-0.702047862824036,0.403998001147492,0.434930626667935,0.129997985039141,0.395063974022828,-1.20587905033106
"12999",1.0404571142407,0.0684183080558247,-0.379272549368384,-0.157838300136056,-0.107816932867896,1.42910352440789
"13000",0.140794558442477,0.0684183080558247,-0.247968594214898,-0.089972477047389,-0.0300055709595364,-1.3643182564111
"13001",-0.881814952674587,1.95241544805075,2.14445091098951,0.527956559695547,1.99858419376365,0.496526322920115
"13002",2.26072423830124,-0.973987429191438,-1.46704603792673,-0.0882511981733006,-1.27274910279262,0.119081287901486
"13003",0.130737220868484,0.0684183080558247,-1.29627356227285,0.341275366863975,-1.01424650405576,-0.22591453417254
"13004",-0.810336266004966,2.41167084498539,1.69299353721131,-0.333486442411343,1.90005663748676,1.04885985459819
"13005",0.811306898292561,-0.364219162365198,-0.281133637002164,0.0695221391048567,-0.627698819591003,-0.229532851272315
"13006",-0.360932442328935,-0.973987429191438,-1.78820758380983,0.106889696568685,-1.48445252811068,0.119081287901486
"13008",2.31114298519947,-0.973987429191438,-0.942838599152318,-0.150018360481363,-0.614639920910157,0.119081287901486
"13011",2.76889342599539,-0.973987429191438,-2.1502371892256,-0.117682674607608,-2.53744553866678,0.119081287901486
"13012",-0.831034781067406,1.2879548417083,0.677197367985159,0.00553424053619568,0.555133591081359,-0.19145590524649
"13013",-0.911910510169672,1.95241544805075,1.55975915998737,0.195027199744191,1.31242047596301,0.218953106411527
"13014",-0.820761978763079,1.5897382004434,1.28985206066586,0.637083248019291,0.629963922463953,0.317197090023758
"13015",-0.390749980817137,0.678186574882064,1.25920881302446,0.0285733411453601,1.06668105007112,-0.350575117751463
"13016",-0.190916869144806,0.0684183080558247,0.0726493293339588,-0.120732353673237,0.219837296716296,1.387909337957
"13017",-0.852219829391891,-0.973987429191438,-1.03928697058671,2.91033347234451,-1.58587948840637,0.119081287901486
"13018",-0.761133852261847,3.04759409432045,1.90059341626792,-0.186245704541448,1.99093764536846,2.73842125560164
"13021",-0.882551703042826,1.44640373839476,1.05826818728442,0.0822851678391572,0.934583682880933,-0.357742393231014
"13023",-0.281961143423818,-0.364219162365198,-0.0386669350873398,-0.0903616605464911,-0.243209636667986,-0.0365641653284094
"13026",-0.912723715764804,0.678186574882064,0.246151949915545,0.319109104420106,1.0718530371655,-0.84808744945613
"13027",0.211300178588007,0.910009710803488,1.85813977702168,3.23740091057376,2.52749817040405,-0.389607274134163
"13028",-0.700122581201372,-0.364219162365198,-0.0734595150818499,-0.277205244604306,0.534501920553612,1.64597172801596
"13029",-0.619239901623934,0.0684183080558247,0.448639356264247,2.30409403131137,-0.816085919138824,-1.56505115438033
"13030",-0.811608202961456,-0.364219162365198,0.0326985644317983,-0.942747776787689,-0.0946448010910605,-1.81686871463534
"13032",-0.401835988716597,-0.364219162365198,0.275011234351989,-0.314763788490615,-0.0380434649844348,1.2712520280293
"13033",2.65144520009944,-0.973987429191438,-1.09517504968629,-0.0852581675609542,-1.17647181576228,0.119081287901486
"13034",-0.380338169009369,-0.364219162365198,-0.0968547950140158,-0.0819158516368072,-0.0502620753274937,-1.81686871463534
"13035",-0.188755271366291,-0.364219162365198,0.199758720217731,0.722669549210484,0.371869075672399,-1.44313476247315
"13037",0.458966460394558,0.0684183080558247,0.16251065889567,-0.0172292598368241,0.0674130745082658,-0.356550844886821
"13038",-0.12105764319028,0.0684183080558247,0.187694966810324,0.66121230108026,-0.0689666184782293,-1.14864723598443
"13040",-0.840021745464899,-0.364219162365198,-0.0542014894835021,-0.197031498249508,-0.0795605684111332,1.64597172801596
"13043",1.81051415950525,-0.973987429191438,-0.276792855276188,0.905500250929066,-0.333005453019523,0.119081287901486
"13044",1.99047586266062,-0.973987429191438,-0.209504722658441,-0.108409358828079,0.0638883633239993,0.119081287901486
"13045",0.0689196946880486,-0.973987429191438,-0.7086338048912,-0.110061726897421,-0.438271885166165,0.119081287901486
"13046",-0.618982734042567,-0.364219162365198,-0.114256538062213,-0.0415205939598245,-0.303787470179979,-1.63714276928662
"13047",-0.610433649580915,1.5897382004434,1.23364550381726,0.0123624948271538,0.956168655897227,-0.12031169068328
"13048",-0.781116468381563,0.403998001147492,0.759221553316261,-0.377481863881193,0.861570767240781,-1.26886200060913
"13049",-0.281571916814182,-0.364219162365198,-0.0792494551785426,1.10695655026548,-0.292407873113904,-1.69246770613451
"13050",-0.779413601964404,2.33036057895557,1.71892472509279,-0.294112271906061,1.70871465323057,0.881616574240458
"13052",1.20026243939705,-0.973987429191438,-0.600745126158405,0.0444079514109528,-0.43485806415135,0.119081287901486
"13055",-0.140998556458963,0.0684183080558247,0.426517260326753,-0.179733361531319,0.620685280856208,-0.570038790316545
"13058",-0.680751606896798,0.0684183080558247,-0.805178878571517,0.714925774369739,-1.5262744976451,-0.474149358673654
"13059",1.5720572573017,-0.973987429191438,-1.12650477268404,0.245678832089162,-1.8200571536743,0.119081287901486
"13060",1.61169581720804,-0.973987429191438,-0.702605825392541,0.113223035125316,-0.880644545047084,0.119081287901486
"13061",-0.201731808512555,-0.973987429191438,-0.877135355212215,0.342203078635944,-0.985579936047842,0.119081287901486
"13062",0.98966304168318,-0.973987429191438,-0.603509525173114,0.627321866070115,-0.105605653585019,0.119081287901486
"13064",-0.800772412168191,0.403998001147492,0.34926823837522,-0.159472545134177,0.200901588083644,-1.27550279576372
"13065",2.76889342599539,-0.973987429191438,-1.03184831392381,-0.276550584891658,-1.26255332692661,0.119081287901486
"13066",-0.680848913549207,-0.364219162365198,-0.352807766674115,-0.740013474932757,-0.153450707608562,1.64597172801596
"13067",-0.100630196659551,-0.973987429191438,-1.50498215622793,-1.00957067305191,-1.88614872439592,0.119081287901486
"13068",-0.821825401464407,-0.364219162365198,-0.61059267572563,2.69980145809127,-0.513752622375861,-1.81686871463534
"13069",-0.91322804224329,2.82438916873368,1.49210315203549,-0.668308719257349,2.0497988013982,1.58490649522311
"13070",1.00027641727094,-0.973987429191438,-0.945236276128468,0.368835364678498,-0.964768390444219,0.119081287901486
"13072",1.74323355983956,-0.973987429191438,-1.15490248580007,0.363420783661196,-1.31495851120166,0.119081287901486
"13075",0.371161107545734,-0.973987429191438,0.197730507400252,0.967171897627944,0.156877993927011,0.119081287901486
"13077",-0.91322804224329,0.403998001147492,0.00556354142378832,-1.18362485012347,0.59302993417879,-1.42119733773807
"13078",-0.892136408305118,2.94012884578181,2.35440999969795,0.761923314922671,2.01770772598101,1.82631073757741
"13079",-0.88266291064558,0.678186574882064,-0.977021198308604,0.809220756799945,-1.39498760869193,0.306754016622001
"13080",0.869649186886959,-0.973987429191438,-2.06389945492502,-0.754830504846898,-0.899247284561434,0.119081287901486
"13081",-0.810106900324288,1.72059231212933,2.72398953472936,0.470254746476266,2.52749817040405,-0.0398468520725265
"13082",0.338653735165939,1.44640373839476,1.32412810149484,1.17242132417131,1.81727523533925,0.601658886274862
"13083",-0.881884457426307,-0.364219162365198,-0.712758178862164,-0.115946525210772,-0.564539970262489,-0.188845743052821
"13085",0.650625813264529,-0.364219162365198,-0.45433456859161,0.0179705764213883,-0.45557500006472,-1.13105108654369
"13089",-0.899406605335109,3.1478894909578,2.72398953472936,0.659306238093082,2.52749817040405,3.44228586402634
"13090",-0.84086275296072,2.05617200522099,2.06730469476014,1.35456433684509,1.32561901788593,0.397035708396078
"13091",-0.642044410663512,-0.973987429191438,-0.606259487950177,-0.144544842240893,0.126586668300212,0.119081287901486
"13092",-0.219761341108918,0.678186574882064,-0.340626850380673,0.03039673180548,-0.261965500645552,-0.916573901247116
"13093",1.83162970307801,1.2879548417083,1.96108703628913,1.16648836356765,1.7506885628683,2.17431754619311
"13094",-0.711361499554617,1.84096642608922,0.8066485650033,1.76313586075266,1.11555537895993,0.188152077568444
"13095",-0.220074112491662,-0.973987429191438,-1.86301958412607,-0.473388409396736,-0.761807555376316,0.119081287901486
"13097",-0.599848075893844,1.5897382004434,1.7420654908125,-0.312196954680168,1.35748473627948,-0.0441553660088045
"13098",-0.911583837836584,3.04759409432045,2.72398953472936,1.19655154802445,2.52749817040405,2.39280717599466
"13099",0.0678354205612049,-0.973987429191438,-1.0258979556363,2.93050039560918,-0.237934796738894,0.119081287901486
"13101",1.42027973096909,-0.973987429191438,-1.6126337532472,-0.450571995586663,-0.944511886076262,0.119081287901486
"13102",-0.911013898872474,2.82438916873368,1.79786048651312,0.149039276571242,1.79590246126555,1.61850160136118
"13103",-0.529335505273143,-0.973987429191438,-0.892689560113051,0.58659394878528,-1.18556861786936,0.119081287901486
"13104",-0.891121638929995,0.910009710803488,0.34395963782109,1.29893156130948,0.186007505052844,-0.932397197041517
"13106",0.409159355311468,-0.973987429191438,-1.84039569041694,1.70368024659887,-2.30548560898077,0.119081287901486
"13107",-0.481474533238234,0.403998001147492,0.617499851096409,0.414239180973865,0.900717204801612,-1.18372706372238
"13108",2.76889342599539,-0.973987429191438,-0.596252147373258,0.752738892356175,-0.212096458617144,0.119081287901486
"13109",-0.329425938373919,-0.364219162365198,0.0691535149509086,-0.125707849426269,0.209699839703028,-0.689675219451461
"13110",-0.611434518005693,1.11082404530309,0.594090762523708,-0.688492539884099,-0.0122253961298853,-0.383551745520153
"13113",-0.91322804224329,2.82438916873368,2.32911561077547,1.43146473348262,1.55098162639279,1.60474076042378
"13115",-0.810829749742184,0.403998001147492,0.950297770201082,0.0310112722030297,1.0466030379839,-0.505695339336885
"13116",0.45947384508212,-0.973987429191438,-0.301480025760148,-0.12782389669568,-0.230090590392603,0.119081287901486
"13117",-0.710492690158108,1.2879548417083,0.254168292496858,-0.42265995474364,0.662779993319812,-0.528865306839352
"13118",-0.730815879561255,0.678186574882064,0.415191527266174,-0.24090102317783,0.0295617041733651,-0.822364685574165
"13120",1.46210769055464,-0.973987429191438,-2.1502371892256,0.590821125462726,-2.59373601988992,0.119081287901486
"13121",1.76968011786931,-0.973987429191438,-0.768719800366149,-1.33793425939701,-0.338986380749598,0.119081287901486
"13122",0.0185357001656762,-0.364219162365198,0.200213711637303,-0.123203970043417,0.299002751251434,-1.1952401483343
"13124",-0.0302010317409142,0.0684183080558247,1.35601582292461,-0.112799503371131,1.27570204565418,-1.40748216266048
"13126",-0.879792364399513,1.2879548417083,0.877139941538778,-0.253608747396045,1.28425268638795,-0.575538259895517
"13127",-0.149339126665453,-0.973987429191438,-0.843010447283637,-0.0882899788823903,-0.856529062536934,0.119081287901486
"13130",0.0186955610946339,-0.973987429191438,-1.98525320558444,0.644596417133179,-1.88614872439592,0.119081287901486
"13131",-0.691024409201125,0.0684183080558247,0.324879223769622,0.319557725164436,0.095036987723484,-0.84457977050063
"13132",1.69129960935382,-0.973987429191438,-1.83193794549727,0.384901950164477,-2.22946482631838,0.119081287901486
"13133",1.81232823352516,-0.364219162365198,-1.54601309748835,-0.201353680255685,-1.88614872439592,1.58182009962668
"13134",-0.069332206959697,0.403998001147492,0.747452191089879,-0.0206812832736663,0.749205540376128,-0.331017141381625
"13135",1.04151358646686,-0.973987429191438,1.1968414162977,3.63524149608769,1.81304852062261,0.119081287901486
"13136",-0.360876838527559,0.678186574882064,1.05550404968151,0.114973434933961,0.920989156297481,0.0455134803023154
"13137",-0.820636870209982,1.2879548417083,1.32176883587439,-1.42046821019578,1.30556197431167,-0.266525428794108
"13138",-0.702492693235049,0.910009710803488,0.235138359531004,-0.232191158976036,0.137887657375517,-0.928843911667451
"13139",-0.761314564616321,1.11082404530309,1.60212286649442,0.558761086910709,1.37811366378257,-0.146298390507052
"13140",0.158796289138151,0.0684183080558247,-0.441812562675351,-0.78919194373558,-0.572663832698684,-1.36432874112952
"13141",-0.0790559217254301,0.678186574882064,0.983336015508105,-0.0603441801634646,1.03734279878157,-0.605983081851925
"13142",-0.732212925070842,-0.973987429191438,-0.703781165011078,-0.388271210724697,-0.321183052532201,0.119081287901486
"13144",2.40253478323709,-0.973987429191438,-1.53750931352289,0.819057202062393,-2.19412943674432,0.119081287901486
"13145",-0.530635244130321,0.403998001147492,-0.128476863058939,2.06955436735713,-0.756587095670656,-1.33157104974007
"13146",-0.661888017279787,-0.973987429191438,-0.944842148414036,-0.378494822376971,-0.711150528138066,0.119081287901486
"13147",-0.82140142247891,0.403998001147492,-0.0118123398636874,2.74347983146621,-0.761807555376316,0.722144665045217
"13148",-0.63182026168539,1.84096642608922,1.3398418929193,-0.529698639383099,1.21841872933582,0.256483345032048
"13149",-0.781019161729154,0.403998001147492,0.691673116748838,0.0533644970820636,0.893047655630543,-1.12737404934289
"13151",2.03169913090619,-0.973987429191438,0.45545161351193,-0.10742311409487,-0.0626804537953397,0.119081287901486
"13153",-0.870715043824782,-0.973987429191438,-0.32632140090485,0.660086724075429,0.0442045460129851,0.119081287901486
"13155",-0.591910633247335,0.403998001147492,0.243109715681065,-0.566353668490844,0.175405105035144,-1.33856378981599
"13157",-0.431000182538624,0.403998001147492,0.723065712129152,0.0847466372199442,0.981919389624991,-1.00986663649954
"13158",0.0201690618311139,0.403998001147492,0.417421210733737,-0.237747513276079,0.521074759602036,-0.87614271315291
"13159",-0.840313665422126,0.403998001147492,0.560624801317589,-0.519479236381207,0.74848862300605,0.341474238824086
"13160",-0.700935786796504,-0.973987429191438,-1.69201493085216,0.246974371153709,-1.47100839135432,0.119081287901486
"13161",2.2112021027002,-0.973987429191438,-1.52437285235901,-0.325739156058176,-1.95854384911368,0.119081287901486
"13162",0.298737156252711,0.403998001147492,0.697657195944094,0.16235686722159,1.11422706518997,-0.803429346742403
"13165",-0.461547520919894,-0.364219162365198,0.284163588124731,0.316024227888001,0.947939172394711,-1.81495939927512
"13166",1.910434190579,-0.973987429191438,-0.452125981993139,-0.698561319254992,-0.45557500006472,0.119081287901486
"13167",-0.740671653355258,0.403998001147492,0.0741474595959488,-0.494459377600089,0.522041753872944,0.0428897222549722
"13168",-0.560737752100578,0.403998001147492,0.482302748874377,-0.6832718855483,0.401886539926557,-1.15585498848128
"13169",-0.290190506027555,-0.364219162365198,-0.0117200429148757,1.29699855872817,-0.281196246724994,-1.45246516577709
"13170",-0.660567426997092,-0.973987429191438,-1.5534047432868,-1.79244630095809,-0.777687727442263,0.119081287901486
"13171",-0.70983239501676,0.0684183080558247,-0.356990310824632,-0.697760574162362,-0.411381505467356,-1.43447187994399
"13173",-0.882231981184911,-0.364219162365198,-0.587872993693129,-0.936583770270325,-0.26741049813593,-1.81686871463534
"13174",-0.761599534098376,0.0684183080558247,1.09712178603689,-0.792427665736295,0.934583682880933,-1.63577708179079
"13176",-0.461811638976433,-0.973987429191438,-0.334355754535749,-1.08466928941863,0.0967305757098532,0.119081287901486
"13177",-0.279243507631537,-0.973987429191438,-0.772430476015683,-0.134143072592304,-1.10737202765443,0.119081287901486
"13178",-0.66220078866253,1.72059231212933,1.70305872721556,0.175308207219693,1.67176634380097,0.0955615042230182
"13182",-0.471007117629088,-0.973987429191438,-1.46549424043424,-0.608582397058953,-0.509983017134227,0.119081287901486
"13183",-0.849974825911311,1.44640373839476,1.3990284329502,0.975939680214382,1.30693863784612,-0.224248307289963
"13184",-0.780553479892625,1.5897382004434,0.688174136616931,-0.796915530389589,1.09128290514177,0.280946170745524
"13185",1.7516853376488,-0.973987429191438,-1.8964571539543,1.61923884165234,-2.59373601988992,0.119081287901486
"13186",-0.530183463244136,0.0684183080558247,0.64095159493046,0.0808416004143942,0.555133591081359,0.137949249181286
"13187",2.44936708494653,-0.973987429191438,-0.919759139967269,-1.21349210359003,-1.07504485546659,0.119081287901486
"13188",-0.812011330521436,-0.973987429191438,-1.51108635101869,1.35054597205616,-2.06723951461186,0.119081287901486
"13189",-0.73994185346219,-0.364219162365198,-0.838244374130366,-0.837808344947438,0.57521964818128,-0.676225475027039
"13192",0.0292394319306719,-0.364219162365198,0.19084028290664,-0.294776249230149,0.311855408109464,-0.851475894243267
"13193",-0.31117399057205,-0.973987429191438,-1.52923808716832,-1.58183765295155,-1.6175329808186,0.119081287901486
"13194",0.431755350095884,-0.973987429191438,-2.02816372704042,0.0976256547071705,-2.03857294660395,0.119081287901486
"13196",-0.811357985855261,0.403998001147492,0.749377396136606,-0.153393983495869,0.859094566523884,-1.01958070366887
"13198",-0.821943559542332,0.910009710803488,1.27425670261463,-0.249559436953203,1.44490937680882,-0.933093778977346
"13199",-0.890843619923112,3.1478894909578,2.14706799587041,1.79613367290285,2.088003001548,2.85877589495663
"13200",-0.731990509865336,0.403998001147492,0.152194578982717,0.0181121496222073,0.203845676642342,0.340582846138807
"13203",-0.830061714543315,0.403998001147492,0.15159873459483,-0.233895547827702,0.536400856285666,-0.925843525491305
"13207",-0.771726376424089,-0.364219162365198,-0.871709243539584,0.61732787827935,-0.838931969031563,-1.10755950149092
"13208",-0.339281712167921,0.910009710803488,0.428709773541489,-0.936187627251411,0.539240388180247,-0.452651207065387
"13209",-0.621192985147287,1.2879548417083,1.72661249003943,-0.017338200585442,1.80470244643272,-0.4384616764948
"13210",0.0116894821211822,-0.973987429191438,-0.588267861114213,-0.173306667874403,-0.167693135449658,0.119081287901486
"13211",-0.821707243386481,0.0684183080558247,0.341664348789914,0.0789898375695968,0.567976933975968,-1.63144144245884
"13212",-0.730774176710223,0.0684183080558247,0.0694567250513654,-1.35557465993244,-0.184654022860013,1.82659725869938
"13213",-0.360049731982082,0.678186574882064,0.611545948513807,-0.114536246689748,0.939061655450735,0.210515281061295
"13216",1.75153242719502,-0.973987429191438,-0.635456375371504,1.53685697420715,-0.21464109716859,0.119081287901486
"13217",0.298924819082357,0.0684183080558247,-0.249306812780854,2.38749291040687,-0.309541845407529,2.37010228951136
"13218",0.348363548981327,-0.973987429191438,-2.00266755645429,-0.46159529819498,-1.13255357896724,0.119081287901486
"13220",-0.140664933650704,0.403998001147492,0.102708687972163,0.883657808499688,-0.529020953491297,-0.364529321813913
"13221",1.47935181945656,-0.364219162365198,0.13046785287839,-0.433351468507948,-0.363392460941241,-0.955305804850187
"13223",1.08063781121047,-0.364219162365198,-1.22205660321327,0.668423868401671,-1.13255357896724,1.49280414840652
"13224",-0.32135643669914,-0.364219162365198,0.898925828553226,0.0817014496158167,1.02248755547375,-0.584603759864796
"13225",-0.891253697958264,1.11082404530309,1.80293993058941,2.89814126656835,1.63828227899635,-0.753510850881349
"13226",1.81063231758317,-0.973987429191438,-1.55791703111586,-1.15052811782618,-1.2040957289775,0.119081287901486
"13227",1.09117473157134,-0.973987429191438,-0.847676913947317,0.511111364931712,-1.04403753399695,0.119081287901486
"13228",-0.110986404665943,-0.973987429191438,-0.577832903877,2.74900535749116,-0.513752622375861,0.119081287901486
"13229",1.33124414401481,-0.973987429191438,-1.23341979292383,-0.17129303753657,-1.38302556781499,0.119081287901486
"13230",-0.882315386886976,2.05617200522099,1.10095779776301,-1.53494817278674,1.08024105501429,0.415681813570947
"13232",-0.799993958948919,1.11082404530309,0.50031585412239,-1.18079692347524,0.510355771111781,-0.0550833124728459
"13233",-0.180609314464619,-0.364219162365198,-0.146485772304736,-0.327482031080559,0.708734405089264,-1.71446953857177
"13235",1.19900440339091,-0.973987429191438,0.291851940481383,-0.0548736719198027,0.0847953867603428,0.119081287901486
"13236",-0.680800260223003,-0.364219162365198,0.0243600617264896,0.124037747129688,0.0405702142124694,-0.42646004788817
"13238",-0.752021779311256,0.403998001147492,-0.0258575082478766,0.228932932022172,-0.212096458617144,-1.36155393446196
"13239",1.69226572540273,-0.973987429191438,-0.645805239982788,-0.200787380980134,-0.141782676372296,0.119081287901486
"13240",0.0392828685543204,0.403998001147492,-0.0705673472241722,-0.728942839080269,-0.212096458617144,-1.10231821416553
"13242",0.199943102156836,0.0684183080558247,-0.808207810538065,0.130297001286428,-0.838931969031563,-0.0921099101122142
"13243",1.11058740872694,-0.973987429191438,-0.174119233299253,-0.688649609205128,-0.401538077466741,0.119081287901486
"13244",0.00023509903760259,-0.973987429191438,-1.46172813247415,-1.57603956056698,-1.75925880226346,0.119081287901486
"13245",-0.420087936518466,-0.973987429191438,-0.426342015583008,0.436621650945086,-0.868491103413878,0.119081287901486
"13246",-0.74252047975103,0.910009710803488,0.821127017701545,-0.298975413646821,1.05623021245079,-0.776531413081573
"13247",-0.750089547213419,0.403998001147492,-0.301512828646791,0.08656210548241,-0.139470425280125,1.44856255521507
"13248",0.320137669307531,-0.364219162365198,-0.361793995646861,-0.0460722646886027,-0.194518757580141,-0.0281322104858982
"13249",-0.000459948479605045,0.0684183080558247,-0.013417652753731,0.603742097877702,0.246690147133386,-0.882789708062568
"13253",0.641465086987734,-0.364219162365198,0.291317123866112,0.510646156397646,1.04902129503196,-1.42209455176489
"13255",-0.831097335343955,-0.364219162365198,-0.487721356795,0.595974035924806,-0.606057073689187,-1.81686871463534
"13258",-0.809530010885006,0.0684183080558247,-0.0592702767719623,0.00399993029574218,-0.25387049794823,-1.05501726243254
"13259",-0.309630985083849,-0.973987429191438,-0.770312183208693,-1.8280599606812,-0.862486535407515,0.119081287901486
"13260",-0.310694407785177,-0.973987429191438,-0.213695755940518,1.58980803369883,-0.772357362428981,0.119081287901486
"13261",1.76151330954212,-0.364219162365198,0.219352604994788,2.09097912770494,-0.476872859723761,1.64597172801596
"13262",1.71033001037496,-0.973987429191438,-1.05432801799477,-0.0267148894702292,-0.868491103413878,0.119081287901486
"13263",-0.911479580709003,3.1478894909578,1.91841563232713,-1.58680984755934,1.89150421384611,2.95034091439983
"13265",-0.391465879759861,0.678186574882064,0.874398843521516,0.262507148826699,1.12609908413523,-0.53490416793867
"13266",-0.811670757238005,1.84096642608922,1.37292249820852,0.113342114145239,1.83532399068265,0.911311313676492
"13267",-0.900310167107478,2.48880947564202,1.50866712044861,0.165574557155061,1.21996257925188,1.05692879762071
"13268",-0.750450971922367,1.72059231212933,1.21752108770794,-1.06280531961401,1.68316649955393,0.678527450377344
"13269",-0.911854906368295,2.15322978255035,1.64617302432737,-0.109868787344736,1.65954428416009,0.516157149563206
"13270",2.74131484407437,-0.973987429191438,-0.167290662701375,3.63524149608769,-0.513752622375861,0.119081287901486
"13271",-0.551389362994137,-0.973987429191438,-1.00973335815616,-1.92049255067902,-0.375896017306257,0.119081287901486
"13272",-0.611226003750531,-0.364219162365198,-0.789724214303237,-0.0120036937337517,-1.06717355293204,0.180844145139391
"13273",0.209472203617751,-0.973987429191438,-1.35348585972869,-0.875982436337486,-0.716066881205846,0.119081287901486
"13276",-0.290419871708234,-0.364219162365198,-0.165995715013779,0.0659298136002678,-0.677599223699442,1.19513323939571
"13277",-0.769425769142132,0.403998001147492,-0.845451489040334,0.655822543900195,-0.610336374569614,0.151363105984415
"13278",-0.520237333272896,-0.973987429191438,-0.235945746883046,-0.530361639979073,0.23408863216415,0.119081287901486
"13279",-0.142235741039593,-0.973987429191438,-1.36075448781878,-0.22994303878078,-1.27274910279262,0.119081287901486
"13280",0.299883984656104,0.0684183080558247,0.0815253957845958,-0.748190945948573,0.20677839803545,-1.17351483836286
"13282",-0.74198529316278,0.0684183080558247,0.368794424925859,0.590757466018412,-0.189570375927793,-1.10435677381032
"13283",-0.329245226019445,-0.364219162365198,-1.67567136503262,-0.385830911973004,-1.11567346435145,-1.02338604505304
"13284",2.38329586796078,-0.973987429191438,-1.05065393087593,-0.217031849399533,-1.10737202765443,0.119081287901486
"13285",-0.691010508250781,0.403998001147492,1.08694400028143,-0.29381194090052,1.2509390544547,-1.09267862816078
"13291",0.6312687399103,-0.973987429191438,-0.570729119088106,-0.887354516946384,-0.398285079358958,0.119081287901486
"13292",-0.539524901875405,-0.364219162365198,-0.182848944491529,0.00310257083944182,-0.0968243546588802,-1.66864384281462
"13294",0.972272952802648,-0.364219162365198,0.155638235109172,-0.165113653893122,0.105142332742649,0.123950481925473
"13295",2.67272755507633,-0.973987429191438,-1.05061319961781,0.0909868429520756,-1.18556861786936,0.119081287901486
"13296",0.449791833167419,-0.973987429191438,-1.73201936178229,-0.0746559842219407,-1.22308606552899,0.119081287901486
"13297",-0.84957169835133,0.403998001147492,0.873292754689102,0.766961052219647,0.677096993249851,1.65576023195059
"13298",-0.911145957900743,-0.973987429191438,-0.573257527256918,2.75587783236343,-1.06717355293204,0.119081287901486
"13299",1.76128394386144,-0.973987429191438,-1.33303221096959,0.505517314677873,-1.93363755560319,0.119081287901486
"13300",0.770326896678006,-0.973987429191438,-0.54656946023254,-0.00201374888649139,-0.502499469928541,0.119081287901486
"13301",0.110476585741885,0.403998001147492,-0.129048686722207,-1.01910515316327,-0.10120231431295,-0.639341172938675
"13302",0.628210530834587,-0.973987429191438,-1.98842687299308,1.4807113791469,-2.59373601988992,0.119081287901486
"13304",2.59130968891065,-0.973987429191438,-0.721806799813033,-0.308440074286143,-0.382225836414074,0.119081287901486
"13305",-0.881981764078716,1.5897382004434,0.83747264407139,0.33455156739288,0.864038921799819,-0.246570542699573
"13307",0.278198502119229,-0.973987429191438,-2.1502371892256,-0.253409368751369,-2.59373601988992,0.119081287901486
"13308",-0.699434484159336,0.0684183080558247,0.534987719832634,0.379836676889608,0.576120150832347,-0.970140265364925
"13309",-0.852504798873946,0.678186574882064,0.576274542735385,-0.36573459613046,1.0353788057101,-0.969144946952224
"13310",-0.642663002953827,0.0684183080558247,0.36871447309158,-0.198611599776284,0.301590739776194,-1.49174008819195
"13311",-0.881008697554626,-0.364219162365198,-0.155434023064379,0.250694009420948,-0.194518757580141,-1.19423851973218
"13313",-0.702471841809533,0.678186574882064,0.630137771856566,0.0803692727830578,0.583285995462243,-1.03327065073007
"13314",-0.910854037943516,0.0684183080558247,0.0579933470669534,-0.462773129801394,0.265886176976289,0.560025042351683
"13316",-0.551034888760361,0.403998001147492,1.70413090633516,1.53528087147332,2.0010700741915,-0.833682582228298
"13317",-0.260748293198645,0.910009710803488,0.942693564425852,-0.0184793624637156,0.731809958023906,-0.683598756007366
"13318",-0.91322804224329,0.0684183080558247,-0.0994301815899212,0.646024025170419,-0.197005090069256,2.20967281141626
"13319",-0.871271081838549,2.94012884578181,2.22910946620981,0.238386649965768,1.88446366386477,1.84853325127374
"13320",-0.142534611471992,0.403998001147492,0.61781145979898,-0.285421564597496,0.76831087475195,-0.100332019005473
"13321",-0.201453789505672,-0.364219162365198,-0.199459958699003,1.2224034793517,-0.0441282016397167,1.64597172801596
"13322",-0.751493543198179,-0.973987429191438,-1.05764876916708,-0.970006445778537,-0.918317086918013,0.119081287901486
"13323",-0.892803653921637,0.678186574882064,0.0705223022186258,0.836353915120855,-0.614639920910157,1.45046428354664
"13324",-0.562211252837058,1.5897382004434,1.88277943596049,1.96870421262073,1.95809998232751,-0.0245837266542176
"13325",-0.109373894426022,-0.973987429191438,-0.0562569232686942,1.3285425311298,-0.375896017306257,0.119081287901486
"13327",-0.53964305995333,1.2879548417083,1.32734350680563,0.702986294957509,1.06242307250853,-0.417422450556918
"13328",2.24067906790497,-0.973987429191438,0.487912964040279,1.71117107047382,0.413123045091048,0.119081287901486
"13329",-0.609759453489223,-0.364219162365198,0.0717220370786539,1.09409974066695,0.121691438270774,-1.81686871463534
"13330",-4.98704444526086e-05,0.0684183080558247,0.37515834189562,0.170989389461507,0.488453040293619,-1.21490758901817
"13332",-0.781165121707767,-0.973987429191438,-0.594283911641748,-0.127483627360463,-0.59757012620917,0.119081287901486
"13334",-0.101346095602275,0.0684183080558247,1.2983682777352,-0.400033182998418,1.13649843284472,-1.21517709023853
"13336",-0.150861280728138,-0.973987429191438,0.0780774792065268,-0.208445943325057,0.264531004632502,0.119081287901486
"13338",0.651911651171363,-0.973987429191438,-0.324970240807874,0.378674602436064,-0.327071251764538,0.119081287901486
"13339",1.08252834045727,-0.973987429191438,0.142714157515414,-0.183459918756018,-0.144101987784101,0.119081287901486
"13340",-0.470791652898754,1.11082404530309,2.2207859906961,1.76035572771621,2.03636159199513,-0.0566200441587853
"13341",1.68250030778597,-0.973987429191438,0.0578979404667212,-0.00975382290558379,-0.2045132951625,0.119081287901486
"13343",0.850709142043054,-0.973987429191438,-0.588384034630562,-0.0015656794551303,-0.81048018227694,0.119081287901486
"13344",-0.24914099966128,0.0684183080558247,1.02465029824561,0.177882069896159,0.668379826245235,-1.14783684662501
"13345",1.95307535575968,-0.973987429191438,-0.508566434597417,0.0525123725064718,-0.777687727442263,0.119081287901486
"13347",-0.220664902881288,-0.973987429191438,-0.616918979464186,0.992121201848199,-0.495088934103427,0.119081287901486
"13348",-0.282385122409315,-0.973987429191438,-0.927649566264239,-0.128351164907733,-0.804915513453088,0.119081287901486
"13349",-0.818954855218339,-0.973987429191438,-0.881402630112554,-0.218437080562394,-0.424707705122757,0.119081287901486
"13350",-0.762419690168681,-0.364219162365198,0.249317441762374,0.323694260948171,-0.240567637840134,0.0246960168192095
"13351",-0.260470274191762,-0.973987429191438,-0.542054225862692,0.268603150371867,-0.918317086918013,0.119081287901486
"13352",-0.320939408188815,-0.973987429191438,-0.490873508838227,-0.136413179898753,-0.15580597739401,0.119081287901486
"13354",-0.210579763406607,-0.973987429191438,0.0229012297868294,-0.286485004924374,0.323239742903691,0.119081287901486
"13355",0.299230639989929,-0.973987429191438,-0.0569878987664277,0.146374068490947,-0.172500581226806,0.119081287901486
"13356",-0.121029841289592,-0.973987429191438,0.0497905400073905,-0.0213503691049981,-0.146428402764151,0.119081287901486
"13357",1.65076443815027,-0.973987429191438,-0.140690757630575,-1.13716732601904,-0.15580597739401,0.119081287901486
"13358",1.76172182379728,-0.973987429191438,-0.410220391491155,-0.242681903589345,-0.245860857150927,0.119081287901486
"13359",-0.289071479524851,-0.973987429191438,-0.409229033743287,0.030279812236981,-0.677599223699442,0.119081287901486
"13362",-0.831702026683925,0.403998001147492,1.19544146849407,-0.000469016860584451,0.951241672802406,-1.14041169842901
"13363",-0.750791545205799,-0.364219162365198,0.260484208953923,-0.139297399022291,0.445868369723916,1.64597172801596
"13364",-0.212637104057541,-0.973987429191438,-1.37748360023616,-0.37586441489063,-1.29356064839624,0.119081287901486
"13365",-0.590624795340501,-0.364219162365198,0.925014140484678,-0.0810019098471589,0.873223724126804,-1.42845694020715
"13366",-0.420901142113599,-0.973987429191438,-2.09110850378838,1.32604932397638,-0.761807555376316,0.119081287901486
"13368",1.64240301651827,-0.364219162365198,-0.122014998783864,0.169312620406244,-0.141782676372296,-0.401641388162804
"13369",2.73271710628651,-0.973987429191438,-0.700606263849476,0.19784531705528,-0.736056821648552,0.119081287901486
"13370",2.76889342599539,-0.973987429191438,0.0353504600867564,0.0452598452635863,-0.105605653585019,0.119081287901486
"13372",-0.0302079822160863,-0.973987429191438,-0.531794720647882,-0.144900707893349,-0.687035045627916,0.119081287901486
"13373",-0.319660520757153,0.0684183080558247,1.25242854127224,0.139571952205446,1.08624197389851,-1.17871232528053
"13375",-0.0391949466135795,-0.973987429191438,0.0608609811000802,0.1441375896835,0.0865119386710276,0.119081287901486
"13376",0.0684192604756592,0.0684183080558247,0.282777032171624,0.0382388091121944,0.169279475890676,-0.568994980660334
"13379",-0.661165167861891,0.0684183080558247,-0.191959308734769,-1.29625352997593,0.319463891397345,-0.240680254751151
"13381",-0.610378045779538,0.910009710803488,1.32995840603775,0.15054631800166,1.24275150544021,-0.551039657787439
"13382",1.88258363656449,-0.973987429191438,-0.966326110819437,-0.263842124940111,-0.833155713839811,0.119081287901486
"13384",-0.620011404368034,1.11082404530309,1.4384592850453,0.454673887156218,1.37717379082635,0.836300007461546
"13385",2.37308561993301,-0.973987429191438,-0.248399047993614,-0.232389575921235,-0.256559257914089,0.119081287901486
"13388",0.390115053339982,-0.364219162365198,-0.0540678815013316,0.0446547593632947,-0.25387049794823,1.64597172801596
"13389",-0.811406639181466,0.0684183080558247,0.0810101584250521,-0.20428925177725,0.0638883633239993,-1.20502574031037
"13390",-0.178614528090234,-0.973987429191438,-0.233903491156517,0.968673839238714,-0.428076109300152,0.119081287901486
"13391",1.11158827715172,-0.973987429191438,-2.04026531794134,1.40263080747654,-2.59373601988992,0.119081287901486
"13394",-0.910485662759396,1.2879548417083,1.02737604459238,-0.159507255965573,1.36771053847439,-0.321619683661758
"13395",0.929666539997827,-0.973987429191438,-0.702098810462174,-0.280581847006431,-0.121221525990064,0.119081287901486
"13396",-0.632487507301909,-0.364219162365198,0.520292892786593,0.631404901486999,0.318201091609878,-1.78330486503054
"13397",-0.199591062159556,0.678186574882064,0.624194912952391,0.932925308061972,0.0656527634140131,-0.811617867599553
"13398",1.00047103057576,-0.973987429191438,-0.376644969326207,-0.0672940721598357,-0.256559257914089,0.119081287901486
"13402",0.348836181293029,-0.364219162365198,-0.124882151533685,-0.183399376292571,0.147442171998538,-1.6660785594146
"13403",-0.749040025462436,-0.973987429191438,-1.85649194884273,0.348852658480671,-1.65056313676528,0.119081287901486
"13404",-0.912160727275866,-0.364219162365198,-0.864432122584732,0.247162700533742,-0.957956022832623,-1.54933297686325
"13405",-0.182110617101787,0.0684183080558247,-0.192115834973259,0.152957319677046,-0.659072112591309,-1.30594979929879
"13408",-0.909436141008413,3.1478894909578,2.72398953472936,1.38252021120328,2.52749817040405,3.44228586402634
"13410",-0.681933187676051,0.678186574882064,0.269191766702311,0.780590832127822,0.20677839803545,-0.812424882581556
"13411",0.149454850506883,-0.973987429191438,-1.00178769289336,-0.524037932139201,-1.28308360094871,0.119081287901486
"13414",0.410598103672088,0.0684183080558247,0.537946382422088,1.36403675554518,1.04998644623832,-0.835412623464018
"13416",-0.489008848324763,-0.364219162365198,-0.0121585455746836,0.835817027624247,-0.772357362428981,1.09115505554262
"13417",-0.879298880662295,-0.364219162365198,-0.0993403560269401,0.243695889565877,-0.672924908042205,-1.50610754777307
"13418",-0.809891435593953,2.41167084498539,1.75892885806651,0.0931006522328416,1.74239976660003,0.953221140508618
"13419",-0.290454624084094,-0.973987429191438,-0.97345307716426,-0.348757723277799,-0.272894810027975,0.119081287901486
"13420",0.571967285742155,-0.364219162365198,-1.23903271576991,0.0828105051582217,-1.02899597520659,1.64597172801596
"13421",-0.521293805499052,-0.364219162365198,0.765665691520792,-0.0416994667038761,0.797106835448322,-1.68092193743731
"13422",-0.280814315020426,-0.973987429191438,1.061383641887,0.123422783986,0.919845219489082,0.119081287901486
"13425",0.158101241620944,0.0684183080558247,0.665808853800613,0.131616733122861,0.793735441110934,-1.00735181415597
"13426",-0.91322804224329,1.5897382004434,1.3304130129711,0.259503221155859,1.31955586810919,-0.20307593591443
"13427",-0.730927087164008,0.0684183080558247,-0.177667755522929,0.089203264583629,0.24530025855306,-1.06741540653687
"13428",-0.821547382457523,-0.973987429191438,-1.04825422674437,-1.92049255067902,-0.725996093146608,0.119081287901486
"13429",-0.81939273515418,0.403998001147492,0.272253748317885,-0.251328222420378,0.955622788897658,1.45843248804997
"13430",-0.738968786938099,-0.364219162365198,-0.0512186948497287,-0.344572175535337,0.488453040293619,-0.102582445968814
"13431",-0.250836915603266,-0.364219162365198,0.462765819138986,0.466611351973607,0.40414717819407,1.64597172801596
"13434",-0.181061095350804,-0.364219162365198,-0.24890665752438,1.26520494311101,-0.207032613880708,1.64597172801596
"13435",-0.871764565575766,1.11082404530309,1.36767270231871,0.842939223294152,1.27927651764932,0.377239228077126
"13436",-0.910047782823556,-0.973987429191438,-1.06835773394289,-0.148821614015004,-1.2425633864839,0.119081287901486
"13437",-0.781373635962929,1.11082404530309,1.27590593837564,0.107761793270697,0.894824437486828,0.466551616601579
"13439",1.63058025825057,-0.973987429191438,-0.768777651284506,-1.41869658852917,-0.369618511351043,0.119081287901486
"13441",-0.00888392438815993,-0.973987429191438,-0.732200147930899,0.240142622920774,-0.498785164741332,0.119081287901486
"13447",-0.691142567279051,0.0684183080558247,0.366611134774283,0.0319232377213418,0.297705442828114,2.72931773593378
"13448",-0.760751576127383,0.910009710803488,1.30594292495791,-0.0259485704220942,1.08486134844017,-0.953979030932164
"13449",-0.688987919975707,-0.973987429191438,-0.745477454415667,-0.225648346897601,-0.43485806415135,0.119081287901486
"13450",-0.66039366511779,0.910009710803488,0.854919151887449,0.517435280023738,1.22495852980181,0.00265080366109245
"13451",-0.662089581059777,0.678186574882064,1.1425038964247,-1.16171326167935,1.27891982644895,-0.997074752694779
"13452",1.67062194571689,-0.364219162365198,-0.167290662701375,3.36602261356199,-2.59373601988992,1.64597172801596
"13453",0.73178651184885,-0.364219162365198,-0.580176170226305,0.141559313653095,-0.816085919138824,-1.00490742559088
"13455",-0.680181667932688,-0.364219162365198,0.313330186090776,0.249943369823753,-0.0816972052551916,-1.81686871463534
"13456",-0.74938754922104,0.910009710803488,0.735032466073114,0.486157462463902,0.502464023268235,0.0211749452036415
"13458",-0.852053017987761,2.05617200522099,2.13263617045036,0.36085571725306,2.0010700741915,0.465484786271694
"13460",-0.632612615855006,-0.364219162365198,-1.12632614440584,-0.632111485414717,-0.243209636667986,1.64597172801596
"13461",-0.539087021939564,0.0684183080558247,0.569586805229391,1.26735742177617,0.824850879283793,-0.448165423367012
"13462",1.60180529103818,-0.973987429191438,-1.28293507272853,-0.118841458943672,-1.39498760869193,0.119081287901486
"13464",-0.341415508045748,-0.973987429191438,-0.0570122757935684,-0.145397986095521,0.0165134881438263,0.119081287901486
"13466",0.918997560608692,-0.973987429191438,-0.701618768282822,-0.0329572578496557,-0.318255981868686,0.119081287901486
"13467",-0.819747209387956,-0.364219162365198,0.323812950376794,-0.616713404127966,0.292493937669108,1.64597172801596
"13468",-0.910089485674588,3.1478894909578,1.70010518197072,0.0165931919043932,1.42780048021098,2.71551927472621
"13470",0.0689683480142531,-0.364219162365198,-1.21307760323622,-0.142247408834833,-1.03647952241228,1.64597172801596
"13471",-0.912209380602071,0.403998001147492,1.02141549262704,-0.735267569335292,1.05431451434275,2.33531931303129
"13473",-0.319862084537144,-0.364219162365198,-0.441482012531086,0.0913224248671612,-0.298076361340787,-1.74078148568312
"13474",1.44060292037224,-0.973987429191438,-0.952290723246211,-1.78397407241169,-0.844752487146739,0.119081287901486
"13475",0.990219079696946,0.403998001147492,0.562022757447305,-0.131758117373381,0.714756826309181,0.340182556510777
"13476",0.860884637694972,-0.364219162365198,0.4426611244641,0.161367869133011,0.0423895537582221,-0.761059732010999
"13477",-0.550367643143842,0.910009710803488,0.575025075288901,-0.0135956214833569,0.721475459867815,-0.473683974153026
"13479",1.08159697678422,-0.364219162365198,-0.720359959833734,0.0876540657270475,-0.816085919138824,1.34045381701192
"13481",-0.46906793505608,0.678186574882064,0.752475761913101,-0.138312738212346,0.806467899845392,-0.468859232987599
"13482",1.39924759309839,-0.973987429191438,-1.12098523286406,-0.122176364383626,-0.924781584637011,0.119081287901486
"13483",-0.270048028978881,-0.973987429191438,-1.34552298441614,-0.330659449809383,-0.682302482672064,0.119081287901486
"13484",1.48955511700916,-0.973987429191438,-0.686036974412429,0.890187762281526,-1.65056313676528,0.119081287901486
"13485",1.41054211525301,-0.973987429191438,-0.382234109601294,0.0690363695381066,-0.26741049813593,0.119081287901486
"13486",-0.140491171771402,0.0684183080558247,0.36169212835392,-0.158887965623256,0.400753692740865,0.428774164240955
"13487",-0.350214809613595,0.0684183080558247,-0.187891460692066,-0.112583273602722,-0.300926548164244,-1.49108088694796
"13488",-0.75163255270162,1.95241544805075,2.07260043990656,0.155749514218136,1.85060426698404,0.327951128824865
"13489",0.129722451493361,0.403998001147492,-0.390817542664094,0.648670946216037,0.265886176976289,-0.640748824182652
"13491",-0.408772562938328,1.5897382004434,0.427472127037181,-0.322153531426911,0.62828530543335,-0.00474814130743827
"13492",0.43951208038792,0.0684183080558247,0.463245514539533,0.367641259893762,0.0258564583030734,0.393511190695365
"13493",1.83023265756842,-0.364219162365198,-0.128330646338913,1.71687493992914,-0.0280093177810612,1.64597172801596
"13494",2.19205354360114,-0.973987429191438,-0.679626248258662,-0.0686293559718143,-0.672924908042205,0.119081287901486
"13495",-0.850329300145086,0.678186574882064,0.8553822149416,0.990172695754507,0.563414914873816,-1.18208414561458
"13496",-0.820143386472764,-0.364219162365198,-0.0834551411131161,0.00254054154786683,-0.110034668449809,-1.81686871463534
"13497",1.90301108309522,-0.364219162365198,-0.600981037266687,-0.0196159101782415,-0.66827918165035,-0.496169670651626
"13499",-0.750242457667205,0.678186574882064,0.38816657391641,0.466989944889492,0.941847041400079,-0.733028298023351
"13500",-0.691955772874183,0.0684183080558247,0.393586557615867,-0.0434813911625478,0.329491415208798,-0.0585529345759945
"13501",1.95892765585457,-0.973987429191438,0.507698381445171,0.385305910347084,0.265886176976289,0.119081287901486
"13502",-0.759959221957766,0.0684183080558247,-0.745140088804321,-0.162095488932569,-0.303787470179979,-1.52320289358243
"13503",-0.210621466257639,-0.973987429191438,-0.989216834941551,-0.440873192828537,-0.35109140024291,0.119081287901486
"13504",-0.28066140456664,-0.973987429191438,-0.734167054791444,-0.379690013369607,-0.601801746608917,0.119081287901486
"13505",-0.200008090669881,0.403998001147492,1.4850477625223,0.10937994526134,1.39697643148857,-0.383690860495698
"13506",2.24129766019529,-0.364219162365198,-0.374527417564545,-0.0642693260100173,-0.148761964959668,0.357332700605301
"13507",-0.891142490355511,0.403998001147492,1.01391856368686,-0.230102716937129,1.06099842583167,-0.185252048026933
"13508",1.51146301475154,-0.973987429191438,-1.53736219568159,-0.806110721873073,-2.09703054455306,0.119081287901486
"13509",-0.839827132160081,1.11082404530309,0.24982144965639,0.211050575206322,0.782159460672903,-0.359643483240493
"13510",-0.911389224531766,0.403998001147492,0.74652465392318,-0.209328964420164,0.95343538955383,-0.585539126822521
"13512",1.68240995160873,-0.973987429191438,-0.868601259674593,-0.124838050481468,-0.767064143118188,0.119081287901486
"13513",0.340502561561711,-0.973987429191438,-1.03487965167282,0.113684479766199,-0.971642409279192,0.119081287901486
"13514",-0.189047191323518,-0.973987429191438,-1.27916342091989,0.853412762951489,-1.72127219220646,0.119081287901486
"13515",-0.199799576414718,0.403998001147492,0.171841027735545,-0.245393239791325,0.4142376071358,-0.525029463913883
"13516",-0.711000074845669,0.0684183080558247,0.537301008107374,0.628611988459865,0.69423682380882,-1.18507356662891
"13517",-0.330030629713889,0.0684183080558247,0.888346678945074,-0.246052141874524,0.944068019290091,-0.385438366429941
"13518",-0.0692905041086646,-0.973987429191438,-0.117070539064159,-0.0786152398008015,-0.0240324820098191,0.119081287901486
"13519",-0.142652769549917,-0.973987429191438,-1.45497892572819,-0.227040716079157,-2.12803786602269,0.119081287901486
"13520",-0.339462424522395,0.910009710803488,1.32656695642829,0.882345632830737,1.08532183581239,-0.780292154075405
"13521",-0.911417026432454,0.0684183080558247,0.323674770792561,-1.92049255067902,0.454367187308047,2.72931773593378
"13522",-0.621728171735537,-0.973987429191438,-1.43492704473984,0.356462980151329,-1.65056313676528,0.119081287901486
"13523",-0.591702118992172,0.678186574882064,1.40050416007176,0.252227002436751,1.13131655557485,-1.09088015999624
"13524",-0.52055010465564,0.678186574882064,-0.0503356311699206,0.35797244131492,-0.148761964959668,-0.199086743788962
"13525",-0.780546529417453,-0.364219162365198,-0.114949329581281,2.08976812334832,-0.000599038063864639,-1.63109374914557
"13527",-0.590402380134994,1.11082404530309,0.931275121877817,-0.681163141759869,1.10081458196214,-0.456239242008131
"13529",-0.138836958680448,-0.364219162365198,-0.701992110238746,0.114107319948073,-1.26255332692661,-1.02347991755376
"13531",1.12906177173432,-0.364219162365198,-0.330422207570282,0.19627670413269,-0.618967989014587,-1.2988125832154
"13532",-0.590548340113608,-0.973987429191438,-1.01431953090705,-1.91654380915254,-0.844752487146739,0.119081287901486
"13533",0.900961077537157,0.0684183080558247,-0.812192641788622,-1.80298239526066,-0.50623202730297,0.229080701591434
"13534",-0.901839271645335,2.88337216333648,1.72359789364222,0.0739162078571994,1.52974049280392,1.77778580037081
"13536",-0.912584706261363,1.11082404530309,1.28463615629034,0.0449468525797906,1.27820594115467,2.56856308648061
"13538",-0.492192165953573,1.11082404530309,0.470349796133672,1.21425649324577,-0.614639920910157,-0.338078644676292
"13539",-0.0692140488817718,0.0684183080558247,-0.111608393671578,-0.102951241170133,-0.15816857306928,-1.21825470924732
"13544",-0.530301621322061,-0.364219162365198,-0.791209133520889,-1.81620288701081,-0.95120421040081,-1.50744042409686
"13546",-0.801738528217109,0.0684183080558247,-0.125067472343059,-1.20945212430445,-0.0753052413308636,-1.01876460032944
"13548",0.0389909485970933,-0.364219162365198,-0.0527814960022069,-1.36824281619857,0.0761539522920046,-1.20318698670451
"13549",-0.669331976189079,1.11082404530309,0.196468172890913,-0.0399768063699997,0.113461954768259,0.0594016379017943
"13551",2.27095533775453,-0.973987429191438,-1.69201493085216,0.246974371153709,-2.59373601988992,0.119081287901486
"13552",-0.261471142616541,1.84096642608922,1.35244407459465,0.728615760416629,0.970225228806267,0.874906532750949
"13555",-0.190277425428976,0.403998001147492,1.42787119183674,0.581445849479236,1.44146068122629,-0.00136656430608989
"13557",-0.64183589640835,-0.364219162365198,-0.175610003039432,-0.0950792858297786,0.246690147133386,-1.68726211164104
"13558",-0.870367520066179,0.403998001147492,-0.161015952033422,-1.8220541735075,-0.116726992774358,1.5271267725335
"13560",-0.851093852414015,-0.973987429191438,-1.18182693233002,-1.39843534152322,-1.38302556781499,0.119081287901486
"13561",1.23093488633142,-0.973987429191438,-1.33671347168028,-0.703315905438432,-1.17647181576228,0.119081287901486
"13562",-0.109478151553603,0.0684183080558247,0.750086753101334,0.193691701128144,0.494489420914784,-0.843122224857392
"13563",-0.081078510000504,-0.364219162365198,0.0596770437975357,-0.187878368317317,-0.480481293575206,0.255000815393868
"13564",0.519525950568848,0.0684183080558247,0.715204957969111,0.157994243114708,0.362389091187024,-1.21869697387951
"13565",-0.731559580404667,-0.364219162365198,-0.905293328829789,-1.22316924046755,-0.627698819591003,-1.81686871463534
"13566",-0.520306838024617,-0.364219162365198,0.139571212144802,-1.45570643854398,0.275305283113844,0.851731587416626
"13568",0.809715239478155,-0.973987429191438,-1.11036241292886,-1.61234388731984,-1.34822984000231,0.119081287901486
"13569",-0.750979208035445,-0.364219162365198,-0.623536716309973,-1.62719549834043,-0.701412267863089,-1.81686871463534
"13570",1.51078186818468,-0.973987429191438,-0.907789450570246,-0.852670744152503,-0.677599223699442,0.119081287901486
"13571",-0.800049562750295,1.84096642608922,0.872934236430777,-1.25363712806054,1.13347996887789,0.950756829337031
"13572",1.13112606286042,-0.973987429191438,0.534238958886565,0.971411070523233,0.229841236769392,0.119081287901486
"13573",-0.421290368723235,-0.364219162365198,-0.750073744734495,-0.548765538417268,-0.202002304785828,-1.51597386198236
"13575",-0.690975755874921,0.678186574882064,0.010126118977989,-0.18445566249902,0.0984203959779018,0.0825722035103108
"13576",-0.822061717620257,2.41167084498539,1.8346166027933,1.26265458811867,1.44433568048456,0.941143985424119
"13577",-0.671827196775854,0.403998001147492,0.697320737194676,0.103407363270096,0.527818009064696,-0.828548063085686
"13579",-0.779156434383037,-0.364219162365198,-0.359397448860296,0.101868749500826,-0.610336374569614,-1.81686871463534
"13581",2.17090324765251,-0.973987429191438,-1.48721321069403,-0.53021415584192,-1.93363755560319,0.119081287901486
"13583",0.631240938009611,-0.973987429191438,0.0633712108784349,-0.274015283873628,0.461726438343073,0.119081287901486
"13584",2.14165564812842,-0.973987429191438,-1.33360632439359,-1.29075709818587,-1.77898910370272,0.119081287901486
"13587",-0.290329515530996,-0.973987429191438,-0.0122739798272211,1.88986011725493,-0.593361949810017,0.119081287901486
"13588",-0.76998875763107,1.44640373839476,1.01384882781749,-0.313220919819598,1.4327698095584,0.349175222256841
"13589",-0.780609083694001,-0.364219162365198,-0.52960660343097,-0.0351135917688623,-0.93787801074541,-1.3230377120037
"13590",-0.810940957344937,0.910009710803488,0.829643629008904,0.238173881069118,1.17181426064495,-0.682629201179725
"13591",-0.280286078907348,0.0684183080558247,0.357812264690655,0.039470500224432,0.156877993927011,-1.10355125383352
"13592",-0.569446697491188,0.403998001147492,-0.879282768778986,-0.215425752021704,-1.16748267064598,-0.90345597508495
"13593",0.159616445208456,0.678186574882064,0.841993841715094,-0.189820208543779,0.455422884346938,-0.586566948507021
"13594",-0.399507579533952,-0.973987429191438,-0.492960971729102,-0.232797584395404,-0.0710736209311161,0.119081287901486
"13596",-0.870624687647546,-0.364219162365198,-0.0699975598567274,-1.56710753212213,-0.0200763590187748,1.64597172801596
"13598",-0.451281669090739,-0.973987429191438,-1.23806047372378,-1.56178192820934,-1.5262744976451,0.119081287901486
"13599",-0.912390092956545,2.63214393769067,1.61582340167824,0.13793448587193,1.61043604062303,1.28370726672706
"13600",2.20060957853796,-0.973987429191438,-0.979184453438357,-0.554317876814015,-0.148761964959668,0.119081287901486
"13601",-0.472570974542805,-0.364219162365198,-0.0346002881635239,-1.11274247014673,0.249462317718526,-1.32939882259566
"13602",-0.280015010375637,-0.973987429191438,-0.429420626382235,0.00133015558026732,-0.295236829446207,0.119081287901486
"13603",-0.662082630584605,-0.973987429191438,-1.21635854766382,-1.26362239148709,-0.663661696930793,0.119081287901486
"13606",-0.632814179634997,0.0684183080558247,-0.78916064626359,-1.12590659638328,-0.270147704331226,-1.44890122814762
"13607",-0.522100060619012,-0.973987429191438,-0.0560012350452199,-1.11883511190376,-0.237934796738894,0.119081287901486
"13610",-0.802072151025369,1.11082404530309,0.331772751808007,-1.46307834957544,0.161552309584249,-0.342836372323099
"13611",-0.0310767916125957,0.0684183080558247,0.384816124407192,-0.175775896938634,0.491477227024571,-1.40843835037305
"13614",-0.681613465818136,0.403998001147492,0.645934633506038,-0.949269754497192,0.271282817064315,-1.24554533724423
"13615",2.26362258644799,-0.973987429191438,-0.451161584698226,-0.0298022670653902,-0.55650207623759,0.119081287901486
"13617",-0.521078340768717,0.0684183080558247,-0.233752414225199,-0.476379596855351,-0.207032613880708,-0.622087381492971
"13618",0.811195690689808,-0.973987429191438,-1.15402460707832,-0.363472232883442,-0.357217029387378,0.119081287901486
"13621",0.241833616018933,-0.973987429191438,-1.00063692557984,-0.584162171484012,-0.105605653585019,0.119081287901486
"13623",-0.62040063097767,0.678186574882064,0.00524716782129911,-0.796163932611357,-0.243209636667986,-0.811991518411506
"13626",1.60232657667608,-0.973987429191438,-0.849174509262545,-0.372239583326162,-0.480481293575206,0.119081287901486
"13627",-0.331121854315905,0.678186574882064,0.673003507605495,-0.0527358803613038,0.886496997335664,-0.95663661844653
"13629",-0.691024409201125,1.72059231212933,1.95685927010723,2.37431602217312,1.82565875274216,0.207386065586492
"13630",-0.8719800303061,1.11082404530309,0.850095901245389,0.510411520281364,0.956168655897227,-0.384356149946219
"13631",0.0710534905658756,1.72059231212933,1.19001084033548,3.29766118278966,0.128211425919096,1.6053748309859
"13632",-0.679973153677526,0.678186574882064,0.884668162826583,-0.283757607477409,0.728871564041435,-0.525212962641972
"13634",-0.591069625751513,0.678186574882064,0.625914729788204,-0.923910839749831,0.435109352770935,-0.93840331527246
"13635",-0.249627532923325,-0.973987429191438,0.323137185242815,-0.0885154939633764,0.409769512503696,0.119081287901486
"13636",-0.559722982725455,0.678186574882064,0.223715485662076,-0.248349492429891,0.308022394606972,-0.714615920755921
"13637",-0.400849021242163,0.0684183080558247,0.087519618926908,-0.950128915245523,0.0202644779750839,-0.921360024932466
"13638",-0.769960955730382,-0.973987429191438,-1.45571130965674,-0.228084770156402,-1.09103647554054,0.119081287901486
"13639",-0.180685769691512,-0.973987429191438,0.29366135374456,0.387995424083725,0.536400856285666,0.119081287901486
"13642",1.23096963870728,-0.973987429191438,-0.690023161737022,-1.37490719538685,-0.725996093146608,0.119081287901486
"13643",-0.611900199842223,0.0684183080558247,-0.271999963453838,-0.00474349404300091,-0.278419008175034,-0.75956977035675
"13644",-0.761404920793558,0.403998001147492,1.0607439256122,-0.0419063959652105,1.25683868719845,0.721420125755621
"13645",0.27863638205507,-0.973987429191438,-0.865700172392553,1.19477301376973,-0.691797280018651,0.119081287901486
"13647",-0.830583000181221,0.403998001147492,0.67783684442096,0.148919806530488,0.614721125389942,-0.882026515522003
"13649",1.64162456329899,-0.364219162365198,-0.604409364119083,-0.248027674663681,-0.788462005923606,-0.850375451328308
"13650",-0.76067512090049,0.910009710803488,0.766845402086472,0.0313425660773292,0.644084346873074,-0.455104141336132
"13651",-0.571601344794531,-0.364219162365198,-1.67098657979265,-0.200292081096712,-1.86347319283305,1.64597172801596
"13652",-0.468956727453326,0.0684183080558247,0.341408921349828,-0.0812367876746776,0.289874714738554,-1.56549250101647
"13654",-0.492122661201853,0.910009710803488,1.08639986584852,-0.1558452299332,1.29794539921657,-0.315291686798925
"13655",0.219321026936581,-0.364219162365198,0.209596296669411,-0.130944880612714,0.324494200492225,-1.03589050066116
"13656",0.721381650516253,-0.364219162365198,-0.52960660343097,-1.00237097064225,0.164652615509705,-1.36869550807902
"13657",-0.820796731138939,-0.364219162365198,-0.524236840036264,0.294418527367879,-0.480481293575206,-1.46241271897175
"13658",-0.829839299337809,0.678186574882064,1.06540808295948,0.321684695711724,0.719987557536584,-0.340147991030309
"13659",1.13086194480389,-0.364219162365198,0.634191841403094,-0.23993391110165,0.610432159182367,-0.910306039301097
"13662",-0.0699507992500117,0.0684183080558247,0.162688037819735,-0.110938681311587,0.228420143937267,-0.920821945053154
"13663",0.869336415504216,-0.973987429191438,-1.09983162943011,-0.286835740525144,-1.10737202765443,0.119081287901486
"13666",-0.321662257606711,0.0684183080558247,-1.75804629764469,-1.10487280557547,-1.70296832104033,-1.23407141908331
"13667",0.569089789020916,-0.973987429191438,-0.725558564402381,-1.79889409459316,-0.736056821648552,0.119081287901486
"13668",-0.900720245142631,2.63214393769067,1.78308289076821,-0.36460769751006,1.70342851804995,1.31841739230413
"13669",-0.419198275696441,-0.364219162365198,-0.98281505764645,0.314179892798089,-0.385410637294576,-0.705673033106383
"13670",-0.17143468723748,-0.973987429191438,-0.597097119068496,-0.33446079932411,-0.25387049794823,0.119081287901486
"13672",2.09116739647847,-0.364219162365198,-1.11325796963222,0.608942001274164,-1.45779807756339,1.56415944794374
"13673",-0.740581297178021,-0.364219162365198,-0.512922480614826,-1.20037931708055,-0.93787801074541,1.64597172801596
"13675",0.590253985919885,-0.364219162365198,-0.325307823069274,0.0523790782736175,-0.134866933024296,-1.08926523258494
"13678",0.591386913372933,-0.973987429191438,-0.931729069785161,-0.289795414558781,0.645728446859578,0.119081287901486
"13680",-0.911396175006938,0.403998001147492,1.34781914312908,0.0339393074750604,1.20634629329885,-1.34697427935897
"13681",-0.750186853865829,0.403998001147492,0.111238465941092,-0.290926964832095,-0.0689666184782293,-0.132699439193039
"13682",0.950087036053384,-0.973987429191438,-2.04433902290047,0.0740342265648338,-2.59373601988992,0.119081287901486
"13684",1.93255755305171,-0.973987429191438,-1.97105886030867,-1.92049255067902,-1.75925880226346,0.119081287901486
"13685",-0.900511730887468,1.11082404530309,1.20305119744359,1.75825377434778,1.93604318346351,3.27528666908351
"13686",0.902100955465378,-0.973987429191438,-1.88966014970592,-0.836438785281353,-1.30418423272032,0.119081287901486
"13689",-0.2906770392896,-0.973987429191438,0.189088341495339,2.54469859696846,0.197946043898591,0.119081287901486
"13690",-0.331420724748304,-0.973987429191438,-1.17787194160138,0.0319800791859007,-1.33697668755499,0.119081287901486
"13692",-0.680153866032,0.0684183080558247,0.593897241909668,0.487793722261909,0.860333675929526,-1.15830275776621
"13694",-0.889606435342483,3.1478894909578,2.72398953472936,2.19869044437468,2.52749817040405,3.44228586402634
"13695",-0.611406716105005,2.15322978255035,1.02216867825854,0.476746332185422,1.06384505213857,1.61146112567043
"13697",-0.539177378116801,-0.973987429191438,-1.28401586773061,-0.454250749021304,-0.606057073689187,0.119081287901486
"13699",0.628662311720771,-0.973987429191438,-0.69980779659883,0.198999501186138,-1.34822984000231,0.119081287901486
"13700",-0.660852396479147,1.5897382004434,0.933573707062354,-0.550648215657073,1.33163415277432,0.11289871142935
"13703",2.26161389912326,-0.973987429191438,-1.62636761522887,2.02605555089034,-2.59373601988992,0.119081287901486
"13704",-0.871959178880584,1.44640373839476,0.95504798191899,-0.0919378868875128,1.02896052854629,2.95948921799029
"13705",-0.850822783882304,0.0684183080558247,-0.012897604530817,0.368898706012181,-0.0626804537953397,-1.66338722331278
"13706",2.10306660997306,-0.973987429191438,-0.642746473642633,-0.139450626737644,-0.55650207623759,0.119081287901486
"13707",1.74913451326065,-0.364219162365198,0.0896746555576445,-0.121147761466704,-0.0881434156321036,0.554295878068953
"13708",1.79095552237103,-0.973987429191438,-0.764104843880056,-1.31064502946177,-0.2045132951625,0.119081287901486
"13709",-0.889995661952119,1.95241544805075,1.78279835080526,0.0127315873200565,1.65846273208043,0.563878875468923
"13710",-0.608835040291337,-0.973987429191438,-1.13965040963817,0.226608237784066,-0.610336374569614,0.119081287901486
"13711",1.26185059989681,-0.364219162365198,-0.865830339244947,0.0473051267305828,-0.783055763192142,1.64597172801596
"13712",1.54124580086389,-0.973987429191438,-0.945092935135437,0.243551214583184,-0.0859885946204035,0.119081287901486
"13715",1.88871395566626,0.678186574882064,0.32800869216238,-0.678313747383625,0.268589289783569,1.16526070321226
"13716",1.77091730244994,-0.973987429191438,-1.35761460841291,-1.17936147515216,-0.793907003413984,0.119081287901486
"13717",-0.60130767567998,0.910009710803488,0.569592500684617,-0.319752916067465,1.21609705489292,-0.545123580572572
"13718",1.54089132663011,-0.364219162365198,-0.705225923563731,0.374625164118434,-0.623320859936934,0.517161702567835
"13719",-0.77196269257994,0.678186574882064,0.300275228074684,-0.0826472239170767,0.329491415208798,-0.526893201480289
"13720",0.240026492474193,0.403998001147492,0.0830074809275972,-0.00151842990179947,0.181481728621622,-0.136728059271057
"13721",-0.561217334887451,-0.973987429191438,-0.264595872449601,0.00586107252273904,-0.167693135449658,0.119081287901486
"13722",0.390170657141359,0.0684183080558247,0.978725849348558,0.482000027091563,0.961605858048988,-0.730985312776656
"13723",1.2491103789064,-0.973987429191438,-1.05613022141095,0.692827112898519,-1.66763293146626,0.119081287901486
"13725",-0.429422424674563,1.2879548417083,0.829078586753813,0.0261119523356068,0.54206934451255,-0.0209867397381602
"13726",-0.539837673258148,-0.364219162365198,0.329740467496376,0.382096061249823,0.745614167741365,0.0582005199347334
"13727",-0.639486635800188,-0.364219162365198,-0.636096305695919,-0.129974421577068,-0.672924908042205,1.64597172801596
"13728",-0.559855041753724,0.910009710803488,0.279851166453619,-0.168813374115212,0.113461954768259,-0.589252314557629
"13730",0.431936062450358,-0.364219162365198,0.0328734377042211,-0.0731582737574189,0.161552309584249,1.64597172801596
"13731",1.27017726915296,-0.364219162365198,-0.13908674538641,-0.173242334059059,-0.264683120350285,1.64597172801596
"13732",-0.642009658287652,-0.973987429191438,-0.316842661062833,-0.260808480064869,0.176928824497386,0.119081287901486
"13735",-0.680133014606484,0.403998001147492,1.13831187288084,-0.270003924024372,0.797106835448322,-0.788378611202425
"13736",-0.872000881731616,-0.364219162365198,0.00757193646581037,-1.73634755310182,0.173878322818154,-1.69567624213283
"13737",1.07918516189951,-0.973987429191438,-0.621163675475162,-0.577626750177393,-0.868491103413878,0.119081287901486
"13739",-0.741165137092475,-0.973987429191438,-0.989027835359912,1.63456409748392,-1.49813891455725,0.119081287901486
"13740",1.48203470287298,-0.973987429191438,-0.594635037493744,-0.234176758049314,0.0567894901841903,0.119081287901486
"13741",-0.208925550315653,0.0684183080558247,-0.0646656610211046,0.0636526113176553,-0.448606383322257,-0.680929927037383
"13742",-0.760153835262584,1.84096642608922,1.19999189687958,-0.726207505000362,0.788309890205822,0.451955900685707
"13743",-0.899872287171637,1.11082404530309,0.508483922103499,0.671442153281259,1.1416451983107,-0.240765771082771
"13744",0.0287807005693149,-0.364219162365198,0.330395608619184,-0.0969316160563361,0.813742934012876,-1.4901596321244
"13745",0.698778705256665,-0.973987429191438,-0.722845723550333,-0.510828880252399,0.173878322818154,0.119081287901486
"13747",2.76889342599539,-0.973987429191438,-1.80809485737839,1.75233269964981,-2.59373601988992,0.119081287901486
"13748",0.031102159276788,0.678186574882064,0.222961022670716,0.712830960686072,0.0813506012769143,-0.866363673331158
"13750",-0.390312100881297,0.678186574882064,0.67740725092845,1.57095071138973,0.203845676642342,-0.88969193412766
"13751",1.96019959281106,-0.973987429191438,-0.733279980029718,0.678584256674019,-0.721015262858195,0.119081287901486
"13752",0.319470423691011,0.910009710803488,0.399636454026259,-0.202393512357505,0.603519038450538,0.92048040028702
"13753",1.95149759789562,-0.973987429191438,0.0203864220046861,0.151669806877184,0.197946043898591,0.119081287901486
"13754",0.590712717281242,-0.364219162365198,-0.771994765394438,0.277668189636763,-0.462608141954054,-1.3284530899916
"13755",-0.890815818022424,1.44640373839476,0.880434443387889,-1.18224275319607,0.870174447060127,3.44228586402634
"13756",-0.902617724864607,2.05617200522099,1.62213071672755,0.80468890052155,1.58582945909385,0.391463107369004
"13758",-0.810225058402213,1.11082404530309,1.22160833484481,0.452671458703437,1.17016927051157,-0.768181485698471
"13759",-0.591535307588043,-0.364219162365198,-0.0758379468546927,0.412842483992621,-0.240567637840134,1.07870450381622
"13760",-0.38195067924929,-0.364219162365198,-0.759916142998299,-1.4636313786283,-0.525175001491411,-1.51235993172127
"13761",-0.421067953517729,-0.364219162365198,0.3228452060676,-0.230746334331745,0.369510148629856,-1.05491887307528
"13762",1.26237883600989,-0.973987429191438,-0.704770818754339,1.02428600634208,-0.281196246724994,0.119081287901486
"13763",-0.291455492508873,-0.973987429191438,0.710557832097522,2.19680201021946,0.464858706275411,0.119081287901486
"13764",-0.220074112491662,0.0684183080558247,0.610917851059877,-1.06158403666111,0.647368995871425,-1.39682603608005
"13767",-0.901894875446711,3.1478894909578,2.6098466909245,1.10407227263452,2.21727288039518,2.72036105800027
"13769",-0.901950479248088,1.5897382004434,1.11308135702113,0.125444471758727,0.82029667525052,-0.232428639029733
"13771",-0.28106453212662,0.403998001147492,1.06393442450207,0.204200354896578,1.0017037898426,-0.591771797812578
"13772",-0.590256420156381,0.0684183080558247,0.361853393350291,-1.19509133130183,0.238312408926773,-1.12593930023921
"13774",-0.109999437191508,-0.973987429191438,-0.608208981808643,-0.201643365044659,-0.5446025028879,0.119081287901486
"13777",-0.91322804224329,3.1478894909578,2.72398953472936,2.37235558790109,2.52749817040405,2.38988137766094
"13778",0.108808471700587,-0.973987429191438,-1.14776801729706,0.0753566984827872,-1.30418423272032,0.119081287901486
"13780",-0.851357970470554,-0.364219162365198,-0.573234714119332,-1.22412077857613,-0.162915925380504,-1.31142363889949
"13781",1.58145429973434,-0.973987429191438,-1.42178270396843,-1.03512468535378,-1.93363755560319,0.119081287901486
"13782",-0.800515244586824,0.910009710803488,0.188057109011432,-0.961222412695088,-0.0502620753274937,-0.78921965765951
"13784",-0.829561280330926,1.72059231212933,1.00846469811674,1.74994238013107,1.39911135250074,0.16091594360937
"13786",2.75174055683248,-0.973987429191438,-0.939522007421501,0.678497171936607,-0.804915513453088,0.119081287901486
"13787",-0.170051542678237,-0.364219162365198,-0.698584981714373,-0.721705733779101,-0.118970935018474,-1.7805121806261
"13790",-0.882211129759395,-0.973987429191438,-0.59921334894396,-1.00192410137122,0.485416764842738,0.119081287901486
"13791",0.350552948660531,-0.364219162365198,0.609063253544069,2.42673918140892,0.844065408838779,0.91505275908837
"13792",-0.261137519808281,-0.364219162365198,-1.07395342529197,-0.250133586279476,-1.09916033797674,-1.58671695005809
"13798",-0.912258033928275,3.1478894909578,2.72398953472936,2.10909635930414,2.52749817040405,3.44228586402634
"13799",0.240297561005904,-0.364219162365198,-0.0399075684519917,-0.0624273347667676,0.0146310239901989,-1.39676054793613
"13800",2.17183461132557,-0.973987429191438,-0.212664401759242,-0.112911476151594,-0.132575607313256,0.119081287901486
"13801",-0.25935819816423,-0.973987429191438,-0.657750639861766,-0.323441001923934,-0.645467440296527,0.119081287901486
"13802",0.460995999144804,0.0684183080558247,1.52273763831441,1.70619067406903,1.42279842601075,-0.913456378040347
"13803",1.63115714768985,-0.973987429191438,-0.788212349892104,-0.156632482718497,-0.892995612256327,0.119081287901486
"13804",-0.620623046183177,1.11082404530309,1.04941362860377,0.0340953580385205,0.99395560401864,-0.256050491556167
"13805",-0.401391158305584,-0.364219162365198,0.20218244159788,1.61448503260945,1.19288112707372,-0.320827497596587
"13806",-0.289995892722737,-0.973987429191438,-0.85188986178295,0.378924624293998,-1.47100839135432,0.119081287901486
"13807",2.7509412521877,-0.973987429191438,-1.52545958971491,-0.17196702752411,-1.79924560807067,0.119081287901486
"13808",-0.870742845725471,0.678186574882064,0.726104355080712,0.249330146097705,0.519137070037919,1.17627748855511
"13809",2.13146625152616,-0.973987429191438,-1.26398328431788,-0.426086714788491,-1.95854384911368,0.119081287901486
"13810",-0.638979251112627,0.0684183080558247,0.599787494626716,0.996625468528567,-0.177338647884086,2.72931773593378
"13811",0.911803818805595,0.0684183080558247,0.0978854639020082,1.45953150957246,-1.32588782058408,1.13262799154302
"13812",-0.501318139854508,0.0684183080558247,-0.241614893426574,-0.255564848948879,-0.128013588211103,0.847959996003479
"13813",-0.529752533783467,0.403998001147492,0.523834726919421,0.0726181944428204,0.254976490009481,0.584506835901065
"13814",-0.000612858933390605,-0.364219162365198,0.642636808504824,0.47157947524675,0.594788207874121,0.699777352382666
"13815",-0.701436221008894,0.403998001147492,1.41337778684111,0.243485110373765,1.41924762610209,-1.20987807792531
"13816",-0.689057424727428,-0.364219162365198,-0.193238238088579,0.108297144049613,-0.28958941386077,0.91753495336665
"13817",-0.632835031060513,-0.364219162365198,-0.522433222760908,-0.181310905620775,-0.473281487088997,-1.81686871463534
"13819",2.09252273913702,0.0684183080558247,0.374739936705862,0.632371753300251,0.78421514229896,2.72931773593378
"13821",0.521499885517718,-0.364219162365198,-0.516747688018241,-1.18731753230469,-0.716066881205846,-0.931449741297676
"13822",-0.870708093349611,-0.364219162365198,-0.110749251632719,-1.17959513826934,0.331977747697912,1.27958781592396
"13823",-0.739823695384265,-0.364219162365198,0.231084902546126,0.297294084152997,0.0813506012769143,-0.231782198396782
"13824",-0.600668231964149,0.678186574882064,0.702833004779812,0.817427940896903,0.50543304553919,-0.866129608620376
"13826",0.840116617880812,-0.973987429191438,-1.09970192383517,0.0202903390169016,-1.18556861786936,0.119081287901486
"13827",-0.35043027434393,0.0684183080558247,-0.466829354392489,-1.58838218856446,-0.793907003413984,0.208456630690929
"13828",-0.702152119951618,-0.973987429191438,-1.01752163950322,-0.336282962161875,-0.179769286429304,0.119081287901486
"13831",-0.762058265459733,0.910009710803488,0.914995359176971,0.588228635844293,0.480329177857422,-0.939975026672534
"13832",-0.731997460340508,-0.973987429191438,-2.1502371892256,-0.0800376783096282,-1.98429458284144,0.119081287901486
"13833",0.670114945647027,-0.973987429191438,-0.520569345332433,-0.357775823893457,-0.918317086918013,0.119081287901486
"13835",-0.671952305328951,0.403998001147492,0.11790857286332,-0.239991990088048,0.0865119386710276,-0.647706519536273
"13837",1.19110171312026,-0.364219162365198,-0.819851208299377,-0.268184624470909,-0.585014899907927,-0.801977033449528
"13838",-0.870200708662049,0.403998001147492,-0.0568416517540779,-1.67418726478979,-0.333005453019523,-1.41819564357549
"13841",1.60145776727957,-0.973987429191438,-1.75468773795738,1.83277605438049,-1.03647952241228,0.119081287901486
"13842",-0.33967788925273,1.44640373839476,1.27046692980497,-0.146860024760087,1.13821789910749,-0.120744865991142
"13844",-0.811128620174583,-0.973987429191438,-0.569570015524693,-0.0349556973987191,-0.529020953491297,0.119081287901486
"13845",-0.278611014390878,-0.973987429191438,-0.68818502058125,0.744774106187552,-0.585014899907927,0.119081287901486
"13846",-0.680501389790604,0.0684183080558247,0.147425218922347,-0.198187013011676,-0.0122253961298853,-1.59703575561631
"13848",-0.00026533517478693,0.0684183080558247,0.453571886521106,3.16639194684713,1.69892671992125,-1.42126640802417
"13849",-0.409794282788623,-0.364219162365198,0.620894322388095,-0.235916347777465,0.717750224852096,-0.954084571174373
"13850",0.369597250632017,-0.973987429191438,0.651119874388537,-0.0966181165022302,0.661976636399648,0.119081287901486
"13851",0.0299136280223632,0.0684183080558247,1.06923288851675,0.671888018303481,1.11067349661632,-1.04856323123011
"13853",-0.351125321861137,-0.973987429191438,0.337688745652459,1.11962322569073,-0.177338647884086,0.119081287901486
"13854",-0.839382301749068,2.88337216333648,1.98971121862916,1.65841368367951,1.33661063201147,1.77097778683985
"13856",0.761611000812224,0.0684183080558247,-0.510678142609213,0.473571895871475,0.17081552069566,2.31279350258952
"13858",-0.351952428406614,-0.973987429191438,-0.991791544674557,0.0631789166963078,-1.25249259842466,0.119081287901486
"13859",2.34040448567391,-0.973987429191438,-1.05077613673841,-1.08499242074652,-0.844752487146739,0.119081287901486
"13860",-0.911048651248334,0.678186574882064,0.447583248820162,-0.149825301993521,0.306740413041542,1.33427146586653
"13862",-0.742339767396556,1.2879548417083,0.919070419022505,-0.185915134990902,1.10306650741002,-0.353310716541203
"13863",1.55217889830956,-0.973987429191438,-0.707290435798477,-0.231203176421938,-0.428076109300152,0.119081287901486
"13865",-0.340789965280262,0.403998001147492,-0.30079146678141,-0.126843373472611,-0.498785164741332,-0.916010048762158
"13866",-0.181227906754934,-0.973987429191438,-1.31503719389411,0.130865897669502,-1.45779807756339,0.119081287901486
"13867",-0.611976655069115,0.0684183080558247,0.270855163847104,-0.124546848764218,0.181481728621622,-1.01109410211799
"13868",-0.852490897923602,-0.364219162365198,1.22212168571162,1.99155829927979,1.21803227606002,1.551520702558
"13869",0.309621600372181,0.403998001147492,1.19355069307703,-0.702121070994484,1.11245235901532,-0.931908455708721
"13870",-0.90122067935502,1.2879548417083,1.10551913014763,0.304911537801734,0.919272604386796,-0.191673841837753
"13871",-0.699976621222758,1.95241544805075,1.79518488141897,0.0269437926107456,1.48891459712093,0.747752724921302
"13873",0.271150720294745,0.0684183080558247,-0.508355561296206,-0.111504004213137,-0.783055763192142,-1.0310544815151
"13874",2.65980662173145,-0.973987429191438,-0.23940643082174,0.568041238643711,-0.593361949810017,0.119081287901486
"13875",-0.389200024853765,0.678186574882064,0.744330225676629,-0.094912943252451,0.914099549904719,-0.708412090508243
"13876",-0.289432904233799,-0.973987429191438,-1.45531174677672,-0.0713998818032871,-1.79924560807067,0.119081287901486
"13877",-0.0615059719159404,-0.973987429191438,-1.49248982553897,0.885708101388726,-0.978579205410554,0.119081287901486
"13878",-0.380324268059025,-0.973987429191438,0.464365875656832,0.797553671869325,0.121691438270774,0.119081287901486
"13880",-0.711201638625659,1.95241544805075,1.22911412231162,0.0548582818836794,1.1693454375705,0.351283428806488
"13881",-0.890982629426554,2.56218371487699,2.60693202844144,1.98721237238634,2.4629151021319,1.57931728110733
"13882",-0.900337969008167,0.678186574882064,0.410589627584449,-0.0191885956245939,0.669176442885856,2.1462186585235
"13883",-0.820053030295527,0.678186574882064,1.07634956016594,0.0130793831210438,0.980335293331949,-0.679154013705378
"13884",-0.852476996973258,0.678186574882064,0.0702612588637571,-0.388494800084351,-0.207032613880708,-0.857230793654329
"13885",0.969680425563464,-0.364219162365198,-0.292248921904526,-0.0337210993402622,-0.585014899907927,1.64597172801596
"13886",-0.210579763406607,-0.973987429191438,-0.893968232304068,-0.236277807740458,-0.862486535407515,0.119081287901486
"13887",1.11887237513206,-0.973987429191438,-0.597449446634673,-0.0145568552805442,-0.746252597514565,0.119081287901486
"13888",0.271115967918885,-0.364219162365198,-0.159427109956004,-0.2323772902731,-0.333005453019523,-0.7043142847285
"13889",0.00129852173892996,-0.973987429191438,-0.452716987166246,0.475440195018612,-0.751402270779913,0.119081287901486
"13890",-0.912153776800694,1.5897382004434,0.787853036001388,-0.0986800491603206,0.565243011778404,-0.195447439704987
"13892",-0.660365863217102,0.403998001147492,-0.109488197528417,0.272266723308132,0.692694541254157,-0.851786434873691
"13893",2.05212657743692,-0.973987429191438,0.104523913920075,0.886326948266889,-0.55251480252931,0.119081287901486
"13894",-0.689516156088785,0.0684183080558247,-0.203439877809796,0.136645399673047,-0.0816972052551916,-1.46357766477975
"13895",-0.642482290599353,0.403998001147492,1.05090077749611,0.195427180455524,0.941847041400079,-0.112817185894744
"13897",-0.421269517297719,-0.973987429191438,-0.692972747756941,-0.0205725041170324,-0.513752622375861,0.119081287901486
"13898",2.33280066583566,-0.973987429191438,-1.25935206377726,-0.419569169694713,-0.821733334724261,0.119081287901486
"13899",-0.761217257963912,-0.364219162365198,-0.510635855341951,0.110128137923546,-0.701412267863089,-1.70424028575506
"13900",0.907828147007167,0.0684183080558247,0.0200423933800832,-0.0914569500443469,0.0656527634140131,0.362817786263863
"13901",-0.201203572399478,0.678186574882064,1.13363337209937,0.0383735273998391,1.12566267280625,-0.699731006039732
"13904",-0.551041839235533,-0.364219162365198,-0.638167177785206,-0.437454407037208,-0.130291172817766,-1.70127410680231
"13908",-0.129898647609159,0.403998001147492,0.976692507042093,0.0493300628481978,1.00221753615722,-0.699707888744892
"13911",-0.351716112250764,1.44640373839476,1.04703114236895,-0.0774393686416508,1.46834354667813,0.258671813373742
"13914",-0.809974841296018,-0.364219162365198,-0.118001929687717,0.0223612552600697,-0.0280093177810612,1.64597172801596
"13917",-0.429373771348359,-0.364219162365198,-0.803246192032736,-0.24465361921511,-0.414691200887788,-1.16301235339309
"13918",-0.430409392148998,-0.364219162365198,0.425452735648575,0.926742541013421,0.805137647496266,-1.51923710621634
"13919",-0.331149656216594,-0.364219162365198,-0.518517536609025,-0.354887700453916,0.139488445949482,0.0526934161888837
"13922",2.59295695152643,-0.973987429191438,-1.17787194160138,0.329966115165866,-1.09103647554054,0.119081287901486
"13923",-0.390430258959222,-0.973987429191438,-0.593745809255156,-0.0695314857739234,-0.572663832698684,0.119081287901486
"13924",-0.909672457164263,0.910009710803488,0.767969711769263,-0.199054695915257,1.05046856234286,2.27284591817314
"13925",-0.000188879947894079,0.403998001147492,-0.0526723670783725,-0.139225535132022,-0.132575607313256,2.59061341838136
"13926",-0.690989656825265,-0.973987429191438,-0.963170120507299,0.104422814407346,-1.00697779885326,0.119081287901486
"13927",-0.180018524074993,-0.973987429191438,-0.598766136260763,-0.133870879511182,-0.462608141954054,0.119081287901486
"13928",-0.819969624593462,0.403998001147492,-0.363755182730691,-0.0931658860174424,-0.844752487146739,0.0763024118489565
"13929",0.769374681579432,-0.364219162365198,0.125834231202527,1.95137048044602,-0.767064143118188,-1.27242527292349
"13930",-0.349227842139161,-0.364219162365198,-0.626646531976061,0.0746411828432738,-0.275651887092121,-0.362321742103434
"13931",0.0309144964471419,-0.364219162365198,0.442036304633502,0.160468139287197,0.461726438343073,-1.43364794146724
"13932",2.02187810948805,-0.973987429191438,-0.702952910277777,0.0365059756945946,-1.28308360094871,0.119081287901486
"13933",0.169430516151426,-0.364219162365198,-0.141514195132298,0.417037182200307,-0.495088934103427,1.01574610481166
"13934",1.71301984426655,-0.973987429191438,0.199955021855886,0.556801627735619,-0.00833013683832771,0.119081287901486
"13936",0.872234763650971,-0.973987429191438,-0.536275715530634,-0.294086428292491,-0.134866933024296,0.119081287901486
"13937",0.768895098792559,-0.973987429191438,-1.24416878276451,-0.0632968231321474,-0.880644545047084,0.119081287901486
"13938",-0.571448434340746,-0.973987429191438,-1.8935048955181,-0.691749957478946,-1.30418423272032,0.119081287901486
"13939",-0.69110781490319,0.0684183080558247,-0.197737426146169,-0.451872850320079,0.579711523467111,-1.46737977712281
"13940",-0.751868868857471,0.403998001147492,0.122400644234122,-0.0986964287109835,0.203845676642342,0.0143434990382001
"13941",-0.709526574109189,0.678186574882064,1.60989267110343,2.18914897332719,1.35877051550688,-1.15114164911439
"13946",-0.130621497027055,0.0684183080558247,-0.207892818224588,1.20992238780455,0.0882246201118883,-1.01901200115872
"13947",-0.271222659282962,-0.973987429191438,-1.70273394125567,-0.0324228485241705,-1.65056313676528,0.119081287901486
"13948",2.68317411925996,-0.973987429191438,-1.60613156833954,0.717586794785704,-1.72127219220646,0.119081287901486
"13949",-0.899635971015787,0.910009710803488,0.996522045015768,-0.240241276619779,1.39330254816079,1.59363130954285
"13950",-0.811705509613865,0.403998001147492,0.0245919105545723,0.15772746574601,-0.151102718421389,-0.938384525315589
"13951",0.838900284725699,0.0684183080558247,-0.0572926634789979,-0.0872323960046256,0.115114999810698,-0.357298517456715
"13952",1.25247440888968,-0.364219162365198,1.23707928941001,0.28675250153961,0.977687769225244,1.64597172801596
"13953",-0.852296284618784,1.11082404530309,1.3015029930287,2.72664175912314,1.4663948495197,-0.701776702614306
"13954",-0.91099999792213,-0.364219162365198,-0.408556338596713,-0.0668404028913554,-0.731009800440554,-0.136965629548932
"13955",0.618459014168165,-0.364219162365198,-0.662415023294688,-0.74250266632757,-0.711150528138066,-1.23265962606727
"13956",-0.871173775186139,0.678186574882064,0.282381597329697,-1.12354975025718,0.158439297451468,-0.807244902985214
"13959",-0.131267891218058,0.0684183080558247,-0.161680028677425,-1.17679926290135,-0.0795605684111332,-1.45146198121418
"13960",-0.711917537568383,-0.364219162365198,-0.940162886884945,0.0348171006324262,-0.772357362428981,0.473213311375306
"13962",-0.709137347499553,-0.364219162365198,-1.19080779404226,-0.221747701245404,-1.14113642618821,-1.59705056736153
"13963",2.16088066245438,0.403998001147492,-0.0694652887833717,0.022579978766665,0.116764455175953,1.6787402342333
"13967",0.53058415656762,-0.973987429191438,-1.79693113448957,0.924404785694917,-1.68509516941918,0.119081287901486
"13969",-0.851927909434664,2.41167084498539,2.07771362198139,-0.286516281231351,1.85228325506203,0.973138223610483
"13971",-0.74054654480216,1.2879548417083,1.10174315711032,-0.00725958962907396,1.17016927051157,-0.0762079681674462
"13972",-0.220011558215113,-0.364219162365198,-1.09646590523799,-0.447432834530685,-0.564539970262489,-1.07129673314138
"13973",1.95043417519429,-0.973987429191438,-0.825688728746245,0.303353775238151,-0.971642409279192,0.119081287901486
"13974",-0.4313546567724,-0.973987429191438,-0.459266055008348,-0.271286379665439,-0.34804701180988,0.119081287901486
"13975",-0.610941034268476,0.910009710803488,1.00794641997558,-1.04081996917521,1.10710322495628,-0.41712081712592
"13976",1.14228852598678,-0.973987429191438,-0.577878786251083,0.779729106166809,-0.711150528138066,0.119081287901486
"13978",-0.780372767538151,-0.364219162365198,-1.06877401259782,-0.408523402356769,-0.170093054972883,1.57570928537275
"13979",-0.190666652038612,-0.973987429191438,0.151986555320742,-0.17029904276682,0.365957964928192,0.119081287901486
"13980",-0.320793448210202,-0.973987429191438,-1.05494196256514,-0.0275958486305773,-0.627698819591003,0.119081287901486
"13982",-0.532157398193005,0.403998001147492,0.782592886397465,-0.116768938152697,0.802470133263184,-1.31119717938208
"13983",-0.630033989566166,1.84096642608922,1.05418332118048,0.316522314831832,0.833236918319596,0.245330782965717
"13984",-0.660699486025362,0.678186574882064,0.198535242341534,1.35546990808797,0.412006845188184,-1.11444474289701
"13985",-0.882753266822817,2.15322978255035,1.87560052096462,0.0974074624432972,1.64470156331054,1.29061807084696
"13986",-0.75176461172989,-0.973987429191438,-0.668795130761388,0.332077695259252,0.0656527634140131,0.119081287901486
"13988",-0.729766357810272,0.910009710803488,1.4376716195926,-0.0582305469923372,1.55073221778861,-0.349136175464491
"13989",-0.2691722691072,-0.364219162365198,0.460805241246819,0.601764296356811,0.91236733958225,-1.37412653702399
"13990",1.20980544180831,-0.973987429191438,-0.692603471274205,0.0513758826958275,-0.55251480252931,0.119081287901486
"13991",-0.802350170032252,0.910009710803488,0.135760628772616,-0.673794882062514,0.701901610313198,0.762408386525757
"13992",-0.621811577437602,-0.973987429191438,-1.83721384869975,-0.225807965831302,-1.37124899242479,0.119081287901486
"13993",-0.499087037324272,1.44640373839476,1.28987106244645,0.511708575298499,0.625760403727103,-5.09091012449978e-05
"13994",-0.890252829533486,0.910009710803488,0.942860094183533,-0.225367445885915,0.652269489625564,0.552601586570156
"13995",-0.771517862168927,0.678186574882064,0.539832237762927,-0.163286286900896,0.607847106554968,-0.602013083097701
"13999",-0.82126936345064,1.84096642608922,1.38730160681047,0.00833814799534184,1.3188791875324,0.166536880844987
"14000",1.18915558007208,-0.973987429191438,-0.106001116362136,0.983779807025296,0.445868369723916,0.119081287901486
"14001",-0.469651774970534,0.0684183080558247,0.854661334417645,1.24133291834027,0.676308644557174,-1.5778234271272
"14002",0.418869169126857,-0.364219162365198,-0.255875527848267,-0.58258536520733,0.60611883755632,1.64597172801596
"14004",-0.491399811783957,1.11082404530309,1.51972819643865,0.43184789847954,1.45062263350912,-0.161528680422843
"14005",-0.830867969663276,0.678186574882064,1.13578981487792,0.725460311839558,1.39452915141032,-0.431755097078915
"14006",0.231317547083583,0.0684183080558247,0.234967369346047,0.647337475368132,0.368327932208774,-1.07279155610598
"14009",1.05948056478667,-0.364219162365198,-0.0318884808172778,-0.137850246811535,-0.0585183946298743,1.64597172801596
"14012",1.85156366587152,-0.973987429191438,-0.647700903524242,0.562668236523901,-0.682302482672064,0.119081287901486
"14013",0.179036072839234,0.0684183080558247,-0.348941662864853,-0.340737564926174,0.120052659000334,-0.853867606061642
"14014",-0.15053460839505,-0.973987429191438,-0.294880487667272,-0.42319403129761,0.761290733310138,0.119081287901486
"14015",-0.399389421456027,-0.973987429191438,0.195697287325625,1.07976403207015,-0.0320070843632701,0.119081287901486
"14016",0.690952470212909,0.403998001147492,1.47516505192098,0.439187733700604,1.27784874674545,-0.691645258574917
"14019",-0.459517982169648,0.0684183080558247,0.556156169474859,0.171681067919885,0.733274903313503,0.0825157675872625
"14020",-0.759424035369516,-0.364219162365198,-0.0968164173410256,-0.143520347419137,0.0847953867603428,-0.202458548556451
"14021",0.629114092606956,0.0684183080558247,-0.110879367072341,0.514847844282692,-0.5446025028879,-0.0922196787784112
"14022",1.33018767178865,-0.973987429191438,-0.408406925375444,-0.199231389675481,0.15999739829978,0.119081287901486
"14023",-0.851420524747102,-0.364219162365198,-0.175595926557787,0.0134921874439794,-0.10120231431295,-1.65991767494884
"14024",0.290598149826211,-0.364219162365198,-0.650452378340834,0.112025362462747,-0.731009800440554,1.64597172801596
"14027",-0.318895968488225,-0.973987429191438,-1.58388660716109,-0.0753274205260469,-1.39498760869193,0.119081287901486
"14029",-0.291267829679227,-0.364219162365198,-0.358307215504763,0.613280175941595,-0.521348424646735,-0.401944215151961
"14030",-0.742506578800685,1.2879548417083,0.972963257050747,-0.747041305552432,1.00221753615722,-0.516027418125674
"14031",-0.852775867405657,2.48880947564202,2.61302075194767,1.58003105284093,2.03872704895006,1.05094782277654
"14032",-0.902054736375669,1.72059231212933,1.16418246575033,0.130770436773773,1.24387319980681,-0.0619543189419761
"14034",-0.701318062930969,0.0684183080558247,-0.0890625474035734,-1.03145635330802,0.0478215714060314,-0.567934521800252
"14035",-0.639604793878114,0.678186574882064,0.559858658828446,0.177014714080762,0.47623442995056,-0.821741512179693
"14036",1.92287554113701,-0.973987429191438,-0.117739459548173,-0.142900464149495,-0.292407873113904,0.119081287901486
"14037",0.840054063604263,-0.364219162365198,-1.30649060191414,-1.41805132154131,-1.6175329808186,-1.44854942040736
"14038",-0.140657983175532,0.0684183080558247,0.632811054062225,-0.110016682740614,0.678671240232443,-0.497850231222336
"14039",-0.59112522955289,-0.973987429191438,-1.27916342091989,0.366224379623728,-1.09916033797674,0.119081287901486
"14040",-0.520605708457016,1.84096642608922,1.31189136802715,-0.211690665396978,1.0353788057101,0.541666756400624
"14041",1.7410580611107,-0.973987429191438,-1.33931174601983,-1.15522133795582,-1.08299858151564,0.119081287901486
"14044",-0.660470120344683,0.403998001147492,-0.0921985899396617,-1.92049255067902,-0.197005090069256,-1.1600640933359
"14045",0.168846676236972,0.403998001147492,0.683624448284362,3.28652261129302,0.231259675831847,-1.08087094375491
"14046",1.92063748813161,-0.973987429191438,-1.26429999974546,-0.602984297623196,0.116764455175953,0.119081287901486
"14047",-0.840473526351084,0.678186574882064,0.487994720327866,0.940619935367952,-0.0260182972512559,-1.19189843836303
"14048",2.1307851049593,-0.973987429191438,-0.466568773572919,-1.50731440383844,-0.237934796738894,0.119081287901486
"14049",-0.760661219950146,0.403998001147492,1.68167839480139,-0.542782963544945,1.72077482556677,-1.22778383457995
"14050",-0.609557889709233,-0.364219162365198,0.0260257143683923,-0.348319799033175,0.423095712159097,-0.274174691101636
"14051",-0.91322804224329,2.76299804937659,2.52901396899098,1.66853677782919,1.7103337828545,1.49979413899331
"14052",-0.730704671958502,-0.973987429191438,-0.957657880932292,-1.69026239278821,-1.12406663148722,0.119081287901486
"14053",0.319393968464118,-0.364219162365198,-0.839598793725229,1.50560476049263,-0.459083430769788,1.26314411525793
"14054",-0.271688341119491,-0.973987429191438,-1.68617840535676,-0.222022553856411,-1.39498760869193,0.119081287901486
"14055",0.138980484422565,-0.973987429191438,0.00287048391142095,1.63902382468331,-0.45557500006472,0.119081287901486
"14056",-0.911319719780045,2.76299804937659,1.9940852203549,-1.03901825814983,1.80452387022473,2.16001570872276
"14057",-0.689849778897045,2.33036057895557,1.77017097911651,0.194031191432016,1.90804645411901,0.979912784191796
"14059",1.74244120566994,-0.973987429191438,-1.12561201847913,0.246974371153709,-0.850617951792726,0.119081287901486
"14060",-0.880827985200152,2.48880947564202,1.76067266456686,0.582870724918447,1.98405981569763,1.03227871705534
"14062",-0.82977674506126,1.84096642608922,2.19968389184385,1.95986417428171,2.01270027190852,0.146814139394116
"14064",-0.630923650388192,0.678186574882064,0.504018473708809,-0.0848274137906783,1.13993348176161,-0.692577970047455
"14066",1.74150289152171,-0.973987429191438,-1.27728405263451,0.185544484206992,-1.63386853293248,0.119081287901486
"14067",-0.289425953758627,-0.364219162365198,-0.540386555273218,-1.08174046624769,-0.0668654445319633,1.41560279942717
"14068",2.28043578588924,-0.973987429191438,-0.822131872126083,-0.602329938396787,-1.27274910279262,0.119081287901486
"14071",-0.890822768497596,1.2879548417083,0.565344157981536,-1.58921638665316,0.70113860281839,-0.0358062018350022
"14073",-0.601974921296499,-0.973987429191438,-1.28542302503607,-0.547933433988893,-0.838931969031563,0.119081287901486
"14075",-0.879222425435403,0.0684183080558247,0.217747655389204,0.192067225994291,0.491477227024571,-1.35922576599622
"14076",0.369075964994111,-0.973987429191438,-1.48258933294961,-1.92049255067902,-1.21353155090597,0.119081287901486
"14077",-0.520557055130812,0.678186574882064,-0.304305860319641,-0.521430912109909,-0.292407873113904,-0.625025573714417
"14078",0.0901047430125334,0.910009710803488,0.306326921560625,-0.167731364631276,-0.18220772800089,-0.578447330782036
"14079",0.320346183562693,-0.973987429191438,-0.539510188419168,0.616398908779778,-0.2045132951625,0.119081287901486
"14080",-0.600028788248318,-0.973987429191438,-2.1502371892256,-0.569597734823304,-1.58587948840637,0.119081287901486
"14081",2.10017521230148,-0.364219162365198,0.199526667032691,-1.25360376226801,0.308022394606972,-0.0835158422314665
"14082",2.72290303534354,-0.973987429191438,-1.13165697512271,-1.22947034010488,-0.964768390444219,0.119081287901486
"14083",-0.881140756582895,1.44640373839476,0.26906051856189,-1.33951468099165,0.44050791065765,-0.414828328775473
"14085",-0.901380540283978,2.41167084498539,1.49021507747059,-0.733075799802827,1.58320488828112,0.921880646856358
"14087",-0.900928759397793,-0.973987429191438,-1.09122899547524,-1.92049255067902,-0.345014776656432,0.119081287901486
"14088",-0.822353637577484,1.95241544805075,2.72398953472936,1.84318452228984,2.52749817040405,0.561745898383534
"14089",-0.359604901571069,-0.973987429191438,-1.24468415554314,-0.490958712834818,-0.821733334724261,0.119081287901486
"14090",2.32263212065891,-0.973987429191438,-1.84231071286886,1.70079578415104,-1.28308360094871,0.119081287901486
"14092",-0.850690724854034,2.05617200522099,1.42344608887493,0.0265534559799545,1.25647129957474,0.473010240049401
"14093",-0.802412724308801,-0.973987429191438,-0.41995392163461,-1.61498997019989,-0.00638997257220581,0.119081287901486
"14096",-0.882829722049709,2.33036057895557,2.72398953472936,-0.441411885051256,2.52749817040405,3.44228586402634
"14098",-0.55960482464753,-0.973987429191438,-1.30565745498079,-1.11066193035466,-1.00697779885326,0.119081287901486
"14099",-0.761307614141149,1.72059231212933,1.19901115219445,-0.471845251575452,1.29690083261068,0.0736425222155272
"14100",0.450938661570812,-0.973987429191438,-1.08917766587325,-1.01233120657077,-1.38302556781499,0.119081287901486
"14101",-0.190221821627599,0.910009710803488,1.73843223127585,2.69091735438373,2.17679813280664,-0.467446309217343
"14102",-0.872132940759886,0.678186574882064,0.349484038947757,0.0275376814625559,0.506420146259278,3.44228586402634
"14104",0.620328691989454,-0.364219162365198,-0.991639868137753,-0.685300995993759,-1.28308360094871,1.64597172801596
"14105",1.46892610669845,-0.973987429191438,0.460902731175953,-0.099661103358936,0.536400856285666,0.119081287901486
"14107",-0.410301667476185,1.11082404530309,1.085152167936,0.195551905920956,1.14887726428736,-0.557629646188225
"14108",-0.619851543439076,-0.364219162365198,-0.156341094353643,-0.0675884965245061,-0.0260182972512559,-0.183691466711397
"14109",-0.199326944103017,-0.973987429191438,-1.32333302269797,-0.176585344629052,-1.13255357896724,0.119081287901486
"14110",-0.890815818022424,1.84096642608922,1.69694977623732,0.808633040196594,1.38434993770682,0.755576660871738
"14111",-0.781262428360176,0.403998001147492,-0.0351579660866596,1.58246126458905,0.113461954768259,-0.893564998103408
"14112",-0.700678619215138,1.11082404530309,1.14728775975856,-0.0259720665096494,1.08624197389851,-0.215646389222717
"14113",-0.890760214221047,0.403998001147492,0.768672185744604,1.28119322239008,0.482368303638336,-1.38375420193566
"14114",1.81266880680859,-0.364219162365198,-0.514854114843838,0.384994635011279,-1.02899597520659,0.21885341177032
"14116",-0.729863664462681,0.678186574882064,0.533340736581627,0.0360285472112453,0.442656635986494,0.916885391287038
"14117",0.51149120126993,-0.973987429191438,-1.70814622145763,0.567041255887785,-1.28308360094871,0.119081287901486
"14121",-0.890767164696219,0.403998001147492,1.10825095938385,-0.0743056303464361,1.26232828394678,1.81797425275303
"14124",-0.0805711253129425,-0.973987429191438,-0.447452309366263,1.81704087722616,1.07091529149428,0.119081287901486
"14125",-0.82090098826652,0.0684183080558247,1.09043431374899,-0.150116581149506,1.07559248544289,0.6875167523747
"14126",-0.850496111549216,0.0684183080558247,-0.0195442103833946,1.11134093683071,0.192000229606818,2.72931773593378
"14127",0.300891803556055,0.0684183080558247,-0.0153852483334371,-0.168772358308159,-0.15580597739401,-1.01762547102328
"14128",-0.320140103544027,-0.364219162365198,-0.103624376359714,-0.345209076063495,0.271282817064315,-1.48115728857506
"14129",-0.910249346603546,0.678186574882064,0.362754429938669,0.175700234436761,0.308022394606972,-0.771131947724054
"14130",2.27040625021594,-0.973987429191438,-0.335346356253192,-1.06959364898199,-0.324121446514673,0.119081287901486
"14132",-0.901304085057085,1.72059231212933,1.31781552248614,-0.044801606843057,1.62753658045759,1.41639068376252
"14133",0.370639821907828,0.0684183080558247,-0.145779525105946,0.1766493301189,-0.0946448010910605,-1.00500829185084
"14135",-0.91049956370974,2.15322978255035,1.53885008919897,0.75261187625914,1.72910444002787,0.499805036236544
"14138",-0.910958295071097,-0.364219162365198,0.238116437553324,0.141478550138968,0.318201091609878,0.0539954976072938
"14139",-0.460915027679235,-0.973987429191438,-0.454848124370522,-0.178711101446298,0.194978954589761,0.119081287901486
"14140",-0.889418772512837,-0.364219162365198,0.211428381146658,-0.319698974231136,0.546760983253138,1.64597172801596
"14141",-0.899761079568884,0.403998001147492,0.193712974670004,0.243252537211478,-0.0795605684111332,0.421617399881301
"14142",2.76889342599539,-0.973987429191438,-0.691259648309877,-0.319228176169286,-0.174915762585035,0.119081287901486
"14143",0.411411309267221,-0.973987429191438,-1.50258129429485,-0.139213216025988,-1.93363755560319,0.119081287901486
"14145",-0.460331187764781,0.403998001147492,1.35291284307352,3.54230622679991,0.493486682951058,-0.488722536792518
"14146",-0.839882735961457,0.678186574882064,1.44617102042644,0.0813843943958031,1.38186156890572,-1.14400909680084
"14147",-0.142555462897508,-0.364219162365198,-0.33110199768183,1.99075041802436,-0.978579205410554,-1.53375316265619
"14148",1.41134837037298,-0.973987429191438,-1.25271395209158,1.24164268948473,-2.3899696981111,0.119081287901486
"14149",1.28219464072548,-0.973987429191438,-0.396135975765721,-0.181807394937609,-0.448606383322257,0.119081287901486
"14150",-0.569557905093941,-0.364219162365198,-0.0767987371890378,0.364606831010698,0.173878322818154,-1.81686871463534
"14152",-0.170385165486497,-0.364219162365198,-0.12480274109361,-0.447790577106654,0.446935936866921,-1.28470067760931
"14154",1.46956555041428,-0.364219162365198,0.510946150164458,0.390018946598004,0.124958427811313,1.64597172801596
"14155",1.74072443830244,-0.973987429191438,-1.48203895907673,0.071550785211738,-2.06723951461186,0.119081287901486
"14156",-0.830124268819864,3.1478894909578,2.72398953472936,1.81858201161306,2.52749817040405,3.44228586402634
"14157",-0.730301544398522,-0.364219162365198,-0.437119536578714,-0.807414029155027,-0.283983676998887,-1.72502594489749
"14158",-0.521620477832139,-0.973987429191438,-0.290855327177514,-0.475060365864895,0.518166368439726,0.119081287901486
"14159",-0.730746374809534,1.72059231212933,1.52825618602306,-1.71106712683222,1.82147856023057,0.0467380493186351
"14161",1.2313380138914,0.0684183080558247,0.343315202613187,-0.657251742806048,0.10010646525448,-0.757478804642276
"14162",0.811008027860161,-0.364219162365198,-0.752594244799572,-0.552272555895807,-0.772357362428981,-0.953318457173571
"14163",-0.051281822937818,0.403998001147492,1.00280284000283,1.11034448221411,0.619836120457863,-0.298744260708867
"14164",-0.220220072470275,-0.364219162365198,0.669630956861861,1.32838941997807,0.730342181920395,1.64597172801596
"14165",1.83145594119871,-0.973987429191438,-1.47049744602198,-1.46632243798285,-1.5120764413259,0.119081287901486
"14167",-0.531358093548216,0.403998001147492,-0.206400957003169,-0.584512762091735,-0.746252597514565,-1.19451777647942
"14171",0.0582229133982249,-0.973987429191438,-0.564656300253387,-1.2315566847782,-0.649975310484224,0.119081287901486
"14173",-0.8205326130824,0.403998001147492,-0.388408066481003,-0.211768783150411,-0.731009800440554,-0.781945527658036
"14174",-0.590909764822556,-0.973987429191438,-1.38051788881103,-1.43513955356669,-1.08299858151564,0.119081287901486
"14175",-0.330114035415954,0.0684183080558247,1.22976080096679,0.176439614875071,1.02098592619284,-1.40774377019882
"14176",2.05141762896937,0.403998001147492,-0.185751030638462,-0.00105327654881303,-0.480481293575206,1.26702836323263
"14177",-0.0612418538594016,0.403998001147492,-0.225814660185265,-0.38398076906442,-0.498785164741332,0.625702138764528
"14178",-0.840598634904181,1.11082404530309,0.653582017558922,-1.46345438301178,1.01039056884798,0.490195491433475
"14179",-0.520362441825994,-0.364219162365198,-0.0248722554555282,-1.5851453429701,-0.160538540349862,1.64597172801596
"14180",-0.82012948552242,2.88337216333648,1.54900605331775,0.0711828131567726,0.455422884346938,1.7357093663812
"14184",-0.260386868489697,-0.973987429191438,-0.384679996275941,0.0153320007086772,-0.856529062536934,0.119081287901486
"14185",2.39143487438728,-0.973987429191438,-1.06520087371113,1.52092286485802,-2.59373601988992,0.119081287901486
"14188",-0.620713402360414,0.910009710803488,0.859193584793847,0.629679171360283,0.819643839888279,-0.621462493456118
"14189",-0.902277151581176,2.15322978255035,1.53246517827672,-0.0691260450926903,1.74607341613007,0.52717535163543
"14191",-0.90956124956151,1.95241544805075,1.53787520258279,-0.0345087318645483,1.69108748464317,1.36079079453849
"14193",-0.249064544434387,-0.364219162365198,0.136252375985765,0.102609259084932,0.0916384411267037,-1.51139660820999
"14194",-0.880056482456052,2.63214393769067,2.26651293726024,0.0601789554827892,2.04551950051778,1.73720301716746
"14195",1.09171686863476,-0.364219162365198,0.27649221917495,2.48566420918515,0.49748971670728,0.448105807308844
"14196",0.140919666995574,-0.973987429191438,-0.631088618214367,1.32082991147298,-0.772357362428981,0.119081287901486
"14198",-0.742416222623449,0.403998001147492,-0.0250715567433246,-0.0412376556139431,-0.232696335305586,-0.858284463163565
"14199",1.2605091581886,-0.973987429191438,-1.11762048293173,1.93914819705441,-1.98429458284144,0.119081287901486
"14201",-0.320744794883997,1.11082404530309,0.0272149790853494,0.0957400043409942,0.305456264135157,-0.487753249794705
"14204",-0.901324936482601,-0.973987429191438,-1.28775553599457,-1.73104388465228,-1.28308360094871,0.119081287901486
"14205",-0.760070429560519,-0.364219162365198,-0.359995932074163,0.0507440492682469,-0.498785164741332,-1.67470276172341
"14206",1.46948214471221,-0.973987429191438,-0.649300643103861,-0.148785983949612,-0.270147704331226,0.119081287901486
"14208",0.0198215380725101,-0.973987429191438,-1.28163998818953,-0.239991990088048,-0.93787801074541,0.119081287901486
"14209",-0.819865367465881,0.910009710803488,0.866799544913267,0.291862467122963,0.425294190965103,-0.818507822329007
"14210",0.130000470500244,0.910009710803488,0.797423199885489,0.00368385398438072,0.49748971670728,-0.544889503328845
"14211",-0.390777782717826,1.44640373839476,0.930812430079984,0.0844985901871596,0.870174447060127,0.331705381888013
"14212",-0.0302010317409142,-0.973987429191438,0.322714550283986,2.245437180257,0.813084439045574,0.119081287901486
"14214",-0.619782038687356,0.678186574882064,0.270273766508457,-0.254127017247867,0.488453040293619,-0.703654132595444
"14215",-0.810697690713914,0.910009710803488,0.745678858466386,-0.137190800848271,0.937944634812352,-0.953252122443004
"14216",-0.891858389298235,0.403998001147492,0.768171119078676,0.613173883014033,0.310579884892495,3.18275584997741
"14217",-0.910603820837321,2.33036057895557,0.839165871230932,0.0868567937672215,0.423095712159097,0.801758766866125
"14218",-0.499462362983564,-0.973987429191438,-1.19114588510725,-0.323310231895809,-0.682302482672064,0.119081287901486
"14219",-0.882454396390417,-0.973987429191438,-1.70868941088485,-0.432542708017685,-1.22308606552899,0.119081287901486
"14220",1.55090696135307,-0.364219162365198,-0.110228995346699,0.571606039480654,-0.281196246724994,-0.861395749309547
"14221",-0.501005368471764,1.44640373839476,1.28186108097309,-0.0542488996740203,1.30107050765913,-0.0556371265911407
"14222",0.848915919448659,-0.973987429191438,-0.0467285482976177,-0.130768983247188,0.326996917409499,0.119081287901486
"14223",-0.00054335418166987,0.0684183080558247,0.259347758405162,-0.140913135479928,0.299002751251434,-0.905576126780325
"14224",0.179710268930925,0.403998001147492,0.274644645770756,-0.844445346480514,0.153745725994674,-0.788926821769168
"14226",-0.640237287118773,0.678186574882064,0.921091120467304,0.701800898594911,0.902476157105692,-0.667848559457709
"14227",-0.662020076308056,1.5897382004434,1.26199480720107,0.0325622708361356,1.16022380735081,0.412666545794981
"14229",-0.409412006654159,0.0684183080558247,0.625829622115266,0.873265885327218,0.330735598774795,-1.44781815119926
"14231",0.911310335068377,0.0684183080558247,0.203169488050016,-0.00710778509160376,0.0277113405367219,-0.159417775957727
"14232",-0.499941945770437,0.678186574882064,0.856669369669763,-0.0527459162300753,1.20908914759761,-0.546748630838505
"14233",-0.431862041459962,0.403998001147492,0.579617848868262,0.966926836721472,0.413123045091048,-1.09832538775965
"14234",-0.702923622695718,0.403998001147492,0.034532884449906,-1.44350323823133,0.66758237326153,3.09905339056462
"14235",-0.17110106442922,0.678186574882064,1.20973302061047,0.908048337331926,1.21609705489292,-0.255601386514734
"14236",-0.118805689234528,-0.364219162365198,-0.318515351688571,0.671517516388645,-0.18220772800089,-1.78653657668925
"14237",2.76889342599539,-0.973987429191438,-1.23316556675315,-0.0475083674983108,-1.75925880226346,0.119081287901486
"14238",2.34105783034008,-0.973987429191438,-1.30843789541169,-0.0171892049911967,-0.957956022832623,0.119081287901486
"14239",-0.491399811783957,1.72059231212933,0.98060897436282,0.15606555153244,0.700374828096208,0.493042275791685
"14240",-0.621130430870738,-0.364219162365198,0.171120651314213,0.15277195050229,0.0442045460129851,-1.48132758074656
"14241",0.911025365586322,-0.973987429191438,-1.00121210824089,0.162314751906073,-0.751402270779913,0.119081287901486
"14242",1.42146826222352,-0.364219162365198,-0.777969522663307,-0.0710113964520642,-0.880644545047084,-0.58606343460877
"14243",-0.84025806162075,1.5897382004434,1.04953448023085,-0.0169443588056677,0.857232104052849,-0.194755594334949
"14245",1.2726307868887,-0.364219162365198,0.700168974135512,-0.20177168841452,0.687271757099176,0.752324050491202
"14246",0.180363613597101,0.0684183080558247,0.585973738788565,0.063317971513962,0.540184544793061,-0.569087810662659
"14247",1.8603560169642,-0.973987429191438,-1.36659202390331,-1.13854195644343,-1.60154136074464,0.119081287901486
"14248",2.26095360398192,-0.973987429191438,-0.715926107538923,0.846164769858306,-1.02158543938148,0.119081287901486
"14250",-0.851642939952609,0.0684183080558247,0.796649734405788,-0.0967612864734668,0.844065408838779,0.29767040688963
"14251",-0.909206775327735,0.678186574882064,1.13721478320081,0.816961940194155,1.09674421492794,2.4225135024202
"14256",1.68106155942535,-0.364219162365198,0.240820642324123,-0.0218184238498994,0.0369184095957622,-0.776791842554874
"14257",-0.282148806253464,0.678186574882064,1.19783005878974,0.5363588806919,1.10036339460274,-0.74492605998998
"14258",-0.832021748541841,1.44640373839476,2.35714698327536,2.19479223806901,2.19388980747183,-0.230196807226783
"14259",0.491091556639889,-0.973987429191438,-1.47348679839077,0.300200205429735,-1.32588782058408,0.119081287901486
"14261",-0.419420690901947,-0.364219162365198,0.391241804648682,0.216778165080375,0.0221330493902648,1.64597172801596
"14262",-0.841543899527583,1.2879548417083,1.05885008914808,-0.0202016865220394,1.08347820894318,0.182801848671746
"14264",0.621371263265265,-0.364219162365198,-0.634890697354678,0.062786978314921,-1.30418423272032,-0.582718774118262
"14265",0.169645980881761,-0.364219162365198,-0.255177531642929,-0.100252714386728,-0.134866933024296,1.00627067749049
"14267",0.701517192474463,0.0684183080558247,0.609193537082631,0.465694166246605,0.22414084305684,-0.0367112244737756
"14270",2.39323504745685,-0.973987429191438,-0.315523633336713,-0.108134057910947,-0.525175001491411,0.119081287901486
"14271",1.33096612500793,-0.973987429191438,-1.52749201088166,-0.58651910755094,-1.13255357896724,0.119081287901486
"14272",-0.189248755103509,-0.364219162365198,-0.412225455725764,-0.395224744656892,0.316936188907556,-1.41218973396493
"14273",-0.410774299787886,0.403998001147492,-0.210238450722173,0.0424332224203179,-0.303787470179979,-0.655245255256539
"14276",0.0611282120201524,0.0684183080558247,0.359732436367669,-0.0735866332160191,0.481349425018482,-1.0372907006859
"14277",-0.771788930700638,0.0684183080558247,1.44558142559869,0.0149853621153946,1.222656788958,-1.07459529059682
"14280",1.04161784359444,-0.973987429191438,-1.38307535913107,-0.12430229213884,-1.5262744976451,0.119081287901486
"14282",-0.892748050120261,2.15322978255035,1.34389578821044,0.301951748336357,1.44719983884508,0.538441617593479
"14284",-0.618808972163265,-0.364219162365198,-0.16000702746449,-0.00156672032108364,-0.677599223699442,0.258323680492529
"14285",-0.711660369987016,0.403998001147492,0.799222259682848,1.60789796583223,0.23971513120393,-0.333049171340919
"14286",-0.689863679847389,0.0684183080558247,1.52797161829557,-0.140034244034483,1.81973000076316,-1.19519323189676
"14287",-0.841182474818636,0.0684183080558247,-1.15730989743145,0.0616004137165967,-0.312435463753509,-1.03137730551035
"14288",1.21061864740345,-0.973987429191438,-0.433819441238722,0.425738966565622,-0.560510391065478,0.119081287901486
"14289",-0.840480476826256,0.910009710803488,0.190226624475992,0.0472613132706593,-0.227493754026619,-0.626755039031753
"14290",-0.811413589656638,0.678186574882064,0.957395070260075,0.245280919855621,0.638301809668319,-1.14848598379985
"14291",-0.909999129497351,1.72059231212933,1.38337575858472,-0.150424521752195,1.47333164565106,0.487021025599192
"14292",-0.850530863925076,1.44640373839476,1.57013202703277,1.15305074096801,1.09173951705646,0.083729706719769
"14293",-0.892004349276849,0.403998001147492,0.304120726953435,-0.0965482644345649,0.444799300022862,-1.42125755336099
"14295",-0.521912397789366,-0.973987429191438,-1.20714553192246,0.690353936451214,-1.16748267064598,0.119081287901486
"14297",-0.749304143518975,0.403998001147492,0.485929461320168,0.144650401456934,0.595665820793486,-1.04833981711109
"14298",-0.841092118641399,3.1478894909578,2.72398953472936,0.624766447960606,2.52749817040405,3.37639092086412
"14299",-0.842294550846168,1.44640373839476,1.40065781619532,0.47277809775165,1.28637539078912,-0.371286255396639
"14300",-0.739232904994638,-0.973987429191438,-2.1502371892256,-0.300821963086842,-1.88614872439592,0.119081287901486
"14301",0.248874447368245,-0.973987429191438,-0.100226207402141,1.16601244695689,0.325746589724359,0.119081287901486
"14304",1.30133624934937,-0.973987429191438,-0.521425776631119,0.226391416934023,-0.788462005923606,0.119081287901486
"14305",-0.211497226129321,0.0684183080558247,0.776922641133052,-0.0596850137306995,0.770404327332625,0.813667273780797
"14306",-0.410795151213402,-0.364219162365198,0.874658421336563,1.47464147318538,0.760585137442203,1.32996644949855
"14307",-0.0389099771315243,0.910009710803488,1.16973330431886,-0.132159929810326,1.25352578392155,-0.647189609025917
"14309",-0.841238078620012,1.44640373839476,0.970758167060525,0.0902285811903501,1.07792032636141,-0.338027518627147
"14311",1.50217717992165,-0.973987429191438,-0.695350629829917,-0.214260824570919,-0.751402270779913,0.119081287901486
"14312",-0.459330319340002,0.910009710803488,0.659388783733799,-0.00648351452908149,0.714756826309181,-0.676397482982339
"14314",0.140822360343165,-0.973987429191438,-1.47348679839077,-0.253409368751369,-0.217194289143012,0.119081287901486
"14315",-0.480320754359669,0.910009710803488,1.01457246519677,0.327954147591839,0.721475459867815,-0.254853520372266
"14317",-0.279577130439796,-0.973987429191438,-0.28936711098941,0.152339462558645,-0.33003255725888,0.119081287901486
"14320",1.14221207075988,-0.364219162365198,-0.340695651422745,-0.221827490891244,-0.146428402764151,-1.02459874553897
"14321",-0.819649902735547,0.678186574882064,0.617032216864843,-0.469218350862197,1.37214139877251,-1.05444898272993
"14323",0.22048870676549,-0.364219162365198,-0.146567301352308,-0.120659066908503,-0.0903043670105585,-1.00492805845415
"14326",1.50016154212175,-0.973987429191438,-1.1244974349102,0.248591894582206,-1.01424650405576,0.119081287901486
"14327",0.709934217907846,-0.973987429191438,-0.691681003826186,0.394327978079002,-0.788462005923606,0.119081287901486
"14329",-0.752112135488493,1.11082404530309,1.5874097652145,0.0408787348604426,1.56138351822432,-0.553476253084495
"14331",0.319880501726164,-0.364219162365198,-0.3671408087898,-0.140577684443024,-0.338986380749598,1.64597172801596
"14332",-0.700428402108943,0.0684183080558247,0.12344886785143,0.703629383849119,0.121691438270774,-0.449592921346296
"14333",-0.2495093748454,-0.973987429191438,-0.456074051267309,0.470547917431283,-1.44481359219607,0.119081287901486
"14334",-0.759695103901227,1.2879548417083,1.03782528897654,-0.196259087734689,1.12216232607154,-0.487605292732132
"14335",-0.761224208439084,-0.364219162365198,-0.381113242964673,-1.026274967563,-0.0380434649844348,-0.384244131376044
"14336",-0.760383200943263,0.403998001147492,0.661082597578885,-0.0439307376280055,1.13434361183302,-1.06110359536366
"14338",0.689847344660549,-0.364219162365198,-0.169774857190747,0.0218338338099039,-0.12347880520617,1.26728762223168
"14339",1.5018157552127,-0.973987429191438,-0.697310933751049,0.202609006376597,-0.645467440296527,0.119081287901486
"14340",1.2621772722299,-0.973987429191438,-1.37906003504776,0.220802967049785,-1.44481359219607,0.119081287901486
"14341",-0.471855075600082,1.2879548417083,0.903126566633141,-0.112167958900275,0.959435645437767,-0.116195223494304
"14342",-0.711041777696702,0.403998001147492,-0.0645057441615678,0.63842344093121,-0.0968243546588802,-0.639765847396447
"14344",0.349670238313678,1.2879548417083,0.170741739104456,-0.461024582686917,0.14427066886398,0.110648695925318
"14345",-0.539434545698168,-0.973987429191438,-1.55213074362899,-0.0296146242442831,-1.55549248048465,0.119081287901486
"14346",0.281305364521147,-0.364219162365198,0.284244130081841,-0.105488592478777,0.324494200492225,-1.39096901365724
"14348",1.67976877104334,-0.973987429191438,-0.467290584069318,0.236775077082087,-0.580875522376374,0.119081287901486
"14349",-0.822096469996117,-0.973987429191438,-1.3863752482653,-1.62248256056601,-1.14981736521499,0.119081287901486
"14350",1.82078696180957,-0.973987429191438,-0.771037012666494,-0.198931025256509,-0.580875522376374,0.119081287901486
"14351",0.720790860126627,-0.973987429191438,-2.1502371892256,1.20868686210121,-2.59373601988992,0.119081287901486
"14352",0.649166213478393,0.403998001147492,0.329206828085895,0.247315947492693,0.235499169054571,0.182962260842753
"14353",1.2294961379708,-0.973987429191438,-1.70273394125567,-0.245680505483645,-1.37124899242479,0.119081287901486
"14354",-0.870423123867555,-0.364219162365198,-1.21995273014637,-0.0285362285043247,-0.476872859723761,1.64597172801596
"14355",2.7323973844286,-0.973987429191438,-1.1677145422442,-0.188865213404985,-1.09916033797674,0.119081287901486
"14356",-0.128849125858176,-0.364219162365198,-0.02527090627332,0.155608717542392,-0.26741049813593,1.64597172801596
"14357",-0.49211571072668,-0.973987429191438,-0.958531536254724,-1.34662527265687,-0.746252597514565,0.119081287901486
"14359",-0.73103134429159,0.0684183080558247,0.191056759110559,-0.136230399841711,-0.0461673274206313,0.678168283126518
"14360",-0.609224266900974,0.403998001147492,0.884318450105926,-0.0335379303705686,0.804471646666917,1.52900858946046
"14362",-0.701776794292326,-0.973987429191438,-1.28293507272853,-1.67302371454508,-1.06717355293204,0.119081287901486
"14364",0.160686818384956,1.2879548417083,1.34742720466071,1.27543397346155,1.21919104653221,2.04112191077269
"14367",-0.841140771967603,2.24440155006565,2.09609054761653,-0.0591966158405795,1.8349809130358,1.37442863105773
"14368",2.27299877745512,-0.973987429191438,-1.26424720538195,0.04643902602197,-1.79924560807067,0.119081287901486
"14371",2.02998931401386,-0.973987429191438,-1.6182134330378,0.354802207255111,-1.84145501647971,0.119081287901486
"14373",2.66091869775898,-0.973987429191438,-1.83986452904839,0.0318945259915119,-2.34655365895235,0.119081287901486
"14375",0.930222578011593,-0.973987429191438,-0.921359040000619,-1.80806944667966,-0.576758580605547,0.119081287901486
"14377",0.990358089200387,-0.364219162365198,-0.130433345697065,1.32464777583753,-0.445145904001139,-0.184450940390054
"14379",-0.482246035982334,-0.364219162365198,-0.600863073265428,-1.02824381678963,-0.227493754026619,-1.68419996550627
"14381",-0.402364224829675,-0.973987429191438,-1.04460707663172,-1.79451619332525,-0.751402270779913,0.119081287901486
"14382",-0.662228590563218,-0.973987429191438,-0.132514709013429,-1.49414711310683,0.863422634628314,0.119081287901486
"14383",-0.541950617710459,0.0684183080558247,0.44876467910972,0.14990287305228,0.552352963581127,-0.45181329747675
"14385",-0.832084302818389,0.0684183080558247,-1.0469150622806,-0.297891086570229,-0.687035045627916,2.72931773593378
"14386",2.0428476930822,-0.973987429191438,-1.33360632439359,0.104007730400947,-1.49813891455725,0.119081287901486
"14387",-0.600584826262084,0.0684183080558247,0.71660209716305,-0.470727293838919,0.531644585909372,0.426169103879933
"14388",-0.821213759649264,1.2879548417083,1.22734018035611,-0.0886067333952411,1.20908914759761,-0.576263975757618
"14389",-0.271465925913985,-0.364219162365198,0.301679970692842,0.25924061813201,0.465899931794469,-1.01612116129514
"14390",-0.821331917727189,1.44640373839476,1.53042633484419,-0.15313488376763,1.28070160980695,-0.39304068459855
"14393",1.2586186289418,-0.973987429191438,-1.93666749689506,-0.367846441372886,-2.53744553866678,0.119081287901486
"14395",-0.901714163092238,1.44640373839476,1.29308317971322,-0.718237717641656,1.10351609244665,-0.426982334576581
"14396",-0.271827350622933,-0.364219162365198,-0.3233349270124,-1.16310820818128,-0.424707705122757,-1.81686871463534
"14397",-0.89954561483855,2.48880947564202,1.05719137140006,0.568401954077564,1.18887492634574,2.43883485913947
"14400",0.569034185219539,-0.973987429191438,-0.188892235003855,0.248941002821786,0.106813563113678,0.119081287901486
"14401",-0.881251964185648,1.95241544805075,1.41829422202226,0.210758126163668,1.84875308342251,0.299273734625129
"14403",0.380071616716334,0.403998001147492,0.586950231721698,1.65953525636724,0.208240523409368,0.168027245234426
"14404",-0.590583092489468,0.910009710803488,0.572043582344747,-0.29333727708357,0.561582407598479,-0.875083795203529
"14406",0.268328827374883,-0.973987429191438,-1.25505992331247,0.0596860623481185,-1.23276229698541,0.119081287901486
"14407",0.149420098131022,0.910009710803488,0.899605187069958,0.549224907038991,0.969153141264548,0.238702820860951
"14408",-0.820442256905163,1.11082404530309,1.05279078868865,0.3256962109545,1.06715268864399,-0.221247183464693
"14409",-0.212671856433402,0.910009710803488,0.861230584273698,0.856203888590442,0.862805847020562,-0.707637491374616
"14410",-0.00116889694715663,1.44640373839476,0.345299347356871,-1.31092264905255,0.275305283113844,0.589700376365067
"14411",2.18247578881402,-0.973987429191438,0.316945077911777,1.6944999749751,-0.529020953491297,0.119081287901486
"14412",-0.499775134366307,-0.364219162365198,0.0517047280640381,-0.0462752898645963,0.52300751865303,1.63918466430041
"14413",2.7018083431963,-0.973987429191438,-1.46637098405829,-1.37038209081453,-1.33697668755499,0.119081287901486
"14414",-0.00993344613914336,1.11082404530309,0.598672188323179,-0.220301478432042,1.40487607122216,-0.306247027495296
"14415",-0.911750649240714,1.95241544805075,1.72155998425401,-0.70550289471369,1.53866326243514,0.27800429462841
"14416",-0.701874100944735,-0.364219162365198,-0.319587659344971,0.75307352374249,-0.144101987784101,1.64597172801596
"14418",-0.890489145689336,0.0684183080558247,0.810878683747328,-0.206026082943394,1.11334023041648,-0.156089122908249
"14419",-0.820310197876894,0.910009710803488,0.308222193255757,-1.4280559331533,0.153745725994674,-0.943113769404977
"14420",0.0676477577315589,-0.973987429191438,-0.512752883070285,-0.387319117326477,-0.125742812537189,0.119081287901486
"14421",-0.350749996201845,-0.364219162365198,0.0964805184689034,0.57164189947861,-0.0585183946298743,-1.2528644891426
"14422",-0.91322804224329,0.910009710803488,1.46031973242201,0.0360815526835655,1.51550372764434,-0.549192861705304
"14423",1.25989751637346,-0.973987429191438,-0.824140381470513,1.88087360760488,-0.899247284561434,0.119081287901486
"14424",-0.750430120496851,-0.973987429191438,-0.664655188475902,3.47461474548637,-1.58587948840637,0.119081287901486
"14426",-0.690635182591489,1.5897382004434,1.50138360769315,0.0843588828542456,1.45939411888241,0.189365288366947
"14427",-0.421220863971515,-0.364219162365198,-0.565672866846659,0.1624778375776,-0.414691200887788,1.64597172801596
"14428",-0.851135555265047,0.678186574882064,0.433030309181023,-0.844560113829916,0.0621198551974726,-1.0354633137258
"14431",2.10251752243447,-0.973987429191438,-0.353576181200974,0.470038961390192,-0.838931969031563,0.119081287901486
"14432",-0.828942688040611,0.910009710803488,0.933526114066566,-1.28524844609112,1.23674099813549,1.95567198512396
"14434",-0.709199901776102,0.910009710803488,0.527403358882732,2.19754752459815,-0.0523177569535507,3.21322962943349
"14436",0.0609335987153343,-0.973987429191438,-1.71669762638842,-0.730043107129681,-0.844752487146739,0.119081287901486
"14437",2.73357201473268,-0.973987429191438,-1.99802192140915,-0.455010613389045,-1.41949211753438,0.119081287901486
"14438",2.14077293778157,-0.973987429191438,-1.3962310508352,-0.280405755226513,-1.18556861786936,0.119081287901486
"14439",2.27225507661171,-0.973987429191438,1.07226390865982,1.80600281808559,0.218397345769016,0.119081287901486
"14440",-0.84213468991721,0.678186574882064,0.9725583266063,0.997701977236163,0.302881434899348,-1.17058936139968
"14441",-0.91322804224329,0.403998001147492,0.709563747137024,0.702829047507714,0.0933396151798098,-1.03826571548568
"14442",1.12127723954159,-0.364219162365198,0.648194899261523,0.360025567523508,0.152174734954389,-0.87665537441932
"14443",-0.389436341009615,0.403998001147492,0.555339499096302,-0.232577172345333,0.657138569742368,-1.27554173825945
"14446",-0.91322804224329,0.403998001147492,0.275149680916247,-1.78696970631042,0.639130586506908,-0.994880426289631
"14447",-0.739031341214648,0.678186574882064,0.391086193359298,-0.133941288951109,0.280635648127127,-0.785955848938895
"14448",-0.831347552450149,-0.364219162365198,-0.538962932319969,0.00889038045276162,-1.00697779885326,-1.81686871463534
"14449",-0.74054654480216,0.403998001147492,0.166915137370453,-1.8151186517363,0.478284563171421,-1.39165610410643
"14450",0.881416341353282,0.0684183080558247,-0.331357063705666,-0.503252681872142,-0.37275077928338,-0.621195598502539
"14451",-0.32082125011089,-0.364219162365198,-0.0954104695475387,-1.25564607867451,-0.0320070843632701,-1.09812935959864
"14452",-0.820616018784465,-0.364219162365198,-0.843390393777653,-1.61990248630505,-0.924781584637011,-0.443007691455946
"14453",0.9800505345202,-0.973987429191438,-1.47396337920957,-1.38013255133587,-1.57053403927501,0.119081287901486
"14456",-0.87144484371785,1.44640373839476,1.17563726174542,-1.91665327679609,1.50999669442723,1.60847131252929
"14457",2.18301097540227,-0.973987429191438,-1.51795420741393,0.501727019121968,-1.13255357896724,0.119081287901486
"14459",0.630024604854498,-0.973987429191438,0.767553313846827,1.1766324495215,0.49748971670728,0.119081287901486
"14460",0.179327992796461,0.0684183080558247,-0.419045368282932,0.447244430279573,0.609571452124594,-1.09251443954499
"14461",0.558462512482813,0.0684183080558247,0.878479678130733,-0.541539842055228,0.503454987397324,-0.288128426632943
"14462",-0.261721359722736,1.72059231212933,0.829082742891378,-0.900027787866727,0.67156129224595,0.492020367165293
"14463",0.0587998028375072,0.0684183080558247,-0.256046239158195,1.87906846696729,-0.59757012620917,-0.193044747665355
"14465",1.54121104848803,0.0684183080558247,0.297712114579274,-0.907584639329499,0.00705416418415578,1.11669795829054
"14466",-0.631292025572312,1.11082404530309,0.942229999981182,0.627987779098667,0.710244492857436,-0.692606920469521
"14467",-0.750847149007176,0.403998001147492,-0.158613153045888,-1.16072857381349,-0.270147704331226,-1.20591749929743
"14470",-0.80994703939533,-0.364219162365198,-0.369756011159876,-0.638994330930186,-0.540677047653986,-1.75024457040842
"14472",0.110643397146015,1.2879548417083,0.774132792365515,-1.11460767825701,0.801801788391898,0.0292569923733837
"14473",-0.181339114357687,-0.364219162365198,-0.925617367443002,0.698915753230649,-1.13255357896724,-1.53693182858444
"14474",-0.460859423877859,-0.973987429191438,-0.228512126407983,0.0162313254429406,-0.783055763192142,0.119081287901486
"14475",-0.209530241655624,0.0684183080558247,0.203293896425782,0.199140494516044,0.095036987723484,-1.26130707711734
"14476",1.65004853920755,-0.973987429191438,-1.08470811642501,-0.574314388952792,-0.964768390444219,0.119081287901486
"14477",-0.730155584419908,0.403998001147492,0.488617059800995,2.36388886481946,0.45647711615699,-1.13910394875399
"14479",1.61273838848385,-0.364219162365198,-0.679652207366429,-0.0686664677140959,-0.918317086918013,-0.873762245740954
"14480",-0.812477012357965,-0.973987429191438,-0.782368922405863,0.167592848574745,-0.767064143118188,0.119081287901486
"14481",0.721332997190049,-0.364219162365198,-0.104902313335511,0.153801330424021,0.163104044336812,-0.993645340695637
"14482",-0.741019177113861,0.910009710803488,0.846453730786746,-0.271761149984537,1.07512605994637,-0.246411044591728
"14483",1.89243245988332,-0.973987429191438,-1.36462169873677,-0.235449696633618,-1.05938298312831,0.119081287901486
"14484",-0.42113745826945,-0.973987429191438,-0.665063146712544,0.249266010003843,-0.476872859723761,0.119081287901486
"14485",-0.540504918874667,-0.973987429191438,-1.2240653009734,-1.81623030665784,-1.30418423272032,0.119081287901486
"14487",-0.660553526046748,0.910009710803488,0.392676286799273,-0.923150030782459,0.448002005669582,-0.898599919976236
"14488",-0.249036742533698,-0.973987429191438,0.317935238143319,0.256597748639597,0.53545198183721,0.119081287901486
"14489",1.1499479496264,-0.973987429191438,-0.365862916880388,-0.219304192195424,-0.209560316370498,0.119081287901486
"14491",0.829454588966849,-0.364219162365198,-0.617954018076956,0.08714586695244,-0.788462005923606,-1.4905343234359
"14493",-0.852365789370504,0.678186574882064,0.981434943710594,0.0756408458900895,0.89600665390791,0.144840439815738
"14494",-0.669338926664251,-0.973987429191438,-1.35008050740011,0.0802000050552173,-1.09916033797674,0.119081287901486
"14495",-0.420421559326726,-0.364219162365198,-1.44802057448056,0.120776781560962,-1.39498760869193,-0.182779417342588
"14496",2.19328377770659,-0.364219162365198,-0.241904717524439,0.49954957100651,-0.687035045627916,0.0660482348667464
"14497",2.16993018112842,-0.973987429191438,-0.344868843755179,-0.149921735020718,-0.391820581639959,0.119081287901486
"14498",-0.500358974280762,0.678186574882064,0.819362611527756,-0.702347191492975,0.776650287675382,-1.03988634501347
"14499",-0.660859346954319,0.0684183080558247,0.0917426757146539,-1.63458141539946,0.173878322818154,-1.34133673584134
"14500",-0.0418778300300004,0.0684183080558247,-0.580475301413085,1.20817557053326,-0.918317086918013,-0.0966140783216975
"14501",0.910914157983569,-0.364219162365198,-0.868601259674593,0.354612262984702,-0.677599223699442,-1.11538068120117
"14502",-0.730426652951619,1.72059231212933,0.997372872845344,-1.69715877825419,1.00324398752587,0.343995393942868
"14503",-0.891260648433436,0.910009710803488,1.30793671340784,0.175291565322537,1.23333906904759,0.170907250843201
"14504",-0.45192111280657,0.403998001147492,-0.0587448915950621,-1.22816544753053,-0.187108221755028,-0.91599070499118
"14505",-0.752077383112633,1.2879548417083,1.72210260840938,-1.04326950611666,1.47056452456814,-0.502481751082635
"14506",-0.750944455659585,0.678186574882064,0.820761843844357,-1.1693422783756,0.439431264272983,-1.15423764230925
"14507",-0.690607380690801,0.910009710803488,0.524448623033589,-0.30092371532895,0.310579884892495,-0.466323979442095
"14508",-0.703722927340506,-0.364219162365198,-0.81536995885908,-1.4965112711803,-0.844752487146739,-0.0921282056109421
"14511",-0.812685526613128,0.678186574882064,0.491884472570874,0.0440282495359357,0.521074759602036,0.524724326338776
"14512",0.950691727393355,-0.364219162365198,-0.793530966935119,-0.513972252957102,-0.886794974580004,0.712451124227869
"14513",0.080450532998521,0.0684183080558247,-0.379795465399132,0.850736204105439,-0.0668654445319633,-1.01855311833738
"14514",-0.311834285713397,0.0684183080558247,0.258575404704689,-0.304797484484883,0.271282817064315,-1.4079132627223
"14515",-0.750353665269958,0.910009710803488,0.868172048905931,0.152446885726937,0.784899135048656,-0.0827414659487206
"14517",-0.591347644758397,-0.364219162365198,-0.643590850801665,-0.0170556981792992,-1.10737202765443,-0.828677575441516
"14518",-0.281238294005922,-0.973987429191438,-1.16785541501132,-0.620848909514521,-0.264683120350285,0.119081287901486
"14520",-0.909721110490468,-0.364219162365198,-0.807601132298196,1.55326378303966,-0.751402270779913,-1.7808078426879
"14522",-0.681036576378853,0.403998001147492,0.245459984249373,1.35109656174187,0.216954659870525,-0.514950345939915
"14523",0.159769355662242,-0.973987429191438,-0.902328346066181,0.0892725612367181,-0.341994598135824,0.119081287901486
"14524",-0.610593510509872,1.44640373839476,0.770195880419299,-0.792621305806244,0.400753692740865,-0.235003433116954
"14525",-0.730336296774382,1.44640373839476,1.45104843488129,-0.257291933866291,1.44174867133294,-0.298544170935065
"14527",-0.900775848944007,3.1478894909578,2.02912723030489,-0.866420212437106,1.26451306176333,3.44228586402634
"14528",-0.552487538071325,-0.973987429191438,-0.56368608537822,0.0976905655437172,-0.264683120350285,0.119081287901486
"14529",-0.321578851904646,0.0684183080558247,-0.183317706820972,-1.92049255067902,-0.146428402764151,1.38357299193554
"14530",-0.669874113252501,0.910009710803488,1.13217054758644,-0.380911876242403,0.958348209465047,-0.573028487941584
"14532",1.4409365431805,0.403998001147492,0.209490475036769,-0.286742885784988,-0.24852136388919,0.183948089907758
"14533",-0.68048748884026,1.11082404530309,0.816160236006355,0.62363655982989,1.76172741564537,-0.627860807809432
"14534",-0.900775848944007,2.41167084498539,1.48573524353189,-0.879849342218108,1.24200278788603,1.26161895039428
"14535",-0.321662257606711,0.0684183080558247,1.13007669271076,-0.873739407386748,1.16189045398154,-1.0188230844886
"14536",1.6714421017872,-0.973987429191438,-1.18407495687819,-0.77624384593305,-1.74002805618402,0.119081287901486
"14537",-0.349707424926034,-0.973987429191438,-0.583449506346709,0.771544224738147,-0.899247284561434,0.119081287901486
"14538",-0.279486774262559,-0.364219162365198,-0.511206916735487,0.109305993714804,-0.706265791707357,-1.46625056530982
"14539",-0.769627332922122,-0.364219162365198,-0.243936347050942,-0.121423644394975,0.0621198551974726,1.64597172801596
"14540",-0.829853200288153,0.0684183080558247,0.226778261659179,-0.382579010029159,0.0314075711746263,-1.50257264721449
"14541",-0.33937901882033,1.2879548417083,0.574328848342831,-0.346651456936507,0.368327932208774,-0.0343560870282836
"14542",0.932481482442518,-0.973987429191438,-1.59619700066795,0.121732098159236,-2.26652456146208,0.119081287901486
"14543",-0.64073077085599,2.24440155006565,1.32095498829706,1.2015196695032,0.40752557025958,0.849981979548927
"14544",-0.681745524846405,-0.364219162365198,0.838886646313567,-0.0365327816128396,1.03143551899676,-1.81686871463534
"14546",-0.871034765682698,0.678186574882064,1.04480167939909,-1.19604242408591,0.91236733958225,-0.68086010862218
"14547",-0.890259780008658,1.2879548417083,1.4025512454639,-0.590126636845098,1.44232432418142,3.44228586402634
"14548",0.580509419728635,-0.364219162365198,-0.0841224904297366,2.63504054228638,-0.327071251764538,-1.33614110342722
"14549",2.19129594180738,-0.973987429191438,-0.752934678427588,-1.43645448028101,-0.804915513453088,0.119081287901486
"14550",-0.820657721635498,-0.364219162365198,0.0380698652724192,-0.169896584295211,-0.0102752695202859,1.33848881867293
"14551",-0.741172087567647,-0.364219162365198,-1.11396145858504,-0.000210796395496866,-0.992645790695733,-1.43732318441535
"14552",0.590309589721261,-0.973987429191438,-1.21695648985372,-1.92049255067902,-1.11567346435145,0.119081287901486
"14553",-0.731052195717106,0.678186574882064,0.141900825406748,-1.02293154528675,0.169279475890676,-1.04318188923474
"14554",-0.822548250882302,0.403998001147492,0.944794438446844,-0.586821883497187,0.984026392077878,2.5822416880342
"14555",-0.352001081732819,-0.364219162365198,-0.689339944585817,-0.145834121170041,-0.886794974580004,-1.66613317310613
"14557",-0.0715077056885566,-0.973987429191438,0.0710754406373606,1.16680750458905,0.194978954589761,0.119081287901486
"14560",-0.852004364661556,2.69899376934858,0.929588348954116,0.576613341797966,0.881095026661351,1.49795277576475
"14561",-0.170280908358916,0.0684183080558247,0.330578345724342,-0.203029470021537,0.716255000162156,-0.2238105495108
"14562",-0.890252829533486,2.41167084498539,1.59261150519826,-0.515825829145835,1.15813534329876,1.37933648429853
"14565",0.0313662773333269,0.403998001147492,1.19767068057467,0.320013804054906,1.03340972127046,-1.08821344648946
"14566",0.180676384979844,-0.973987429191438,0.562149204312382,3.60538899270724,0.536400856285666,0.119081287901486
"14567",-0.359486743493144,-0.364219162365198,0.616822501500815,1.09312555600018,0.0332489633424048,-0.251852666208715
"14569",-0.911889658744155,-0.973987429191438,-0.950305052247855,0.0202385217883992,-1.21353155090597,0.119081287901486
"14570",1.88220136043003,-0.364219162365198,-0.984655176876929,-1.0352251005027,-1.07504485546659,1.64597172801596
"14572",-0.891747181695482,1.11082404530309,1.11544194166161,-0.641217764738863,0.971830528235502,-0.595236497079386
"14573",0.871206093325504,1.44640373839476,0.673681382867643,-1.07900615575645,0.229841236769392,0.808182946274723
"14576",2.76889342599539,-0.973987429191438,-2.1502371892256,0.76623924783664,-2.59373601988992,0.119081287901486
"14577",-0.800883619770944,0.403998001147492,0.14232194465762,-1.11487087639546,-0.08383986929156,-1.38116086977986
"14578",-0.89284535677267,-0.973987429191438,-1.19526239023696,-1.10917991545456,-0.375896017306257,0.119081287901486
"14581",-0.760793278978415,-0.973987429191438,-1.35572461177533,-0.946233324289754,-0.452082700132501,0.119081287901486
"14582",-0.520285986599101,-0.973987429191438,-1.51458466307053,0.0245320028139373,-1.27274910279262,0.119081287901486
"14583",-0.87084015237788,0.678186574882064,0.255878952507343,-1.89260843892465,0.488453040293619,-0.384126498723535
"14584",0.768074942722254,0.403998001147492,0.293438381021725,-0.6586063202757,-0.0260182972512559,3.44228586402634
"14585",-0.421290368723235,-0.973987429191438,-1.25349520021978,-1.3870443739035,-1.10737202765443,0.119081287901486
"14586",1.84254194909817,-0.973987429191438,-0.91511619779379,-0.464842727278408,0.0899334484978847,0.119081287901486
"14587",-0.740324129596654,1.44640373839476,0.64324639212849,-1.63349733647047,0.486430205816574,-0.148508520229275
"14589",2.76889342599539,-0.973987429191438,-2.1502371892256,-0.397096250339067,-2.59373601988992,0.119081287901486
"14591",-0.771344100289625,0.403998001147492,0.495257416919087,-1.0378659107936,0.861570767240781,-0.706929996361711
"14592",-0.57226859041105,0.0684183080558247,-0.213224119477717,-1.81838145520498,0.0239970353495126,2.72931773593378
"14593",-0.710812412016023,0.0684183080558247,-0.130300104202941,-1.67485330190595,-0.134866933024296,-0.943517027716473
"14594",-0.85121201049194,-0.364219162365198,-0.565695471473539,-1.1152430690887,-0.580875522376374,-1.81686871463534
"14595",-0.730579563405405,0.910009710803488,0.722772579462777,-0.102850799685104,0.688825078493697,-0.692233387119715
"14597",-0.811073016373206,-0.364219162365198,0.148546556999681,-0.0124310403411444,0.273966826560975,-1.40795441713399
"14598",-0.480828139047231,-0.973987429191438,-0.970085008461867,-1.59178642913197,-0.55650207623759,0.119081287901486
"14600",2.13290499988678,-0.973987429191438,-0.500528307694262,-0.197828428133993,-0.868491103413878,0.119081287901486
"14601",-0.819656853210719,-0.973987429191438,-1.00021538012464,0.589474486783472,-0.645467440296527,0.119081287901486
"14603",1.82236471967364,-0.973987429191438,-0.0751025145822211,3.50465715695502,0.0108520415824635,0.119081287901486
"14606",-0.91322804224329,3.1478894909578,2.3176165706065,-1.57554720781335,2.08935444757687,3.44228586402634
"14607",-0.769940104304866,2.05617200522099,2.56002813815469,2.8866133654271,2.52749817040405,1.26132436901494
"14608",-0.882655960170408,0.403998001147492,0.743574394409655,1.89271523322073,0.0778901219557972,-1.40277887473656
"14609",-0.200411218229861,0.403998001147492,-0.151337184217718,2.53428154590504,2.18593270350453,-0.875833329044777
"14616",1.50231618942509,0.0684183080558247,-0.474321126857136,2.40457606591888,-1.00697779885326,0.481196819570463
"14618",-0.831312800074289,0.0684183080558247,-0.219881443501345,0.738323425552112,-0.303787470179979,-1.57825777576905
"14619",1.53329445726703,-0.973987429191438,-0.498213308392234,0.0673873328777622,-0.721015262858195,0.119081287901486
"14620",1.1311330133356,-0.364219162365198,-0.4608766599507,-0.187275874889619,-0.462608141954054,-0.34563913092378
"14621",-0.91247349865861,0.678186574882064,0.74505314654393,0.0503109201299472,0.700374828096208,-1.17065217230969
"14622",0.920644823224474,-0.973987429191438,-0.668487753671462,-0.232977754049544,-0.751402270779913,0.119081287901486
"14623",-0.601189517602055,0.678186574882064,0.167750537956081,-1.16599730969124,0.0442045460129851,-0.407705507789577
"14624",-0.350889005705287,-0.364219162365198,-0.955877040539548,-0.0818540890077487,-0.672924908042205,1.64597172801596
"14625",1.03956745341868,-0.364219162365198,0.179659849682198,-0.109084720786395,-0.12347880520617,-1.32316452335767
"14626",-0.689884531272905,0.403998001147492,1.11153729432363,0.243305124972722,0.962688643545549,-0.788351417862343
"14628",-0.011108076443224,-0.364219162365198,-0.0603342915560105,0.484240742996804,-0.281196246724994,-1.23128238189397
"14629",-0.882676811595924,-0.364219162365198,0.229020525286458,-1.21526171276222,-0.0320070843632701,0.796870956670434
"14631",-0.419928075589509,0.0684183080558247,0.272400829667638,0.327703958154511,0.345508976571231,-1.32550413433861
"14632",1.70294165526704,-0.973987429191438,-1.51137137115422,-0.307282803429234,-1.06717355293204,0.119081287901486
"14633",1.7395150556225,-0.973987429191438,-0.608447040973007,-0.0905316240380976,-1.06717355293204,0.119081287901486
"14636",-0.562100045234305,-0.364219162365198,-0.140083831006552,0.184863997548272,-0.37275077928338,-1.62584424603468
"14638",-0.41946239375298,-0.973987429191438,-0.401711232613023,0.472492749616771,-0.654510093489157,0.119081287901486
"14639",-0.401502365908338,0.910009710803488,1.16664125192479,-0.0832991589942836,0.977687769225244,-0.762821199391746
"14640",-0.680918418300928,0.910009710803488,0.880168867748283,0.0880634433052058,0.608709768654747,-0.100749767866445
"14641",-0.709936652144342,-0.973987429191438,-1.5411219345071,-0.194363856951167,-1.11567346435145,0.119081287901486
"14642",-0.339796047330655,-0.973987429191438,-1.65454212649627,1.1364914082449,-1.2425633864839,0.119081287901486
"14643",0.779696137209963,-0.364219162365198,-0.0340192810631183,0.217145852923957,0.550493540627566,-1.44743865119366
"14644",-0.248619714023374,-0.364219162365198,0.114144722063469,0.642802354221004,-0.321183052532201,-1.62081303569346
"14645",0.641840412647026,-0.364219162365198,-0.15746945518541,0.0781754665072161,-0.0260182972512559,-0.953458478109382
"14646",-0.910735879865591,3.1478894909578,2.72398953472936,2.40105959400417,2.52749817040405,3.44228586402634
"14647",1.09038932787689,-0.973987429191438,-0.91968964955054,-0.909241225877,-1.10737202765443,0.119081287901486
"14649",-0.880834935675324,0.403998001147492,0.545070998150356,-1.03209904062585,0.708734405089264,-0.775352346477492
"14651",-0.251691824049431,-0.364219162365198,-0.0829266820507392,-1.19781380469488,-0.105605653585019,-1.17931279635031
"14652",-0.150972488330891,-0.973987429191438,-1.51408399348946,-1.71194167487909,-1.5120764413259,0.119081287901486
"14653",-0.911382274056594,1.11082404530309,0.806362365159049,-0.935356810559611,0.662779993319812,-0.667157077157018
"14655",-0.842454411775125,0.403998001147492,0.808742910349342,0.896593781958748,0.770404327332625,-0.815154596503846
"14656",0.770034976720779,-0.364219162365198,-0.747814691239511,-1.78946731677664,-0.899247284561434,-0.89902441348438
"14657",-0.750840198532004,0.403998001147492,0.13125375822415,-1.15552689335894,0.126586668300212,-1.25518548075643
"14658",-0.87211208933437,-0.364219162365198,-0.881966636678698,-0.897143744563692,-1.60154136074464,-0.875597139139795
"14659",-0.840709842506934,1.44640373839476,1.03060709252105,-0.718239754235831,0.840896551938963,-0.114868020949055
"14660",-0.0597336007470613,-0.364219162365198,-0.762926411982738,-0.773004911131382,-0.414691200887788,1.64597172801596
"14661",-0.660372813692274,-0.973987429191438,-1.5598800598696,0.440228098982421,-1.8200571536743,0.119081287901486
"14662",-0.640508355650484,0.403998001147492,0.0205084621416058,-1.52893455190513,0.289874714738554,-1.17863388451317
"14664",-0.730072178717843,-0.364219162365198,-0.105251186032335,-1.19458555824314,0.124958427811313,1.64597172801596
"14665",-0.318986324665462,0.678186574882064,0.766558479768645,0.107131283914678,0.477260188239075,-0.721250694795262
"14666",-0.680848913549207,-0.973987429191438,-1.07521141790935,-0.33790622993345,-0.677599223699442,0.119081287901486
"14667",-0.820365801678271,2.88337216333648,2.09136702183054,-0.165015603974757,1.97455348985699,1.76384746768338
"14669",1.49154990338355,0.0684183080558247,0.456347394231127,-1.02558370544676,0.507405965861915,0.0990049463371406
"14670",1.88084601777148,-0.364219162365198,-0.501510497045478,-1.91433281285692,-0.144101987784101,1.64597172801596
"14672",1.42207295356349,-0.364219162365198,0.0469055180617731,-0.459579600291223,0.106813563113678,-0.745889179126039
"14673",-0.891684627418933,0.678186574882064,0.720784089949346,0.273358949378243,0.708734405089264,-1.19191520592619
"14675",-0.760925338006684,-0.973987429191438,-0.158475273942021,-1.25292539511282,-0.121221525990064,0.119081287901486
"14676",-0.611010539020197,0.910009710803488,1.03654372565574,1.4203031699491,1.40124028974247,-0.461169020546421
"14680",-0.672522244293061,2.24440155006565,2.72398953472936,2.16542492218497,2.52749817040405,0.78436594960029
"14681",-0.211657087058279,0.0684183080558247,-0.30507972577936,1.61715657651702,-1.2425633864839,-0.623926679788918
"14682",0.950879390223001,-0.364219162365198,-2.1502371892256,0.395668725494454,-1.2040957289775,1.64597172801596
"14684",-0.670256389386965,0.678186574882064,0.417729460905158,-1.92049255067902,0.556058209451419,-1.10449784180722
"14687",0.140266322329399,-0.973987429191438,-0.115472577270906,0.969822311033498,0.133064949763364,0.119081287901486
"14688",-0.850781081031271,2.63214393769067,1.68173448082357,-0.0922703656510442,1.67473840867751,1.27805117608458
"14689",1.16140928318516,-0.973987429191438,-1.52401092500826,-0.877177472789875,-1.2425633864839,0.119081287901486
"14690",-0.481801205571321,-0.364219162365198,-0.584628323834913,-1.05318199409715,-0.649975310484224,-0.816702251020628
"14691",-0.620609145232833,0.678186574882064,0.882879180054701,0.558178091720741,0.442656635986494,-0.228446985262778
"14692",0.449221894203309,0.403998001147492,-0.165133546358961,-0.874316814759501,-0.300926548164244,-0.60888382869905
"14693",1.72128395924615,-0.973987429191438,-1.1747878666293,0.175689684849087,-1.84145501647971,0.119081287901486
"14696",-0.881342320362885,1.11082404530309,0.868988119474294,-0.178795333983867,1.07652447807173,-0.794358393343903
"14697",1.25970985354381,-0.364219162365198,-1.1035585694839,-0.890547794862182,-0.589176959073393,1.64597172801596
"14698",-0.910833186518,0.678186574882064,0.428452928870001,-1.26367782332833,0.320724595250593,2.73041635406072
"14699",1.2199878879354,-0.973987429191438,-1.55100826059659,-0.363496672519647,-1.23276229698541,0.119081287901486
"14700",-0.601495338509626,0.0684183080558247,0.91374002342149,0.0600087115284227,0.912945182057597,-1.12644875394958
"14701",-0.820838433989972,1.44640373839476,1.02935660604872,-1.00562438792177,0.643260960454006,-0.109209396135904
"14702",-0.91322804224329,2.33036057895557,1.23726135132388,-0.77495222747703,0.981919389624991,0.807361989086247
"14703",-0.779448354340265,-0.973987429191438,-0.674683001841227,-0.295815974874412,-0.580875522376374,0.119081287901486
"14704",-0.810920105919421,1.44640373839476,0.597010164241356,-1.74654360114923,0.737652862967573,1.10430374269957
"14705",1.06078725411902,-0.973987429191438,-1.14639426272769,2.74900535749116,-1.03647952241228,0.119081287901486
"14708",-0.899121635853053,0.0684183080558247,0.364590077892907,0.920724394963575,0.344288777277164,-1.66287238628839
"14709",-0.772066949707521,1.95241544805075,1.57839047991866,0.353963713648799,1.39636535028328,0.368153366027778
"14710",-0.781742011147049,0.403998001147492,-0.154185000262954,-1.59898157572214,-0.0380434649844348,2.3989492171407
"14711",-0.821811500514062,1.72059231212933,1.12567581940486,-0.935728248764255,0.679457141903392,0.660448468756993
"14712",-0.630819393260611,0.0684183080558247,0.195455116205434,0.809203200146147,-0.170093054972883,0.275179553303737
"14713",-0.832431826576993,1.72059231212933,1.07256083175163,-0.984299803795935,1.0685658497906,-0.0204693711471773
"14714",-0.680918418300928,-0.973987429191438,-1.23729372413541,-0.176820183290755,-0.411381505467356,0.119081287901486
"14715",-0.68052224121612,0.403998001147492,0.149628435524553,-0.49048170720894,0.21115635768952,-1.24850500201004
"14716",-0.492574442088037,-0.364219162365198,-0.702659213547193,-1.2736506226077,0.172348465509023,-0.791676041849372
"14719",-0.910951344595925,0.678186574882064,0.644053265990088,-1.15563450578797,0.724442549176645,-0.709482258304271
"14720",-0.870631638122718,0.0684183080558247,-0.0703691155987346,-0.044103208539316,-0.445145904001139,-0.397092764576964
"14722",0.549378241432911,-0.973987429191438,-1.13992273777734,-1.20267063464476,-0.91190714257263,0.119081287901486
"14723",-0.821985262393364,0.910009710803488,0.361655472814033,-1.61619039109632,0.405274979287989,-0.967900145553981
"14725",-0.680744656421626,-0.973987429191438,-0.0806280597959833,-0.337733440869756,0.302881434899348,0.119081287901486
"14727",1.82057149707924,-0.973987429191438,-0.813749217542171,0.434475003063467,-1.39498760869193,0.119081287901486
"14729",2.76889342599539,-0.973987429191438,-0.686848382123976,-1.59728281204148,-0.525175001491411,0.119081287901486
"14730",-0.911757599715886,1.2879548417083,0.793843612486889,-1.66993530417171,0.762699961724028,-0.129010992869231
"14731",-0.451879409955538,0.0684183080558247,-0.528806468666256,-0.907284197031566,-0.327071251764538,-0.85278439110969
"14732",-0.841662057605509,1.2879548417083,1.08492677216769,-0.0153937879997485,0.963769887709922,-0.437767861673933
"14733",-0.762044364509389,1.84096642608922,2.12744157622455,1.12109892202055,1.71194946843515,0.166114612968094
"14735",-0.890697659944498,3.1478894909578,1.75058988656052,0.616710734373662,1.32595444465102,2.44129965674943
"14737",-0.889912256250054,0.0684183080558247,0.392019420363724,1.5685811358399,-0.10120231431295,-1.62906359147211
"14738",-0.499017532572551,1.11082404530309,0.491659117688219,0.3170386100438,0.319463891397345,-0.347290648574958
"14739",-0.882669861120752,1.11082404530309,1.3874007796017,1.50514463014314,1.72316405080446,-0.772449468654777
"14740",1.04842930926307,0.0684183080558247,0.571413026398018,-0.158513663351494,0.472117488179733,0.196636235234893
"14741",-0.809231140452606,0.910009710803488,0.543749736541293,0.286959695884191,0.574318076684085,-0.967755547504238
"14744",-0.76087668468048,1.11082404530309,0.345082447325847,0.981764621453946,0.351580742693018,-0.721647344820497
"14745",0.201110781985745,0.678186574882064,0.43047172970168,-0.0609758398222076,0.734006317811242,-0.137704420663725
"14747",1.57060460799073,-0.973987429191438,-0.649200568290763,-0.0250916485983747,-1.16748267064598,0.119081287901486
"14748",-0.633140851968084,0.678186574882064,0.552756740238545,-0.184988345369583,0.858474252975966,-1.11268475953091
"14752",-0.490252983380564,-0.973987429191438,-0.5082712270917,1.72632903794602,-0.315340147588534,0.119081287901486
"14753",-0.0510872096329999,-0.973987429191438,-0.205583043627745,0.00915182554858244,-0.473281487088997,0.119081287901486
"14754",-0.480286001983809,-0.364219162365198,-0.102915267286343,-0.210570715538684,0.158439297451468,-1.68395880652323
"14755",-0.830332783075026,1.72059231212933,1.59318854905608,0.159557929681055,1.31071164757701,0.14857863391342
"14756",-0.773123421933676,-0.973987429191438,0.0178305226522307,0.0507733202409013,0.0405702142124694,0.119081287901486
"14757",-0.171094113954048,-0.973987429191438,-0.445652763667581,0.203843445948493,-0.682302482672064,0.119081287901486
"14758",0.522111527332861,0.403998001147492,0.591538167300836,0.136101897830967,0.046015211702848,0.202730713526325
"14759",-0.880647272845678,0.0684183080558247,0.666700240948098,-0.182527119186613,0.277975141388863,-1.23848079133955
"14760",2.05006228631082,-0.973987429191438,-1.71541837178445,-0.0507231799837007,-1.72127219220646,0.119081287901486
"14761",-0.340226976791324,-0.364219162365198,-0.853427201901221,0.263113567295715,-0.91190714257263,-1.75040026023896
"14762",1.71315190329482,-0.973987429191438,-0.721533616517537,-0.308054197360908,-0.110034668449809,0.119081287901486
"14764",-0.460219980162028,-0.973987429191438,-0.784577466699058,1.09335564082759,-0.55251480252931,0.119081287901486
"14765",-0.63369688998185,0.0684183080558247,-0.859185638499375,-1.19071793584743,-0.81048018227694,-0.692544193354765
"14766",-0.842294550846168,0.910009710803488,1.01199367982518,-0.0194336760398615,0.932897613604355,-0.957336828218093
"14768",-0.750888851858208,-0.364219162365198,-1.0864079429797,0.868253843997489,-1.5262744976451,-0.851585016729997
"14769",-0.899976544299219,1.2879548417083,2.19590832406415,-0.739956199041932,2.20861459348927,-0.546118757826903
"14770",1.40037357007627,-0.364219162365198,0.158157591476024,-0.11738869384642,0.164652615509705,-0.583644606205188
"14772",0.199032589909294,-0.973987429191438,-1.35184013845206,-0.217244222091071,-1.18556861786936,0.119081287901486
"14775",-0.341596220400222,0.0684183080558247,0.276410915490261,-0.116640693411063,0.827441074111655,-1.54196562695385
"14776",-0.411705663460944,1.72059231212933,1.03332620031221,0.18020023368478,1.57285729357175,0.585830087919283
"14778",0.349030794597847,-0.364219162365198,0.00876562435857245,0.134938070798646,-0.192040537120089,-1.4138048630904
"14779",1.88147851101213,0.0684183080558247,-0.515662074210248,-0.78560635649238,-1.16748267064598,1.7594029393871
"14780",-0.380511930888671,-0.364219162365198,-0.394188011867969,-0.136537305167982,-0.18220772800089,1.64597172801596
"14782",2.27244273944136,-0.973987429191438,-1.05510575844344,0.694332730927206,-0.93787801074541,0.119081287901486
"14784",-0.66106091073431,-0.364219162365198,-0.750809273345762,0.0438589906221102,-0.385410637294576,-1.79860118230085
"14785",-0.821137304422371,-0.364219162365198,-1.8308868085666,0.386445794223801,-1.16748267064598,1.64597172801596
"14788",-0.852727214079452,-0.364219162365198,-0.0512307981890639,0.231232972494148,0.0496236455542931,1.64597172801596
"14789",-0.639159963467101,-0.973987429191438,-1.06524233288068,0.679437363726442,-0.924781584637011,0.119081287901486
"14790",-0.759465738220549,0.403998001147492,0.0245919105545723,-0.16391665759839,0.43402502154152,-0.947885652590595
"14792",-0.288995024297958,-0.973987429191438,-2.1502371892256,-1.92049255067902,-2.59373601988992,0.119081287901486
"14793",-0.711660369987016,-0.973987429191438,-0.944555628498684,-0.152466372211759,-1.10737202765443,0.119081287901486
"14794",-0.899886188121982,1.11082404530309,0.49507039308741,-0.142327156447276,0.405274979287989,-0.644332522961162
"14795",0.740335596310502,-0.973987429191438,-1.39902437970881,0.191813294262361,-2.34655365895235,0.119081287901486
"14796",-0.912119024424834,2.33036057895557,1.97598771607933,-1.10621051746885,2.06541317018334,0.800147254117736
"14798",-0.399778648065663,0.0684183080558247,-1.17081932312153,-0.294528163062788,-0.731009800440554,-1.36357071393822
"14799",-0.411997583418171,-0.973987429191438,-1.25011513114877,-0.498565701010348,-0.751402270779913,0.119081287901486
"14800",-0.450572720623188,1.84096642608922,1.47337646594001,-0.578618254648366,1.68734573374054,0.334565197717015
"14801",-0.311549316231342,-0.973987429191438,-1.10039392318132,-1.87710559010345,-0.623320859936934,0.119081287901486
"14803",0.699925533660057,0.0684183080558247,0.12866033793128,0.0367849072920485,-0.048211942106633,-0.510311277770649
"14804",-0.840313665422126,-0.973987429191438,-0.588755900046054,0.5443937794558,-0.892995612256327,0.119081287901486
"14805",-0.772338018239232,0.403998001147492,-0.230405623489473,-0.522652800310802,-0.93787801074541,-1.21771066692947
"14806",-0.171483340563685,-0.973987429191438,-1.08305415663937,-0.0679008411709309,-0.134866933024296,0.119081287901486
"14808",-0.530468432726191,1.2879548417083,1.08981980622237,-0.533238485356756,1.27606025075264,1.39262740398103
"14810",-0.520028819017734,1.72059231212933,0.871510443035524,-0.938529570652951,0.717002980426646,0.124995059790785
"14813",2.76889342599539,-0.364219162365198,-1.27551599631862,-1.4151639456757,-1.34822984000231,1.64597172801596
"14815",-0.560181714086812,-0.364219162365198,0.0607025167427213,-0.277783949852692,0.481349425018482,1.5641038259461
"14816",1.05052140228987,-0.973987429191438,-0.803819485129371,1.55889772197088,-2.59373601988992,0.119081287901486
"14817",1.08041539600496,-0.364219162365198,0.352795800497932,-0.0649977806500194,0.384713828905757,-0.321169735385836
"14818",-0.189617130287628,0.0684183080558247,-0.0778481520418089,-0.358177484492441,-0.148761964959668,-0.963843276980339
"14819",-0.280807364545254,-0.364219162365198,-0.803155708539571,0.137585354669426,-0.971642409279192,-1.04348843965401
"14820",-0.712014844220792,0.403998001147492,-0.291454607992886,-0.0737998514147628,-0.335990030129461,-0.300110958199497
"14821",2.74388651988804,-0.973987429191438,-2.1502371892256,0.319890754440645,-2.22946482631838,0.119081287901486
"14823",0.880401571978159,0.0684183080558247,-0.666313777401334,-1.5574962563771,-1.13255357896724,2.72931773593378
"14824",-0.821547382457523,0.403998001147492,0.365568392608788,0.879706369463508,0.216954659870525,0.931237085619022
"14825",-0.890482195214164,1.84096642608922,0.923399733673314,-0.00747547447606672,0.697312025973714,0.0933845813605363
"14828",1.04176380357305,0.0684183080558247,0.892720853659367,2.31507626262541,1.29445790963175,-0.621875478938409
"14829",-0.63218863686951,0.403998001147492,-0.0295981077616927,-0.134591927124795,0.103467417185899,-1.36144328811514
"14830",-0.391236514079183,-0.973987429191438,-1.10238666630156,-1.50298209884122,-0.663661696930793,0.119081287901486
"14834",-0.749887983433429,0.910009710803488,0.713116756493119,0.380698499957972,0.471084756685212,-0.261286851906656
"14836",-0.822555201357474,0.0684183080558247,-1.60254130299732,-0.102144118096034,-1.63386853293248,2.72931773593378
"14837",-0.0294573308975022,0.403998001147492,0.678525724168041,-0.232410951998045,0.980335293331949,0.252568565345575
"14840",1.75165753574812,-0.973987429191438,-1.9999544189874,-0.199363926514279,-1.90952207309304,0.119081287901486
"14841",-0.391472830235033,0.910009710803488,1.24831943217036,0.294347180661488,1.14249961223342,-0.745323517443332
"14842",-0.490544903337792,0.403998001147492,1.12133582954956,0.0528528554405511,0.822251821496568,-1.08404877757058
"14844",-0.289564963262068,0.403998001147492,1.22141735890455,0.326563545142322,1.16562709178496,-0.549731881659204
"14847",0.56109674257303,-0.973987429191438,-0.697629261013936,0.290236468797233,-0.899247284561434,0.119081287901486
"14849",-0.710047859747095,2.88337216333648,1.97133354135865,0.109614165437263,2.02629208883502,1.80696360061178
"14850",2.1923107111825,-0.973987429191438,-0.655352699650437,-0.214343103043201,-0.22490576550186,0.119081287901486
"14851",-0.691434487236278,-0.364219162365198,-0.284902455871685,-0.0232119318644434,-0.146428402764151,-1.62819779912919
"14852",-0.340713510053369,0.910009710803488,1.12482590186349,0.0742521152666647,1.12914696284811,-0.0192962505125484
"14853",-0.682510077115333,-0.364219162365198,-0.344125779530376,1.25243623152948,-1.18556861786936,-1.44355249996449
"14854",-0.142068929635463,1.11082404530309,1.09628393325079,0.183006422021109,1.16022380735081,0.249310155635132
"14855",0.26952430910448,-0.364219162365198,-0.0931786692913857,0.655170469406837,-0.295236829446207,1.64597172801596
"14856",-0.561550957695711,0.0684183080558247,0.476545657855828,0.0752824739487475,0.446935936866921,2.72931773593378
"14857",-0.329057563189799,-0.364219162365198,0.39805274077767,0.0571686700593005,0.123326689488387,-0.546582289816655
"14859",-0.80026502748063,0.403998001147492,0.515897266201505,0.267029101791366,0.403017700071884,-0.66177256139785
"14860",-0.731448372801914,-0.973987429191438,-1.18709792396982,-0.216468623573505,-0.401538077466741,0.119081287901486
"14861",-0.400584903185624,-0.973987429191438,-1.43499199727533,0.139650591101478,-0.918317086918013,0.119081287901486
"14862",-0.669616945671134,-0.364219162365198,0.124417532776364,-0.07163901019758,0.50937377498637,-0.994455008482191
"14863",-0.63168820265712,-0.973987429191438,-0.819328162930252,0.312588038224107,-0.827423053442298,0.119081287901486
"14865",-0.852442244597397,-0.364219162365198,-2.1502371892256,-0.414629807849121,-0.978579205410554,-1.81686871463534
"14866",-0.820470058805852,1.84096642608922,2.4619718411608,2.49230248584171,2.15572215447082,0.140891158214527
"14867",0.931091387408103,0.0684183080558247,-0.0147250011320231,0.0678661434758329,-0.139470425280125,-0.728680844153248
"14868",-0.891809735972031,1.2879548417083,1.15807287949338,0.113744551075384,0.963769887709922,0.199645052871999
"14869",-0.840841901535204,-0.364219162365198,-0.00189215993853031,-0.684124926751462,0.250844618185932,-0.645354055908693
"14870",1.69208501304826,-0.973987429191438,-0.651580636536996,0.357082918582539,-0.90555083855757,0.119081287901486
"14871",-0.891344054135501,0.403998001147492,-0.301250442129755,-1.39196724920553,-0.59757012620917,-1.40006093444534
"14873",1.18038408040492,-0.973987429191438,-0.271620265119135,-0.0041997822036808,-0.645467440296527,0.119081287901486
"14875",0.150129046598574,-0.364219162365198,0.581079447558251,0.613268145685396,0.263173410174211,-1.25907201427624
"14878",-0.800244176055113,1.44640373839476,0.587106363201597,-0.501561297821752,0.53545198183721,-0.318839666218513
"14880",-0.15070141979918,0.0684183080558247,-0.0378448526682016,-0.252415361758687,-0.0585183946298743,-1.15363338074166
"14881",-0.730120832044048,-0.973987429191438,-0.855031655308314,-0.251586475636336,-0.167693135449658,0.119081287901486
"14882",-0.66076204030191,-0.364219162365198,-0.167708822483591,1.26941653648325,-0.691797280018651,1.64597172801596
"14883",-0.739830645859437,0.910009710803488,0.0426399474046767,-0.303271292676493,0.526858345137661,-0.0101525136697573
"14885",0.39044172567307,-0.973987429191438,0.0466583736773192,1.20919567201054,0.460679472088809,0.119081287901486
"14886",1.60280615946296,-0.973987429191438,-0.562379231418569,0.0995715037987927,-0.682302482672064,0.119081287901486
"14887",-0.131448603572532,-0.973987429191438,0.778267614059713,3.42867260425061,0.778031331505308,0.119081287901486
"14888",1.1498992963002,-0.973987429191438,-0.552532133229615,-0.0105579639429622,-0.576758580605547,0.119081287901486
"14889",2.44087360428625,-0.973987429191438,-1.37180922659742,-0.367846441372886,-1.11567346435145,0.119081287901486
"14890",1.6115568077046,-0.973987429191438,-1.43590187106006,-0.0435015327248907,-1.54074300933381,0.119081287901486
"14891",0.558066335398005,-0.364219162365198,-0.218486348948898,-0.121204517056198,0.187510124528456,0.999501547084324
"14893",-0.830798464911555,-0.364219162365198,0.442249062480056,-0.110279360522491,0.53545198183721,1.64597172801596
"14894",-0.0706945000934237,-0.973987429191438,-0.0804148518965873,0.505974297015533,-0.300926548164244,0.119081287901486
"14895",-0.849509144074782,2.56218371487699,2.25107325838244,0.216398602547366,1.90461016906063,1.79525201821396
"14896",1.12180547565467,-0.364219162365198,-0.356358943766266,-0.620483756062209,-0.261965500645552,-1.29776740286233
"14897",-0.849988726861655,0.403998001147492,0.523545676212879,0.341352460258772,0.129832715536157,-1.18365011181549
"14898",-0.691670803392128,0.910009710803488,0.462901977311726,-0.545322766642805,0.70646362941535,-0.921147399978632
"14901",-0.812713328513816,1.44640373839476,0.555970896870133,-0.268612408111342,0.391629572253758,-0.389322442446946
"14902",-0.669846311351812,-0.973987429191438,-0.638117810743478,-0.132855416454272,-0.448606383322257,0.119081287901486
"14903",-0.712195556575266,0.678186574882064,1.11273390070882,-0.968976667332317,1.02896052854629,-0.760851856358777
"14904",-0.901026066050202,-0.364219162365198,0.287347044899427,-0.26419797304194,1.22610678988021,1.64597172801596
"14905",0.650417299009367,-0.364219162365198,-0.131633490187368,0.794677518842732,-0.240567637840134,-0.301483483263469
"14907",-0.891566469341008,1.11082404530309,1.29808142837237,0.153901152003803,1.10441446499042,-0.776567308983925
"14908",-0.180407750684629,-0.973987429191438,-0.786053126784563,0.601245376231465,-0.827423053442298,0.119081287901486
"14910",-0.899851435746121,0.403998001147492,-0.419026450742282,-0.294528163062788,-0.382225836414074,2.01576254859467
"14911",-0.912278885353792,3.1478894909578,2.72398953472936,0.365246291354283,2.52749817040405,3.44228586402634
"14912",-0.759410134419172,-0.364219162365198,0.150074059737734,0.649944962401561,0.683374499205065,-1.61799296593489
"14913",-0.568890659477422,0.403998001147492,0.43529273378003,-0.324536485990873,1.12740681570166,-1.30383182271016
"14915",-0.0105242365287697,-0.364219162365198,-0.702739302268959,0.378241438778454,-0.95120421040081,-1.43910667140787
"14916",-0.218941185038613,0.403998001147492,0.462688004360807,-0.143647476838541,0.802470133263184,-1.03287234897663
"14918",0.230407034836041,-0.364219162365198,0.658653032929737,0.779159642787629,0.40752557025958,1.01932376137749
"14920",1.20179154393491,-0.364219162365198,0.248182294985289,-0.0967437904027541,0.19349105225853,1.64597172801596
"14921",-0.62093581756592,-0.364219162365198,0.49267272940573,-0.116106683397629,0.669176442885856,-1.35868590055856
"14923",-0.420164391745359,-0.973987429191438,0.0290395811340224,-0.105580348940276,0.0442045460129851,0.119081287901486
"14924",1.53254380594845,-0.973987429191438,-0.695906458269038,0.606618644500302,-1.37124899242479,0.119081287901486
"14929",-0.60261436501233,-0.973987429191438,-0.963060245825877,0.104581264394774,-0.804915513453088,0.119081287901486
"14930",0.160895332640118,0.0684183080558247,0.974399851078733,-0.00128692273563685,0.81833648346018,-0.858468956169931
"14931",-0.879924423427782,0.678186574882064,0.455327304180843,0.593766586787693,0.0423895537582221,-0.638575181603031
"14932",2.73259199773342,-0.973987429191438,-0.565243496776587,0.163097367662354,-1.2040957289775,0.119081287901486
"14934",-0.109193182071548,-0.364219162365198,0.790962603871785,0.182388527831819,0.736924953091828,-1.50718311737423
"14935",2.05077818525354,-0.973987429191438,0.743371492337278,2.74535436132076,0.654707931197149,0.119081287901486
"14936",-0.589749035468819,1.2879548417083,1.99249892480369,0.215738183409394,1.77409676799556,0.103934673671177
"14937",-0.360376404315169,0.0684183080558247,0.664627292730493,1.12741520523253,0.155313474533085,0.507730383524214
"14944",-0.629227734446206,1.84096642608922,1.7278191532847,0.74240699754392,1.49134610020206,0.72489995097778
"14946",-0.781185973133283,-0.973987429191438,-1.61497423250656,0.70452275450341,-2.16036503821054,0.119081287901486
"14947",-0.201620600909802,-0.364219162365198,-0.748463534696703,0.128751537508974,-0.59757012620917,0.174840876208084
"14948",-0.692657770866563,0.910009710803488,0.346569682640087,-0.0738784249937205,0.405274979287989,-0.0387681389608624
"14950",-0.731246809021924,-0.973987429191438,-0.548094807444495,0.0562534316127689,-0.804915513453088,0.119081287901486
"14951",-0.131330445494607,-0.973987429191438,-0.691575644735195,-0.208901244318952,-0.179769286429304,0.119081287901486
"14952",-0.329544096451844,1.72059231212933,1.98869211312518,1.37981529438963,1.6245999342231,0.270939249879608
"14953",-0.671688187272413,-0.973987429191438,-0.763127488341444,-1.41151791562236,-0.428076109300152,0.119081287901486
"14954",-0.801599518713668,-0.973987429191438,-0.737168005941627,-1.73938307560623,-0.918317086918013,0.119081287901486
"14957",1.60904073569231,-0.973987429191438,-2.05820386123537,-1.49639927925665,-1.84145501647971,0.119081287901486
"14958",0.54964235948945,0.0684183080558247,-0.330541130341598,-0.530379627049103,-0.850617951792726,-0.0400439300132595
"14959",-0.282767398543779,0.403998001147492,-0.0321131385474241,-0.531496032537395,0.17081552069566,-0.922467035559463
"14960",-0.840967010088301,-0.364219162365198,-0.972674607088923,-0.940521255615244,-0.438271885166165,-1.31069002366213
"14961",-0.819615150359686,1.44640373839476,1.87379655610776,0.227613616370675,1.7005668261395,-0.337558901945214
"14962",1.78264275406523,-0.973987429191438,-1.42910219447771,0.364969152052369,-1.65056313676528,0.119081287901486
"14963",-0.830694207783974,0.678186574882064,0.585012856195358,-1.01369887382293,0.817681960457845,-0.149919687801975
"14964",1.55055943759447,-0.973987429191438,-1.03045604665339,-0.188294051588273,-0.767064143118188,0.119081287901486
"14965",0.03961649136258,-0.364219162365198,-0.15884760051174,-1.05876980905195,-0.0626804537953397,1.64597172801596
"14966",-0.780678588445722,-0.973987429191438,-1.12820367647245,-1.45288340937613,-0.59757012620917,0.119081287901486
"14967",-0.429860304610404,-0.973987429191438,-0.365118394599717,1.71641954769151,-0.783055763192142,0.119081287901486
"14968",-0.621220787047975,-0.973987429191438,-1.30432617051489,-1.69902520844607,-0.856529062536934,0.119081287901486
"14970",-0.240793478979617,0.403998001147492,0.649353728999293,1.10487238719385,-0.345014776656432,-1.0052546681418
"14971",-0.572491005616557,0.0684183080558247,0.343585027554094,-1.10032605440639,0.365957964928192,2.72931773593378
"14972",0.359241042625625,-0.973987429191438,-1.50987611469013,-1.21396421721763,-1.98429458284144,0.119081287901486
"14973",0.148662496337266,0.0684183080558247,0.491659117688219,0.946012004089283,-0.0502620753274937,-0.358514731973211
"14974",-0.55076382022865,-0.973987429191438,-1.70868941088485,-1.41143843322573,-1.77898910370272,0.119081287901486
"14975",-0.351055817109417,-0.973987429191438,-0.779755777557451,0.370096163035698,-0.0280093177810612,0.119081287901486
"14976",-0.352091437910056,1.11082404530309,0.0736587860430978,-0.611910629682726,-0.395045953353471,-0.319740529489707
"14978",-0.200501574407098,0.678186574882064,0.804103452487623,-0.839125531875273,0.214061041524544,-0.765510278912434
"14981",1.5407453666515,-0.973987429191438,-1.60517263284593,-0.440051253633809,-1.05938298312831,0.119081287901486
"14984",-0.731524828028807,-0.364219162365198,-1.04586149455633,-1.43163988146054,-1.44481359219607,-1.29921340687227
"14985",1.0600227018501,-0.364219162365198,-0.74511198124051,-1.82196550417763,-0.327071251764538,-1.29049292404485
"14987",-0.769689887198671,-0.364219162365198,-0.65371601734858,1.78273810765438,-0.850617951792726,-1.81686871463534
"14988",1.19113646549612,-0.973987429191438,-0.633490472013047,-0.918020023578362,-0.777687727442263,0.119081287901486
"14995",-0.540185197016752,-0.364219162365198,-0.933917809199772,-1.72988644419923,-1.02158543938148,-1.65687227499172
"14997",-0.460873324828203,0.0684183080558247,-0.230706579339116,0.142059309123604,0.791705398306473,-0.531781189194997
"14998",0.778521506905882,-0.364219162365198,-0.456727305648468,-1.35068360650973,-0.321183052532201,-0.185597612012212
"15000",-0.450127890212175,-0.973987429191438,-0.319084841285893,-1.21492680479833,-0.448606383322257,0.119081287901486
"15002",0.230865766197398,0.403998001147492,0.674654538747665,-0.310836539119595,0.59302993417879,-1.02400939886087
"15004",0.549746616617031,-0.973987429191438,0.430815580165674,-0.977228103131872,0.34672721884875,0.119081287901486
"15005",-0.770704656573794,3.04759409432045,1.78119369017503,-1.34040780176095,1.80058453425248,2.1104156449648
"15006",-0.41152495110647,-0.973987429191438,-0.336252604321657,-1.78916849476435,-0.243209636667986,0.119081287901486
"15007",0.6690515229457,-0.973987429191438,-1.25422503438751,-0.412351069701991,-1.31495851120166,0.119081287901486
"15009",-0.801217242579204,0.0684183080558247,0.456471549696331,-1.11373469233518,0.365957964928192,2.72931773593378
"15010",-0.570649129695957,-0.973987429191438,-0.698850656633087,-0.21922876711763,-0.576758580605547,0.119081287901486
"15012",-0.390353803732329,-0.364219162365198,-0.476427848539965,-1.87760925592772,-0.424707705122757,-1.81686871463534
"15014",-0.493672617165225,-0.364219162365198,-0.847772423815416,-0.993860537873241,-0.736056821648552,-1.08916745931703
"15016",0.800790829357211,-0.973987429191438,-1.18844503484703,-0.899805890403323,-1.2425633864839,0.119081287901486
"15017",-0.589769886894335,-0.973987429191438,-1.43635718519034,-1.2304043536031,-1.38302556781499,0.119081287901486
"15018",-0.540657829328453,0.0684183080558247,-0.30960573088274,-0.177711616421579,-0.55650207623759,-1.58074596633231
"15019",1.74140558486931,-0.973987429191438,-0.863393127708186,-1.73906619941833,-0.731009800440554,0.119081287901486
"15021",-0.840543031102805,1.44640373839476,0.782575296263527,-1.64388131599642,0.554207845814775,-0.374687093725271
"15022",-0.810808898316667,0.403998001147492,0.135287889029006,-1.10635552152332,0.219837296716296,3.04149379802893
"15023",-0.89288010914853,1.72059231212933,1.83499285185467,-0.496501249991325,1.4945760436823,-0.0715547298735285
"15024",-0.830624703032254,1.5897382004434,0.671978102990929,-0.634702482733948,0.627444603745745,-0.198786976344055
"15025",-0.591764673268721,-0.973987429191438,-0.568798185128474,-1.38958558066897,-0.576758580605547,0.119081287901486
"15026",-0.120744871807536,0.0684183080558247,-0.3559558236227,-1.01082767835619,-0.245860857150927,-1.07420411230966
"15027",-0.619677781559775,0.403998001147492,0.319379663708518,0.585369451938061,0.272626007329824,-0.77484126341043
"15028",-0.841467444300691,0.403998001147492,-0.117109872291688,-0.413287785924964,0.115114999810698,-1.40795260156457
"15030",-0.209558043556312,-0.364219162365198,-0.273837643939945,1.66366658720031,-0.0441282016397167,-1.48905870047718
"15031",-0.88159253746908,0.403998001147492,-0.0836313695157588,-1.28990618759942,0.0108520415824635,-1.13980211179243
"15032",1.64029007206596,0.0684183080558247,1.58473426062047,1.97396696971142,1.53153345174821,-0.241182567395558
"15033",-0.880904440427045,1.5897382004434,1.03942685829003,-1.44875877569983,1.0958367191244,-0.0284296937376236
"15034",-0.770607349921385,1.2879548417083,1.4623487999099,-0.614478470471783,1.37434717392994,-0.4711739438329
"15035",-0.0295268356492229,-0.973987429191438,-0.863652753567886,-0.792522255915759,-0.360298469301951,0.119081287901486
"15036",-0.20157889805877,0.0684183080558247,-0.428138066994277,-1.79708015824397,-0.167693135449658,-0.194884860575557
"15038",-0.339969809209957,0.910009710803488,-0.0436407215838856,-1.37350573063452,-0.469707015093863,-0.771629561180155
"15039",-0.830381436401231,3.1478894909578,2.72341084156461,-0.385578044187368,2.38495994488984,3.44228586402634
"15041",0.779035842068616,-0.973987429191438,-1.14215012801298,-1.92049255067902,-1.01424650405576,0.119081287901486
"15042",1.06922513097792,-0.973987429191438,-1.3716287717875,0.448995080403103,-1.93363755560319,0.119081287901486
"15043",-0.611406716105005,-0.973987429191438,-0.244670799245914,2.74900535749116,-0.207032613880708,0.119081287901486
"15044",-0.731052195717106,2.33036057895557,1.94003090576533,-0.0939127608927162,1.48321063616979,0.939881059746501
"15045",0.590837825834339,-0.364219162365198,0.0141494520358485,1.43296285284624,-0.93787801074541,-0.801923525569911
"15046",-0.832181609470798,2.15322978255035,1.60625474670231,0.364284799217391,1.62843788450544,0.754675333416222
"15047",1.77216838798091,-0.973987429191438,-0.611500291477955,-0.206316626522596,-0.43485806415135,0.119081287901486
"15048",-0.271313015460199,0.403998001147492,-0.526690941409541,-1.68314610935302,-0.5446025028879,-1.23513591626069
"15049",1.81161928505761,-0.973987429191438,-1.46556164912455,0.925604184909991,-1.38302556781499,0.119081287901486
"15050",-0.672230324335834,0.0684183080558247,0.721395351319122,0.242529809571171,0.854117815568755,1.58442376164713
"15051",-0.6919766242997,0.0684183080558247,0.533709661639272,-0.74765329991178,0.713255691636389,-0.473867592469024
"15052",2.27049660639318,-0.973987429191438,-1.02443678716387,-1.04992826938635,-1.21353155090597,0.119081287901486
"15053",-0.880682025221538,0.0684183080558247,-0.0338533542920735,-0.711769574498943,0.693466073973829,-1.43168025112052
"15054",-0.801821933919174,-0.364219162365198,-0.717229303971009,-1.92049255067902,-0.521348424646735,1.64597172801596
"15057",1.83035776612152,-0.364219162365198,0.594549501136995,1.39813409338882,0.399619153475104,0.945018517061778
"15058",-0.671674286322068,1.72059231212933,0.878276115932644,-0.980399286296004,0.745614167741365,0.391304688952556
"15059",-0.520140026620487,1.44640373839476,0.506100441546849,-1.34356188983746,0.323239742903691,-0.0377678086982863
"15060",-0.841335385272421,0.403998001147492,-0.738839938182327,-1.92049255067902,-0.324121446514673,3.44228586402634
"15061",-0.890676808518982,3.1478894909578,2.72398953472936,2.40421619352821,2.52749817040405,3.44228586402634
"15062",-0.212067165093431,0.403998001147492,0.25662885301144,-0.0847065273331577,0.500478208026798,-1.1797080557596
"15063",1.21059779597793,-0.973987429191438,-0.548980362017325,1.66564871045807,-1.47100839135432,0.119081287901486
"15065",-0.549401527094923,0.403998001147492,1.21319971369729,0.105876387682193,0.951790696243157,-1.03347104153927
"15066",-0.39079168366817,-0.973987429191438,0.174118071586104,0.157088556936358,-0.165300774740597,0.119081287901486
"15067",-0.140539825097606,0.0684183080558247,0.724737409492542,0.157178131338243,0.669972224935816,-1.11519045836237
"15068",-0.461422412366797,-0.364219162365198,-0.220000284147061,-1.4055010947871,-0.0605965734835847,-1.5448168671913
"15069",0.869948057319358,-0.973987429191438,0.352195325920219,-0.189168249104465,0.209699839703028,0.119081287901486
"15070",2.76889342599539,-0.973987429191438,-1.57321590460922,2.10611420146487,-1.79924560807067,0.119081287901486
"15071",0.0102646347109069,-0.364219162365198,0.251792516070081,0.844547653726198,-0.28958941386077,-1.41846809244917
"15073",-0.830054764068143,0.0684183080558247,0.301640544320041,0.0432329240597784,0.166198035976103,-0.943273106791986
"15074",0.129103859203047,-0.973987429191438,0.0141606316856679,-0.0439486613604571,0.0674130745082658,0.119081287901486
"15075",-0.150180134161275,-0.973987429191438,0.0549029211763653,0.511002831877568,0.095036987723484,0.119081287901486
"15076",0.802340785320584,-0.973987429191438,0.162305225033496,-0.0417660372803647,0.280635648127127,0.119081287901486
"15078",-0.852136423689826,3.1478894909578,2.14083635599082,0.204478917749714,1.94336767610661,2.39309506833899
"15079",1.20086713073703,0.403998001147492,0.175975601025005,0.0268349528872147,-0.0102752695202859,-0.312145326495799
"15081",-0.702610851312974,0.678186574882064,-0.295498987974775,-0.230596397592729,-0.55251480252931,-1.1317703105943
"15083",1.64143690046935,-0.973987429191438,-1.72459980102868,-0.0639621374637573,-1.75925880226346,0.119081287901486
"15087",1.89237685608195,-0.973987429191438,-0.704182232665083,0.110951765573655,0.133064949763364,0.119081287901486
"15088",-0.710993124370497,-0.364219162365198,0.388847799061831,0.104545128459907,0.116764455175953,0.654147350747645
"15089",-0.822457894705065,0.910009710803488,0.994321412979363,-0.128469952012606,0.938503350466238,0.995659423065385
"15090",2.16115868146126,-0.973987429191438,-0.526001332264471,-0.136650931863473,-0.484106951519832,0.119081287901486
"15091",-0.250405986142597,-0.973987429191438,-0.335688219512653,-0.176480086555472,-0.0990101803319425,0.119081287901486
"15092",1.23030239309076,-0.364219162365198,-0.375800885151595,-0.0660884164488821,-0.81048018227694,-0.111126691348125
"15093",-0.740984424738001,0.910009710803488,1.52230787899415,0.98913500800941,1.71114205523426,-0.94226174609696
"15095",0.110226368635691,0.403998001147492,0.526083445668439,0.533034496374375,0.763403596695338,0.480082121946812
"15096",-0.49965002581321,-0.973987429191438,-0.979670101487355,0.080638514756973,-0.899247284561434,0.119081287901486
"15097",-0.881481329866327,-0.973987429191438,-0.878885901528491,-0.726899723595371,-0.636531173727862,0.119081287901486
"15098",0.899438923474473,0.0684183080558247,2.72398953472936,3.63524149608769,-0.892995612256327,2.72931773593378
"15099",-0.080439066284673,-0.973987429191438,-0.465467227658137,-0.0502652275866031,-0.105605653585019,0.119081287901486
"15100",2.41282148649176,0.0684183080558247,0.157763275873799,3.35338605055257,-1.2040957289775,1.94350585777135
"15101",-0.839882735961457,-0.364219162365198,-0.676336074470762,0.904483519220388,-0.37275077928338,-1.81686871463534
"15103",-0.611594378934651,-0.364219162365198,-0.0227766524749077,0.0895764067096765,-0.13716519165274,0.285013796290443
"15104",1.04083939037517,-0.364219162365198,0.261345870065819,-0.266741846391251,0.361195730537457,-0.496745474340418
"15105",-0.742548281651718,1.11082404530309,0.95178515668697,0.237182044147633,0.850990705770279,1.39417552531035
"15106",-0.749373648270696,0.678186574882064,0.556682810765534,-0.314982719836359,0.831952769413211,-0.731614736457891
"15107",2.19088586377223,0.910009710803488,-0.671258286209696,0.0820712449804721,-0.640986165367922,2.68077787887784
"15108",0.491230566143331,0.403998001147492,0.482720571150989,0.178885619554264,0.178449493468174,0.798889686347942
"15109",1.53231444026777,-0.973987429191438,-0.328470930789564,-0.0854670051083707,-0.833155713839811,0.119081287901486
"15110",-0.690155599804616,0.403998001147492,0.263463049159401,0.503834168501665,-0.357217029387378,-1.20582009073777
"15111",-0.632480556826737,0.0684183080558247,0.636547531930923,0.00215602185564038,0.445868369723916,-1.61419786108927
"15113",-0.829074747068881,0.0684183080558247,1.3000380133099,0.792529812613125,1.35231974300128,1.66247056274814
"15114",-0.621686468884504,1.5897382004434,1.10242935994192,-0.332393822949099,1.56359408246034,0.313440354757241
"15115",-0.741748977006929,-0.973987429191438,-0.619931425480933,-0.16400626780294,-0.696589560250936,0.119081287901486
"15116",-0.750687288078218,0.403998001147492,0.515295211142814,0.569484236528245,0.376565065264871,-0.625487545512568
"15117",-0.778954870603047,0.678186574882064,0.62826235855779,0.0626361966744099,1.21182213295696,-0.39032581250411
"15118",0.419293148112354,-0.973987429191438,-0.889803032810768,3.13549052188047,0.982446688429374,0.119081287901486
"15119",1.53266196402637,-0.973987429191438,-0.820436181792418,0.025166265951196,-1.13255357896724,0.119081287901486
"15120",0.411411309267221,-0.973987429191438,-0.575953924034726,-0.101343698674721,-0.217194289143012,0.119081287901486
"15121",-0.421415477276333,-0.364219162365198,-0.375962451336552,-0.153130207610545,-0.517541028718898,-1.64481049669443
"15122",0.218327108986975,0.0684183080558247,0.670644173009917,0.0794297516950418,0.536400856285666,-0.986823494408458
"15123",-0.851100802889187,-0.364219162365198,0.91531731605104,0.127346365186311,0.840896551938963,-1.49846613801068
"15124",-0.699698602215875,-0.364219162365198,-1.12298401794042,-0.484609486736274,-0.398285079358958,-1.34728032740303
"15125",-0.671257257811744,2.15322978255035,2.27939653154609,1.91340387473316,2.09009058773839,1.4335999032526
"15127",-0.269471139539599,-0.973987429191438,-0.473411232329156,0.368173347372285,-0.341994598135824,0.119081287901486
"15128",-0.320932457713643,0.403998001147492,0.5842634839134,-0.299085813690005,0.929514205349938,-0.3742111478389
"15129",-0.42133902204944,1.72059231212933,1.28535533480736,0.944947670488122,1.14930054314881,0.755099052956749
"15130",0.771536279357947,-0.973987429191438,-0.644436094563825,-0.25302177976476,-0.525175001491411,0.119081287901486
"15132",-0.742659489254471,0.678186574882064,0.248316912657082,0.0113257179510627,0.412006845188184,-0.687916758037396
"15133",0.350969977170856,0.0684183080558247,0.252085675952641,0.713203776656264,0.413123045091048,-0.921257562369
"15134",-0.779253741035447,1.2879548417083,0.536459485938595,0.0242362796931475,0.614721125389942,0.234725401951067
"15135",1.46838396963502,-0.973987429191438,-1.35307412099829,-0.219002519396867,-1.66763293146626,0.119081287901486
"15136",-0.900824502270212,0.403998001147492,0.474099765983078,0.0185517563334983,0.513294165094252,0.610297843523796
"15139",1.47156033678866,-0.364219162365198,-1.14657729765974,-0.352959089981291,-0.484106951519832,-0.677133301690961
"15140",-0.401092287873185,1.11082404530309,0.971359823124819,0.543943719979252,1.04902129503196,0.101460340000195
"15142",-0.460616157246836,-0.973987429191438,-0.305425730628771,0.0346516325784275,-0.0585183946298743,0.119081287901486
"15143",1.3312719459155,-0.973987429191438,-0.84212458653768,-0.00596771771536108,-0.731009800440554,0.119081287901486
"15144",-0.841926175662048,2.33036057895557,1.81766141663039,0.579963062423134,1.55222744247855,1.21726011833581
"15145",-0.882857523950398,0.403998001147492,0.413072887633587,-0.0512637984508636,0.493486682951058,-0.985326563958019
"15146",0.72070050394939,-0.364219162365198,0.49957828909586,-0.286074509422485,0.999645322736677,-1.03371236235951
"15147",1.47977579844205,-0.973987429191438,-0.121883112215661,0.211130201026911,-0.0564458861211449,0.119081287901486
"15148",-0.819052161870748,-0.973987429191438,-0.719433134868482,-0.248418742117595,-0.564539970262489,0.119081287901486
"15149",0.410924776005175,-0.973987429191438,-0.269850650528778,0.230995757647619,-0.850617951792726,0.119081287901486
"15150",-0.750874950907864,1.5897382004434,1.63812824747997,-0.21395310760978,1.68692884355597,0.46216259550248
"15152",-0.830805415386727,1.95241544805075,1.5485151857138,-0.0725251577054315,1.4607994363919,1.88027337937024
"15153",-0.612539643558053,-0.973987429191438,-0.646577944322846,-0.256055253597112,-0.521348424646735,0.119081287901486
"15154",-0.171712706244363,-0.973987429191438,-0.85863701423302,-1.80472981357679,-1.12406663148722,0.119081287901486
"15156",-0.91322804224329,0.0684183080558247,0.234368623971157,-0.0745461474193469,0.314400046660909,2.52806342030144
"15157",-0.890412690462443,0.0684183080558247,0.810377147087324,-0.216098149903294,1.36771053847439,-1.64005113869647
"15158",-0.471055770955293,-0.973987429191438,-0.483844105303206,1.35145753011914,-0.521348424646735,0.119081287901486
"15159",-0.910687226539386,3.1478894909578,2.67512840477851,0.407326814079147,2.52749817040405,2.22760517327188
"15160",2.65150080390082,-0.973987429191438,-1.24773143723178,0.899864050820377,-1.16748267064598,0.119081287901486
"15163",-0.740991375213173,-0.364219162365198,-0.710814723845925,-0.663178687133934,-0.568591040650164,-1.37497578097607
"15164",-0.240105381937582,0.0684183080558247,0.108002760304008,-0.944714006626553,-0.0881434156321036,-1.41095743049073
"15165",2.76889342599539,-0.973987429191438,-0.323739238517669,-0.0360083620863416,-0.682302482672064,0.119081287901486
"15167",2.28183283139883,-0.973987429191438,-1.24442642883993,-1.67858765922688,-1.35965221911786,0.119081287901486
"15168",-0.67020773606076,-0.973987429191438,-1.57045483252765,0.159094314333012,-1.5262744976451,0.119081287901486
"15171",2.39071202496939,-0.973987429191438,0.475888599116327,3.19990074465908,-0.232696335305586,0.119081287901486
"15172",-0.84052913015246,0.678186574882064,0.665727770743967,-0.271835556148069,1.06762403454631,-0.587350158060969
"15174",2.3033445520564,-0.973987429191438,-1.37271209422673,-0.478870730419506,-0.756587095670656,0.119081287901486
"15175",-0.209843013038367,-0.973987429191438,-0.962108612125579,-0.747278560533884,0.106813563113678,0.119081287901486
"15178",1.68026225478056,-0.973987429191438,-2.1502371892256,-0.375522166704834,-1.93363755560319,0.119081287901486
"15179",-0.740873217135248,0.678186574882064,0.918171978908666,0.286762528770019,1.20791485120725,-0.96827837883051
"15180",2.75129572642147,-0.973987429191438,-1.7310882529512,-0.286141572324852,-1.79924560807067,0.119081287901486
"15181",-0.260908154127603,0.0684183080558247,-0.0391677351473936,1.00406494166183,0.243907822054571,-1.10969624184849
"15182",0.620002019656366,-0.364219162365198,-0.122740752678792,0.168266404974701,-0.335990030129461,-0.899206268978609
"15184",-0.631111313217838,-0.364219162365198,-0.482208423189802,-1.19543821751906,-0.517541028718898,-1.29873326721153
"15185",-0.220929020937827,-0.973987429191438,-0.69439865296301,-0.269686214761946,0.397344978431333,0.119081287901486
"15186",-0.78177676352291,-0.364219162365198,-0.463607959062701,0.177918096491583,-0.459083430769788,-1.25214600374397
"15187",-0.910624672262838,2.24440155006565,1.55396075663359,1.24388197295552,1.1876689341942,1.97708808245775
"15189",-0.911222413127636,3.1478894909578,2.56083502559654,1.70423807224773,2.0846755856283,3.34909493878319
"15192",0.270504326103742,0.0684183080558247,0.302357809048162,0.111771985615705,0.640785432253431,-1.31650766799751
"15193",-0.318631850431686,-0.973987429191438,-0.304470451657276,0.408466701635776,-0.761807555376316,0.119081287901486
"15194",-0.891955695950644,2.15322978255035,1.9380655682088,0.328138905339911,2.02749152150374,0.533817684968743
"15195",-0.900782799419179,-0.973987429191438,1.37864459534378,3.63524149608769,0.963229458019951,0.119081287901486
"15197",-0.819740258912784,0.0684183080558247,0.329702361860638,0.708259301182185,0.131450551924583,-1.62422163304163
"15198",-0.000988184592682745,-0.364219162365198,-1.08199567042141,0.0457691389708072,-0.899247284561434,1.48751479870319
"15199",-0.331483279024853,0.403998001147492,0.462506407947494,2.00228241944949,0.00323720189468031,-1.01014325209959
"15201",-0.0511080610585161,0.678186574882064,0.441377736773876,-0.0454098958966678,0.850363735947467,-0.000880444847450078
"15203",-0.668887145778066,0.910009710803488,0.763008525386706,-0.430460993033093,1.13174973146182,-0.65183295553952
"15204",2.65168151625529,-0.973987429191438,-0.678795988546602,0.758566708437657,-0.321183052532201,0.119081287901486
"15205",-0.0730924140277897,-0.364219162365198,-0.0835684264715169,-0.0629553138487602,-0.0320070843632701,0.842592904675319
"15206",-0.821276313925812,0.403998001147492,-0.446043634901012,1.10161828041743,-0.672924908042205,-1.08545411321023
"15208",-0.912904428119278,0.678186574882064,0.152222941775037,0.12557322462349,-0.167693135449658,-1.1550010658351
"15210",1.32954822807282,-0.973987429191438,-0.64177898821541,-0.13807225820058,-0.414691200887788,0.119081287901486
"15211",-0.320772596784685,-0.364219162365198,0.174872623429023,-0.0935818485143717,-0.375896017306257,-1.81465489516318
"15212",1.49070194541256,-0.973987429191438,-1.60773227957889,0.105003698773639,-1.79924560807067,0.119081287901486
"15213",2.2619544724067,-0.364219162365198,-0.648825396008799,-0.360112297214647,-0.281196246724994,1.64597172801596
"15214",-0.910701127489731,1.2879548417083,0.684462092901731,-0.24537235033573,0.877472250808693,0.110497179217353
"15215",-0.460129623984791,0.0684183080558247,0.0133441181609546,0.141528986745955,-0.424707705122757,1.38760645989143
"15216",-0.0497735698254777,-0.973987429191438,-1.65048181092577,1.14254499589856,-1.98429458284144,0.119081287901486
"15218",-0.820490910231368,1.72059231212933,1.70756511643022,0.741458482698091,1.61869235992541,0.251104346701845
"15219",0.83880297807329,-0.973987429191438,-0.707370976180272,0.716601897122572,-1.63386853293248,0.119081287901486
"15220",-0.410489330305831,0.910009710803488,0.74071532576729,-0.237633051343643,0.957259214443804,-0.307709609496025
"15221",2.74204464396744,-0.973987429191438,-0.480066508657678,1.76838842417522,-1.66763293146626,0.119081287901486
"15222",2.26374769500109,-0.973987429191438,-0.174287864294631,2.22518572191895,0.0830749468465402,0.119081287901486
"15223",1.331494361121,-0.364219162365198,0.0363087151334161,0.845045925588301,-0.46614928541768,1.64597172801596
"15224",2.66118281581552,-0.364219162365198,-0.664655188475902,0.249856714082411,-0.721015262858195,1.64597172801596
"15225",1.42018242431668,-0.973987429191438,-0.467631659057383,-0.0533596922228507,-0.421354172535405,0.119081287901486
"15226",2.18216301743127,-0.973987429191438,-1.2673678779916,0.0419408044461501,-1.29356064839624,0.119081287901486
"15227",-0.56034157501577,0.678186574882064,0.429891578076641,0.142985931691704,0.487442296435614,-0.879644998126428
"15228",-0.260894253177259,0.403998001147492,1.27073195574605,0.444925367082935,1.32293025792007,-0.899925370991569
"15230",1.47030925125769,-0.364219162365198,-0.428061559430156,0.00327763967716042,-0.0881434156321036,1.64597172801596
"15232",0.2084643847178,-0.364219162365198,-0.137109621928589,0.0686959014933253,0.419786016738665,1.64597172801596
"15234",1.84303543283539,-0.973987429191438,-1.06790007031712,-0.327574998544432,-0.529020953491297,0.119081287901486
"15235",1.25216858798211,1.84096642608922,0.933163584845949,-0.199040858026154,0.918699557285146,2.01901993004571
"15236",2.06239937974125,-0.973987429191438,-0.66728496344947,0.164161801892278,-0.28958941386077,0.119081287901486
"15237",-0.909721110490468,0.403998001147492,0.550760442166177,-0.311674462562243,0.7577561811099,-0.886020069828992
"15238",-0.631437985550926,0.0684183080558247,0.32387435608433,0.166179329397201,0.426391048769006,-0.766488271676512
"15239",-0.821505679606491,-0.364219162365198,0.0629077109157175,-0.18329431805912,0.310579884892495,-0.11391288233063
"15240",-0.479375489736267,0.678186574882064,0.706521220861368,0.190229447244108,0.944068019290091,-0.812537590461078
"15241",-0.258871664902185,1.2879548417083,0.73022912147498,-0.180569629782137,1.15938911067647,0.314282297149256
"15243",-0.180935986797707,-0.973987429191438,-0.678536703944964,-0.301261407576842,-0.572663832698684,0.119081287901486
"15244",-0.27064576984368,-0.364219162365198,-0.111308893933312,-0.00321158331476434,0.0202644779750839,-1.42287550331672
"15245",0.417611133120712,0.0684183080558247,1.02600939077322,0.495717408759655,1.14505710251895,-0.47646872949684
"15246",1.46025886415887,-0.364219162365198,-0.280413911650689,-0.209215206736981,-0.354148039769031,-0.966433596510355
"15247",0.300036895109889,-0.973987429191438,-0.582433841392914,1.39307286278744,-0.682302482672064,0.119081287901486
"15249",-0.610287689602301,1.95241544805075,1.83106872567239,0.0301923068964789,1.67325382987726,1.29588590114733
"15251",-0.831847986662539,1.72059231212933,2.20126720078192,1.96222421907353,2.0873879121167,0.838922553831823
"15252",-0.560974068256428,-0.364219162365198,0.019853671489864,-0.118662303358111,0.212610088080075,-1.201950174662
"15253",-0.762343234941788,0.678186574882064,0.196468172890913,-0.0851362409396089,0.596542420887559,0.0799253067820774
"15254",0.349162853626116,-0.973987429191438,-0.72197075329711,-0.129085709324375,-0.272894810027975,0.119081287901486
"15255",-0.260386868489697,-0.973987429191438,0.171591737967768,0.0205549038894697,0.163104044336812,0.119081287901486
"15256",0.560714466438565,-0.973987429191438,-1.63501729670914,-0.148762231141225,-1.48445252811068,0.119081287901486
"15257",1.91139335615275,-0.973987429191438,-0.677319158572809,1.06485648134723,-1.6175329808186,0.119081287901486
"15258",0.760589280961929,-0.364219162365198,-0.122331612745621,-0.0189858760496727,-0.772357362428981,0.522803421738337
"15260",0.0794079617227099,1.11082404530309,0.755303454081636,0.27597399509838,0.613008443949081,-0.337040762346387
"15261",0.429121120005668,-0.973987429191438,-0.856896745678507,-0.383109767547044,-0.286781374074124,0.119081287901486
"15262",2.3120326460215,-0.973987429191438,-1.14662306274955,-0.0471071011126957,-1.27274910279262,0.119081287901486
"15263",0.140912716520402,-0.973987429191438,-1.25631384578785,-0.415292161807129,-1.12406663148722,0.119081287901486
"15264",-0.28086296834663,-0.973987429191438,-0.499672459780962,-0.0991191588638713,-0.300926548164244,0.119081287901486
"15265",0.589496384126129,-0.364219162365198,0.60368194737681,-0.0164801552730291,0.333217868621886,-0.463359382767779
"15266",2.46157906982387,-0.973987429191438,-1.47826506269701,0.07700780819221,-2.30548560898077,0.119081287901486
"15267",-0.702131268526101,0.678186574882064,0.711708894280353,2.58039472254009,0.661976636399648,-0.00312364769004886
"15269",-0.68943275038672,-0.973987429191438,-0.468836583446975,2.91275155993584,-2.03857294660395,0.119081287901486
"15270",-0.769446620567648,1.11082404530309,0.980138596629922,1.36611536452407,1.02398622198533,-0.465849355079344
"15271",-0.851510880924339,2.15322978255035,1.01861378647478,-0.782493437824052,0.875654362672022,0.574197679487759
"15272",-0.350576234322543,-0.364219162365198,-0.00133376781541355,-0.563673106674512,-0.18220772800089,1.64597172801596
"15274",-0.882690712546268,-0.364219162365198,-0.00747404890017047,-0.234469147513884,0.341842482418041,1.64597172801596
"15275",-0.550061822236271,-0.973987429191438,-0.132982404905027,-0.253144660722536,0.176928824497386,0.119081287901486
"15276",-0.262027180630307,-0.973987429191438,-1.41674831771103,-1.92049255067902,-1.40714105032514,0.119081287901486
"15277",-0.459483229793788,-0.973987429191438,-0.853427201901221,0.159816863854534,-0.495088934103427,0.119081287901486
"15279",2.62291349951807,-0.973987429191438,-0.749338872439601,-0.231127024388914,-0.55650207623759,0.119081287901486
"15280",0.798650083004212,-0.973987429191438,-1.5216983487653,-1.10243659699984,-0.711150528138066,0.119081287901486
"15281",-0.33897589126035,1.44640373839476,0.963595581085728,-0.122692388185303,0.850990705770279,0.0865810173825361
"15286",-0.429874205560748,-0.973987429191438,-0.904167423265878,1.76127818993616,-1.48445252811068,0.119081287901486
"15287",-0.701957506646799,-0.364219162365198,-0.32552732576668,0.316687750976965,0.0709215052133334,0.557067165310495
"15288",-0.492358977357703,0.678186574882064,0.954498531380258,0.405300286835699,0.512315962902121,-1.05148124475405
"15289",-0.631166917019215,0.0684183080558247,0.215579501794131,-0.163473336827839,0.71175158441775,-1.19992660680954
"15290",-0.880480461441548,2.41167084498539,1.97264910860822,0.88128529067497,1.84774144212242,0.992253276541608
"15291",-0.670040924656631,2.15322978255035,1.53497711214351,1.06528925037499,1.26994767042663,0.633703361957546
"15292",1.08983328986313,-0.973987429191438,-1.14918997514703,-1.04786891793611,-1.48445252811068,0.119081287901486
"15296",-0.420136589844671,0.910009710803488,1.33751382849342,0.0191872866141827,1.1373586525258,-0.600352378160345
"15297",-0.822464845180237,0.0684183080558247,-0.0979172871120255,-0.145086033738401,-0.227493754026619,1.23388963042161
"15298",-0.902847090545286,1.84096642608922,1.55786748821679,0.348827808902017,1.5684835354377,0.0976117562559378
"15299",-0.251045429858428,1.11082404530309,1.50602601726036,3.63524149608769,1.52639944168422,-0.517913452543482
"15300",-0.282246112905873,-0.973987429191438,-0.309224852969396,-0.0579871155430237,-0.227493754026619,0.119081287901486
"15301",-0.419372037575743,1.84096642608922,1.59968234208857,0.134135514534602,1.47388386224914,0.36052673497173
"15303",1.98103016690177,-0.973987429191438,-0.189865581644369,-0.00694415956448414,-0.35109140024291,0.119081287901486
"15304",-0.319465907452335,1.2879548417083,-0.0333202445485383,0.574672859352657,-1.00697779885326,-0.321113943313542
"15306",-0.28049459316251,0.0684183080558247,0.398915050890847,0.0984479805851796,0.545824970938499,0.253580447850928
"15307",0.0303167555823435,-0.973987429191438,-1.03408084882322,-0.0998585743052093,-1.77898910370272,0.119081287901486
"15308",1.82124569317093,-0.973987429191438,-0.694795176269093,-0.153603440771688,-0.614639920910157,0.119081287901486
"15311",-0.91322804224329,3.1478894909578,2.72398953472936,0.378397857053463,2.52749817040405,3.44228586402634
"15312",-0.17049637308925,0.403998001147492,0.202404852594231,0.06473014351956,0.203845676642342,-1.14400402301659
"15313",0.178612093853737,-0.973987429191438,-2.1502371892256,1.23231573921762,-2.06723951461186,0.119081287901486
"15314",1.06996188134616,-0.973987429191438,-0.649776164603533,-0.36145084188618,-0.174915762585035,0.119081287901486
"15315",-0.28045984078665,-0.364219162365198,-0.194922554534058,-0.221348530576371,0.59302993417879,0.402094332577828
"15316",2.34235061872209,-0.973987429191438,-1.21307760323622,2.64856497288872,-1.03647952241228,0.119081287901486
"15318",-0.890426591412788,-0.973987429191438,-0.689129837900991,-0.779070062605098,0.369510148629856,0.119081287901486
"15319",1.91146286090447,-0.973987429191438,-1.0372807194767,-0.438587694809032,-0.614639920910157,0.119081287901486
"15320",-0.480883742848607,-0.973987429191438,-0.8181909170493,-1.04972948786504,-0.144101987784101,0.119081287901486
"15321",-0.219080194542055,0.0684183080558247,1.09876797939196,0.523450901177236,0.831952769413211,-1.20434432376531
"15322",-0.0689082279742005,-0.973987429191438,-0.0509403671269097,-0.164934113836138,0.0405702142124694,0.119081287901486
"15325",0.110268071486723,-0.973987429191438,-1.22941216616696,-1.8634525981889,-0.40480506700728,0.119081287901486
"15326",2.41238360655592,-0.973987429191438,-0.691522970243755,-0.636534734737396,-0.0161407341662727,0.119081287901486
"15327",-0.400174825150471,-0.973987429191438,-1.02042207367517,0.134557378255719,-0.924781584637011,0.119081287901486
"15329",-0.531823775384745,0.0684183080558247,0.306585624673277,-0.0133793720012937,0.158439297451468,-0.535819529738603
"15330",-0.60281592879232,-0.364219162365198,-0.00932394571661379,1.30054805128152,0.911789057181109,1.64597172801596
"15332",2.74138434882609,0.403998001147492,0.684273821006861,1.1211976633789,0.38123220066851,3.44228586402634
"15333",1.16054047378865,-0.973987429191438,0.289846584659493,1.49091878122167,-0.103400793118956,0.119081287901486
"15334",0.640957702300172,0.0684183080558247,-0.594471160133064,-1.80516650545736,-0.278419008175034,2.72931773593378
"15335",-0.390548417037147,-0.973987429191438,-1.1875787820867,-1.49866897422668,-1.21353155090597,0.119081287901486
"15339",-0.260442472291074,-0.364219162365198,-0.18979397284211,-1.16465265997869,0.0405702142124694,-1.68683521546041
"15341",-0.118993352064174,-0.973987429191438,0.845521314596474,2.24452564140799,0.547695843552329,0.119081287901486
"15342",0.371161107545734,-0.973987429191438,-0.474300896053411,-0.112798723849226,-0.25119122216421,0.119081287901486
"15343",-0.0507049334985358,-0.973987429191438,-0.563054931448307,-0.0829303618005096,-1.16748267064598,0.119081287901486
"15344",-0.91322804224329,0.0684183080558247,-0.204430581046124,0.179933917761367,-0.924781584637011,0.510374213971633
"15345",-0.470047952055342,-0.973987429191438,-0.500089835460573,0.0646905741949563,-1.1947756869284,0.119081287901486
"15346",2.40251393181157,-0.973987429191438,-0.864659577547163,-0.265231831394921,-0.761807555376316,0.119081287901486
"15347",2.74109242886886,-0.973987429191438,-1.04898559894305,0.923504474629717,-0.838931969031563,0.119081287901486
"15348",-0.200571079158819,-0.973987429191438,-1.2483526055881,-0.0692975372654008,-1.16748267064598,0.119081287901486
"15349",0.659001135846879,-0.364219162365198,-0.364923511841664,-1.18770070457005,-0.15580597739401,1.64597172801596
"15350",2.76889342599539,-0.973987429191438,-1.5036396354215,0.256262523427478,-1.54074300933381,0.119081287901486
"15351",-0.800918372146805,1.11082404530309,0.809777452478727,-0.857195493675066,0.47930755847381,-0.749189889817825
"15353",1.62144038339929,-0.364219162365198,0.0518008547841222,-0.452739877913269,-0.110034668449809,-0.887505950367719
"15355",-0.631132164643354,-0.364219162365198,-0.788271586436284,0.071408723995189,-1.63386853293248,1.64597172801596
"15356",-0.6108854304671,1.5897382004434,1.08964717729356,-1.38098075092969,1.08255471472947,-0.0933387264266668
"15358",-0.879403137789876,2.69899376934858,2.01349905850546,-0.241896789238244,2.18852253035401,1.4242511229438
"15360",-0.529314653847626,-0.973987429191438,-0.43126181167308,0.678621768215455,-0.43145951755457,0.119081287901486
"15361",2.69336351586223,-0.973987429191438,-0.448745714377927,1.40356314764936,-0.121221525990064,0.119081287901486
"15363",2.76889342599539,-0.973987429191438,-0.654722821475656,0.105874515616386,-0.761807555376316,0.119081287901486
"15364",0.0310952088016159,-0.364219162365198,0.191967140056743,0.625249369599738,0.169279475890676,-1.28442538472663
"15365",-0.668977501955303,1.11082404530309,0.957277696719466,0.101575607452232,0.766912027400405,-0.438777835933636
"15366",-0.17126787583335,-0.364219162365198,-0.150039767730249,-0.359085351358203,0.344288777277164,-1.76696477563821
"15367",-0.351090569485277,0.403998001147492,0.785130719397921,0.0699053177807149,0.747771028340292,-0.839756493616198
"15368",-0.71160476618564,-0.973987429191438,-0.395547425525206,2.16856446017927,-0.408086168857447,0.119081287901486
"15370",-0.51988285903912,1.11082404530309,0.982405004138596,0.367016588755173,0.564329513295228,-0.450556358258625
"15372",0.44858940096265,-0.973987429191438,0.840158816179347,1.66875012210731,1.52019247029324,0.119081287901486
"15373",-0.841877522335843,1.84096642608922,0.992643219158774,-0.0206483948662646,0.179967124137296,0.103398318141872
"15374",0.361291432801387,-0.973987429191438,-1.19832677893759,1.32257215690201,-0.862486535407515,0.119081287901486
"15376",-0.521592675931451,0.0684183080558247,0.431347928011197,-0.659761081707349,0.33692612935026,-0.978459595731097
"15379",0.770299094777318,1.11082404530309,1.34430719689617,0.0289109409229617,1.33958094432363,0.322606183389058
"15380",-0.840682040606246,0.678186574882064,0.698617054286799,1.10814587854265,-0.0360260032480499,-1.16985033867159
"15381",1.21122333874342,-0.364219162365198,-0.157799999801803,1.67299206702155,-0.632102158863072,0.289183400717736
"15382",-0.780108649481612,0.910009710803488,1.73552288736548,0.0673211251474127,1.76040362163907,-0.626704154950449
"15384",0.77124435940072,-0.364219162365198,-0.0973154666374832,-0.202631392691301,0.313128792979718,-1.45756546127541
"15385",-0.521641329257655,-0.973987429191438,-0.678018379506317,0.41421316864497,-0.677599223699442,0.119081287901486
"15386",0.940210410833865,-0.973987429191438,-0.498838342452983,-0.444638315819787,0.0933396151798098,0.119081287901486
"15388",1.78089818479704,-0.973987429191438,-1.34435844000069,-0.329010315637286,-1.13255357896724,0.119081287901486
"15389",0.799039309613848,-0.973987429191438,-0.303351878685619,3.63524149608769,0.0108520415824635,0.119081287901486
"15392",-0.880216343385009,0.403998001147492,0.619598245456418,-0.0220778080007077,0.891266707810643,-1.39671049978866
"15393",-0.762523947296262,-0.364219162365198,-0.934342108886324,0.0431877084648968,-0.731009800440554,-1.72255971405028
"15394",-0.830506544954328,0.403998001147492,0.909393425078093,0.38128365161079,0.634144306693284,-1.37814314159485
"15395",2.33188320311294,-0.973987429191438,-1.56366831711657,-0.226566436378656,-2.34655365895235,0.119081287901486
"15396",0.200756307751969,-0.973987429191438,-0.755947969607285,0.117961145419726,-0.886794974580004,0.119081287901486
"15397",1.97292591285113,-0.973987429191438,-1.67271857974411,-0.202770560525718,-2.22946482631838,0.119081287901486
"15398",-0.76251699682109,-0.364219162365198,0.510891106137477,-0.0123493573388644,0.506420146259278,0.0555473993542532
"15399",-0.911097304574539,0.0684183080558247,0.0991670271436937,-0.155402190038546,0.331977747697912,0.40126601118661
"15400",-0.000675413209939366,0.678186574882064,-0.00789881287754063,1.40024821659704,-0.00833013683832771,-0.265150550648805
"15402",0.560505952183403,-0.364219162365198,-0.117582017606661,-0.259386163340148,0.428580024051141,0.564897571407492
"15405",0.969840286492421,-0.973987429191438,-0.598507334607211,1.01930374042771,-0.540677047653986,0.119081287901486
"15406",-0.610961885693992,-0.364219162365198,-0.285931852781213,-0.759947245895472,-0.333005453019523,-1.73516260555871
"15407",-0.590339825858446,0.403998001147492,0.304262226329728,-1.10204198660282,0.254976490009481,-1.11467148758857
"15408",1.72036649652343,-0.973987429191438,-0.81803735555021,-0.986831333414371,-0.992645790695733,0.119081287901486
"15410",-0.0810924109508481,1.2879548417083,1.28617648484015,0.496467736726404,0.844065408838779,0.733563826425759
"15411",-0.661818512528066,0.403998001147492,0.512967995669284,-0.353090318578684,0.222709035098075,-0.343842528951815
"15412",0.789405951025352,-0.973987429191438,-1.09526104380492,0.0266783385236972,-0.978579205410554,0.119081287901486
"15414",-0.829679438408851,0.0684183080558247,0.0568901961584519,0.0761698271392448,0.0882246201118883,-1.26046538695682
"15415",2.21113259794848,-0.973987429191438,-0.210767139986601,-0.519926485463871,0.253601695250079,0.119081287901486
"15416",-0.279118399078439,0.403998001147492,1.40453126254468,0.127543651435759,1.2652399267922,-0.839914042039866
"15417",-0.0713547952347709,-0.973987429191438,-0.289011631284184,-0.0290907149360633,-0.24852136388919,0.119081287901486
"15419",-0.679361511862383,-0.973987429191438,-1.37204989453408,-0.108508647905658,-0.408086168857447,0.119081287901486
"15421",-0.339045396012071,0.403998001147492,0.224789619052651,-0.0447248905361968,0.179967124137296,-1.0234598030415
"15422",2.31035758150503,-0.364219162365198,-1.64125173733215,-0.157701581921215,-1.75925880226346,1.64597172801596
"15423",-0.541172164491186,-0.973987429191438,-2.1502371892256,0.183209831306654,-1.02899597520659,0.119081287901486
"15424",1.6211137110662,-0.364219162365198,-0.521661451456988,0.226050621868079,0.257718637020906,1.64597172801596
"15426",-0.731997460340508,0.678186574882064,0.54593894037862,-1.44844232422559,0.385870834304196,-1.14822386549142
"15427",-0.591410199034945,0.0684183080558247,0.561309693614501,-1.49114310322032,0.680242231272727,2.72931773593378
"15428",-0.772574334395082,-0.973987429191438,-1.67462799621902,-0.205502619685348,-1.02158543938148,0.119081287901486
"15429",-0.660629981273641,-0.364219162365198,-0.492174968665913,-1.50241861918421,-0.0280093177810612,0.521861588628894
"15432",-0.692338049008648,-0.973987429191438,-1.18292626277895,-0.0991280887698545,-1.35965221911786,0.119081287901486
"15433",1.21170987200546,-0.364219162365198,-0.250354292829848,-0.418404031559049,0.229841236769392,0.32797278072443
"15434",-0.841238078620012,0.678186574882064,0.300117241987112,0.0194195221741551,0.375393786856665,-0.316846429609641
"15435",-0.702409287532984,-0.973987429191438,-1.29495734862377,-1.43989374246069,-1.49813891455725,0.119081287901486
"15436",-0.802259813855015,0.0684183080558247,0.320613527956737,-1.78117225969127,0.284609016719715,-1.20940495994729
"15437",1.70112063077196,-0.973987429191438,-1.05486007684065,-1.5898267109851,-1.21353155090597,0.119081287901486
"15438",0.389510362000012,-0.973987429191438,-1.25594792114356,-1.23309989742297,-1.43204734383562,0.119081287901486
"15440",-0.380303416633509,0.0684183080558247,-0.520933219818814,-1.24594341827605,-0.525175001491411,-0.758374667206534
"15442",1.56132572363601,-0.973987429191438,-0.161735392576029,3.37437603598105,-0.899247284561434,0.119081287901486
"15443",-0.91009643614976,1.11082404530309,1.2275323499085,-0.882089181029222,1.08070435109283,-0.585899009536597
"15444",-0.83292531031421,-0.364219162365198,0.550113372098275,-1.17777976561323,0.496490934318517,1.55938205334311
"15445",1.72033869462275,-0.973987429191438,-1.51896057215705,0.233957687797643,-1.44481359219607,0.119081287901486
"15447",2.38244095951462,-0.973987429191438,-1.26335021862271,-0.0907960579878117,-1.15859866414113,0.119081287901486
"15448",2.202590463962,-0.973987429191438,-0.312210352295714,-0.0622520495963973,-0.401538077466741,0.119081287901486
"15449",-0.661700354450141,0.0684183080558247,0.245443099772762,-0.160671756723099,0.547695843552329,-1.27093908676012
"15450",-0.622562228756186,-0.973987429191438,-0.427602663240694,-0.306635203027395,-0.0360260032480499,0.119081287901486
"15452",-0.630499671402695,0.0684183080558247,-0.257817515885979,-0.783363944154154,-0.259257569445174,-1.26956183813299
"15453",-0.91022849517803,1.11082404530309,0.526785662859439,-1.48744161390258,0.570701051291039,0.355249776153184
"15454",2.70150252228873,-0.973987429191438,-1.14593685328889,-1.0880709094182,-1.14981736521499,0.119081287901486
"15456",1.91102498096863,0.0684183080558247,-0.418572560080206,-1.0390720944314,0.358803369828396,0.452796310464907
"15457",1.70014756424787,-0.973987429191438,-0.916118796600653,-1.67477339521681,-0.827423053442298,0.119081287901486
"15458",-0.670916684528312,-0.973987429191438,-1.22991838394268,0.254278051333572,-0.701412267863089,0.119081287901486
"15460",2.62068934746301,-0.973987429191438,-0.999066806176144,-1.74019231098819,-0.985579936047842,0.119081287901486
"15462",0.0196616771435524,0.0684183080558247,-0.924708007028366,0.159943140491438,-0.627698819591003,0.0598547099369126
"15463",-0.630805492310267,-0.973987429191438,-1.43272170098721,-0.0389277325519731,-0.992645790695733,0.119081287901486
"15464",2.46063380520046,-0.973987429191438,0.302617761772947,-1.15428050298001,-0.0946448010910605,0.119081287901486
"15465",-0.729738555909584,2.41167084498539,1.90925104504516,1.69276133433661,0.879285798579589,1.02340331945958
"15466",-0.070812658171349,-0.973987429191438,-0.633515016864507,-1.30233054592725,-0.357217029387378,0.119081287901486
"15467",-0.831535215279795,0.0684183080558247,-0.263436163406945,-0.707670338374168,-0.18220772800089,-0.652550363775294
"15468",-0.410975863567876,-0.364219162365198,-0.358570849321599,0.0527900228307949,-0.706265791707357,1.64597172801596
"15469",-0.422041020041819,-0.364219162365198,-0.242301484273661,0.220251814714087,-0.716066881205846,-0.159423526388414
"15471",-0.901561252638452,-0.973987429191438,-0.381800044759879,-1.23951192391405,-0.327071251764538,0.119081287901486
"15472",0.208950917979845,-0.973987429191438,-0.547298621651734,-1.49328188144,-0.341994598135824,0.119081287901486
"15473",-0.781894921600835,1.11082404530309,0.737117019501754,2.61844711405969,0.40414717819407,3.44228586402634
"15475",-0.151382566366043,-0.973987429191438,-0.382469323614074,-0.203343879628844,-0.160538540349862,0.119081287901486
"15478",-0.521279904548708,-0.364219162365198,0.543502866097145,0.637674200618107,0.28592886743792,1.64597172801596
"15480",0.239289742105953,-0.973987429191438,0.185010153761418,0.0911173578179491,-0.199499587868554,0.119081287901486
"15482",-0.770016559531759,1.84096642608922,2.23170290322236,2.17325927352493,1.92819222057462,0.211116337481337
"15483",0.690271323646045,0.403998001147492,-0.958021791359043,-1.92049255067902,-0.230090590392603,0.378348429697076
"15484",-0.911924411120016,0.403998001147492,1.31882053697315,0.0357418741875785,1.57672404781969,1.04450547895165
"15485",-0.621450152728654,0.0684183080558247,1.0417800516318,0.573848705596539,0.893640378171124,-1.61380987303191
"15488",0.000895394178949644,-0.973987429191438,-1.69628580821976,1.07427300857142,-1.27274910279262,0.119081287901486
"15489",-0.699170366102797,0.0684183080558247,0.370348309183516,0.233203750249181,0.328245190323484,-1.02344192300634
"15491",0.0285235329879482,0.910009710803488,1.19792832665009,0.091600736445162,1.08393953534498,0.618236598080547
"15492",-0.641620431678016,-0.364219162365198,-0.0757755966102503,0.0135388612820731,0.153745725994674,0.650865039500382
"15493",-0.600411064382782,0.678186574882064,0.817716628873802,-1.15115479279942,0.253601695250079,-0.650775239949698
"15494",-0.711667320462188,-0.364219162365198,0.4701763076962,-0.663438498250917,0.804471646666917,-0.720854424265413
"15497",-0.750450971922367,-0.364219162365198,0.458279483372354,1.82040595706796,0.347943510377192,-1.80888978814935
"15498",-0.900977412723998,2.99482118529801,2.39812523227696,0.396063490912926,2.07922170262187,1.91854168021454
"15500",-0.841335385272421,0.403998001147492,0.368372773250001,-0.132321700228239,0.281962415097144,1.17004725815158
"15502",-0.770864517502752,1.84096642608922,2.19337079138748,1.15395458414887,1.80166092635119,0.151500982495886
"15503",2.70292041922383,-0.973987429191438,-1.34145426295433,-1.92049255067902,-1.30418423272032,0.119081287901486
"15504",-0.110687534233544,-0.973987429191438,-2.14054173250184,-1.68053331141497,-1.86347319283305,0.119081287901486
"15505",-0.398513661584345,0.678186574882064,1.32351953771912,0.826969834613779,1.36707544320561,0.898079258614926
"15506",-0.700546560186868,0.0684183080558247,0.243380592030466,-1.27221218648548,0.57521964818128,-0.328779332562478
"15507",0.79110881744251,-0.973987429191438,-0.344022149430617,-0.655039007380057,-0.682302482672064,0.119081287901486
"15508",0.969430208457269,0.910009710803488,0.266900124218218,-0.623523410074824,0.0830749468465402,3.44228586402634
"15510",2.38213513860705,-0.973987429191438,-0.872561897918614,3.16145962010417,-2.59373601988992,0.119081287901486
"15511",-0.809613416587071,0.678186574882064,0.180482428329668,-1.33330464246085,-0.28958941386077,1.68738114853931
"15512",0.631379947513053,-0.364219162365198,-1.46670844182715,-0.0877665415773523,-1.32588782058408,-1.51993435070787
"15513",-0.59145885236115,2.48880947564202,2.48278491863135,1.13285259952039,2.0282900923471,1.21531227587101
"15514",-0.801669023465389,1.72059231212933,1.41263328181812,0.312016472698297,1.26814045116532,-0.000656900423925009
"15516",-0.479799468721763,0.0684183080558247,-2.00538966157529,-1.65671885584637,-2.01094903338873,2.72931773593378
"15517",1.41051431335233,-0.973987429191438,-0.818498125973103,-0.73067577840445,-0.22490576550186,0.119081287901486
"15518",-0.280557147439059,1.2879548417083,0.804180562971751,-0.817940682588158,0.882899955583225,-0.0830088683416189
"15520",-0.910221544702857,-0.973987429191438,-0.611787114910172,0.0285533407041482,-0.172500581226806,0.119081287901486
"15521",-0.521022736967341,1.2879548417083,1.17096358911855,-0.162450271102297,1.16686856397178,0.3394403973361
"15522",-0.600146946326244,-0.364219162365198,-0.490852867318535,-1.0967676121117,0.281962415097144,0.287965914685621
"15523",-0.0818013594183998,-0.973987429191438,-0.462410654681754,0.949675189309898,-0.827423053442298,0.119081287901486
"15524",-0.680515290740948,-0.973987429191438,-0.408406925375444,3.63524149608769,-2.59373601988992,0.119081287901486
"15525",-0.901776717368786,0.0684183080558247,0.0127060032058305,-1.53210410532328,-0.0141805423759325,-1.6733622581962
"15526",-0.591653465665968,-0.364219162365198,-1.29962843726348,0.823187062594935,-2.09703054455306,1.64597172801596
"15527",-0.740623000029053,1.2879548417083,0.996932314779305,-0.254113080453947,0.698844970787076,-0.461032773048252
"15528",1.61977921983316,-0.973987429191438,-0.943339029698415,-0.858922216778165,-0.880644545047084,0.119081287901486
"15529",-0.700254640229641,1.72059231212933,1.40003055277669,-1.28140524738405,1.64690259034243,0.0418664763836251
"15530",-0.710652551087065,0.403998001147492,0.59885359711426,-0.334001423831453,0.657138569742368,-0.881775995874924
"15531",-0.843392725923355,-0.364219162365198,0.825675994497209,-0.835651699342598,0.76761177309449,1.64597172801596
"15532",-0.671632583471036,0.403998001147492,0.635102315316218,-1.23809973613649,0.202375058763381,-1.3320020156599
"15533",-0.731990509865336,0.0684183080558247,0.0908570171527261,-0.749064430822511,-0.235311050098262,0.622056583497821
"15535",0.80915920146439,0.403998001147492,-0.298598476191806,-1.11561480672972,-0.81048018227694,-0.322946100402026
"15537",0.710267840716105,-0.973987429191438,-1.53773003957238,-1.55090097689953,-1.95854384911368,0.119081287901486
"15539",-0.851267614293317,-0.973987429191438,-0.242438871157519,-0.407308289028279,0.0295617041733651,0.119081287901486
"15540",-0.811337134429745,-0.973987429191438,-1.00274789548946,-0.315406464037665,-0.513752622375861,0.119081287901486
"15541",0.219091661255903,-0.973987429191438,-1.7534437530867,-1.92049255067902,-1.57053403927501,0.119081287901486
"15543",1.96040810706622,-0.973987429191438,-1.42165487072434,-1.56315010905897,-1.14981736521499,0.119081287901486
"15544",-0.832549984654918,1.44640373839476,1.3087379863397,-0.359047199579033,1.56677580474229,-0.397854581505617
"15545",-0.38077604894521,-0.364219162365198,-0.753701169001219,-1.79644064766275,-0.672924908042205,-1.81686871463534
"15547",-0.850961793385745,2.05617200522099,1.57664178282167,-1.1031113562829,1.75793900930234,0.449091626440181
"15549",-0.151813495826712,0.0684183080558247,0.694320672629622,-0.272972503220855,0.428580024051141,-1.28776694651414
"15550",-0.882141625007674,0.403998001147492,-0.187562900104067,-0.78343353176773,-0.219756092236512,-1.21365205302315
"15551",-0.560605693072308,-0.973987429191438,-0.415797924922959,-0.250578748932198,-0.448606383322257,0.119081287901486
"15552",1.25006259400497,-0.973987429191438,-1.70706091621814,-1.40935223131872,-1.41949211753438,0.119081287901486
"15553",-0.32098806151502,-0.973987429191438,-0.429343999583698,-0.995192760561866,0.0984203959779018,0.119081287901486
"15554",1.85299546375697,-0.973987429191438,-0.987894747806656,-0.214164243762154,-1.26255332692661,0.119081287901486
"15555",-0.802357120507424,2.24440155006565,1.55700245223059,-1.3889431548282,1.83515247122901,0.717222937430486
"15556",-0.682176454307074,-0.973987429191438,-0.780254277383871,-0.833361416958588,-0.388608847902536,0.119081287901486
"15557",-0.640737721331162,-0.973987429191438,-0.356113542789069,0.333465074715512,-0.46614928541768,0.119081287901486
"15561",-0.810197256501525,0.403998001147492,0.0837167026384981,0.553016147697002,-0.295236829446207,-0.748871787562418
"15562",2.59325582195883,-0.973987429191438,-1.3799708911849,2.39718545438686,-1.74002805618402,0.119081287901486
"15563",-0.701651685739228,0.403998001147492,0.543808504312843,-0.4740111807377,1.01393880171367,-1.34157215405772
"15565",-0.421290368723235,-0.364219162365198,-1.17355746316491,0.177471292738627,-1.41949211753438,1.64597172801596
"15567",-0.740004407738738,-0.973987429191438,-1.114929738133,0.421712555075933,-0.43145951755457,0.119081287901486
"15568",-0.900414424235059,0.0684183080558247,0.03906835045661,-0.308306823968321,0.118410336420606,0.59589448498321
"15569",0.110963119003931,0.678186574882064,0.529146000795488,1.03970639484445,0.397344978431333,-0.59304048345104
"15570",-0.851761098030534,1.84096642608922,1.43784231130431,-0.418546774733363,1.25536806931949,0.108268037425255
"15571",-0.80974547561534,0.403998001147492,-0.0871133085859516,-0.568492537602383,-0.303787470179979,1.37893738594132
"15572",-0.879854918676061,1.11082404530309,1.03174195769519,-0.515752778439458,0.852243095002413,-0.347452340265963
"15573",-0.610239036276097,-0.364219162365198,-0.165634050522815,-1.26220961066338,-0.0795605684111332,0.32365520023374
"15574",0.850869002972012,0.403998001147492,-0.0558429916311581,-1.59050998202499,-0.130291172817766,-0.684040507755081
"15576",-0.55036069266867,-0.973987429191438,0.199303477292252,0.165483116703682,-0.000599038063864639,0.119081287901486
"15577",0.588544169027554,0.0684183080558247,-0.843928951542983,-1.17069319385076,-1.12406663148722,-0.759407184799649
"15578",0.700307809794521,-0.973987429191438,-1.42652653741861,-0.743623696263763,-1.5262744976451,0.119081287901486
"15579",-0.240383400944465,-0.364219162365198,-0.650702968841285,-1.1406802351752,-0.918317086918013,-1.66632426387593
"15581",0.281367918797696,1.95241544805075,1.33816590218907,0.357245470014547,-0.25119122216421,1.08778728905899
"15582",-0.67958392706789,0.0684183080558247,-0.0470415812747199,-0.213683890347307,0.105142332742649,-1.06722624199277
"15584",-0.690009639826002,0.403998001147492,-0.00256501240693752,-1.29517428362649,-0.174915762585035,-0.144506875611233
"15585",0.842271265184155,-0.973987429191438,-0.380318713661934,-0.27790907959798,-0.15816857306928,0.119081287901486
"15587",-0.420901142113599,0.403998001147492,0.192408447738112,2.05074128970641,-0.177338647884086,-1.22819222514797
"15589",1.63242908464634,0.0684183080558247,-0.339423761616769,-0.14217408222132,-0.366499106978274,1.16092473390738
"15592",-0.459003647006915,-0.973987429191438,-0.510509006566439,-0.164358423930891,-0.0816972052551916,0.119081287901486
"15593",-0.219955954413736,-0.973987429191438,-1.05633526701723,0.912649464308601,-1.41949211753438,0.119081287901486
"15594",-0.769231155837314,0.678186574882064,0.737386509369016,-0.0934758501516856,0.692694541254157,-0.526092298002107
"15596",0.0806590472536834,0.678186574882064,0.547414686506656,-0.0228962514968005,0.26723893583288,-0.800897291360084
"15597",-0.570954950603528,-0.973987429191438,-0.658332245132963,-0.272694291219347,-0.261965500645552,0.119081287901486
"15598",-0.39189680922053,-0.973987429191438,-0.90372430698534,-0.0941793062107589,-0.682302482672064,0.119081287901486
"15599",-0.66032416036607,-0.364219162365198,0.0428019252736032,-0.280937493162401,0.454367187308047,-1.39694587130086
"15601",-0.811920974344199,2.05617200522099,1.8418442604087,-0.140250420340923,1.92499849240539,0.413808179764952
"15602",-0.841523048102067,1.44640373839476,0.481212881621223,0.493456303551316,0.803137890578462,-0.383515712670181
"15603",-0.13917753196388,-0.973987429191438,-2.1502371892256,0.312052001395507,-1.06717355293204,0.119081287901486
"15604",-0.401370306880068,-0.973987429191438,-0.990957669197647,-0.44331570765377,-0.687035045627916,0.119081287901486
"15605",-0.561300740589516,0.678186574882064,0.415480010849731,-0.0478275132134348,0.0847953867603428,-1.10476077245452
"15606",-0.311709177160299,1.44640373839476,1.14870144689759,0.84940868983896,0.618986009683944,0.167757970503982
"15607",2.44195092793793,-0.973987429191438,-1.58435370179884,-0.959104492632219,-0.50623202730297,0.119081287901486
"15608",-0.640974037487013,0.403998001147492,0.340356325812493,-0.0254356764842521,0.450129665036144,0.64922659859365
"15609",0.920519714671376,-0.973987429191438,-0.727124566354809,0.00181045326650883,-0.741137602446644,0.119081287901486
"15610",-0.409634421859665,-0.973987429191438,-1.52647517333937,0.00737291131176481,-1.34822984000231,0.119081287901486
"15611",-0.830833217287416,1.95241544805075,0.649038316354597,0.819942968971137,0.186007505052844,0.477717128277392
"15612",-0.561544007220539,-0.364219162365198,-1.07563117616175,0.664175966319259,-1.5262744976451,1.64597172801596
"15615",-0.821700292911309,2.76299804937659,2.19454433286253,0.328925658357994,2.0010700741915,1.61758011589408
"15618",-0.598951464596647,0.403998001147492,0.0589584522345403,-0.0892842561763019,0.106813563113678,0.399489500065631
"15619",-0.819003508544544,-0.973987429191438,-0.6289378044546,2.17293979210261,-0.804915513453088,0.119081287901486
"15620",-0.360459810017234,0.0684183080558247,0.629004558020137,-0.212849346874139,0.638301809668319,-1.50868515140088
"15621",-0.881467428915983,0.403998001147492,0.47813828368937,1.77088320297941,0.181481728621622,3.44228586402634
"15622",-0.492261670705294,1.44640373839476,1.34570001212584,0.0869673236425184,1.09674421492794,0.35465642425031
"15623",0.488297465620715,-0.973987429191438,-0.72014178951599,-0.189664848325913,-0.868491103413878,0.119081287901486
"15624",0.240499124785894,0.403998001147492,-0.16990066176621,-0.0869373627549416,-0.0753052413308636,-0.159009420567682
"15625",0.110921416152898,0.403998001147492,0.618917255893467,0.298850450953706,0.836437824435411,-0.0540253070249656
"15626",-0.17920531847986,-0.364219162365198,-0.0556482722370884,-0.350803389982031,0.503454987397324,-1.69539894600114
"15628",-0.879959175803642,1.44640373839476,1.1345058056055,-0.00688675221354227,1.19047994310186,-0.392796924783913
"15630",-0.471771669898017,-0.364219162365198,0.407280796063154,0.0704067304980234,0.536400856285666,-1.286916450012
"15632",-0.769634283397295,1.2879548417083,1.24570476499663,0.0644214738959671,1.27211067301942,-0.0220406641404307
"15634",-0.752376253545032,-0.973987429191438,-0.894001908396297,-0.161055523628686,-1.04403753399695,0.119081287901486
"15636",-0.0295893899257717,-0.364219162365198,0.0018724972944275,0.525969167635287,-0.24852136388919,-1.47107753813759
"15637",-0.398736076789852,-0.973987429191438,-0.964966818443724,-0.261915066463454,-0.850617951792726,0.119081287901486
"15639",0.419459959516483,-0.973987429191438,-0.436288442670859,-0.10642023588038,-0.151102718421389,0.119081287901486
"15640",-0.881703745071833,2.15322978255035,2.34047885475013,0.399534124963404,2.13520112528084,0.51712260169343
"15641",0.129388828685102,0.403998001147492,0.789332962311702,-0.1885503911099,1.04417705732948,-1.03396021047228
"15643",0.992818557411302,0.0684183080558247,-0.070133777499296,0.0910580345812118,-0.357217029387378,0.104291773834048
"15644",0.739571044041574,0.403998001147492,0.0867420137509035,-1.83706355132841,0.252224407661099,0.585244467135229
"15645",-0.740470089575267,-0.973987429191438,-0.137176793107546,-0.533180983439855,-0.327071251764538,0.119081287901486
"15646",0.651584978838275,0.0684183080558247,-0.394261436347434,-0.437826040989515,-0.000599038063864639,-1.17283164800867
"15648",1.11949096742237,-0.364219162365198,-0.101048719300608,0.424991352535731,-0.448606383322257,0.0321074352740688
"15649",2.44160340417932,-0.364219162365198,0.0993989081381162,3.63524149608769,-0.5446025028879,1.55257063788235
"15651",-0.558965380931699,0.0684183080558247,-0.0923512528800485,0.0954938814697769,0.147442171998538,-1.21922594348841
"15652",-0.0108578593370293,-0.973987429191438,-0.62567345255361,-0.172174482753551,-0.484106951519832,0.119081287901486
"15653",0.000631276122410794,-0.364219162365198,0.159114429813182,2.49980197332068,0.844065408838779,1.64597172801596
"15654",-0.831055632492922,-0.364219162365198,0.200338567282912,1.02740581457911,0.141085867983477,1.64597172801596
"15655",1.51002426639093,-0.973987429191438,-0.209211414368438,-0.142935596196388,-0.148761964959668,0.119081287901486
"15656",-0.471493650891134,0.403998001147492,0.028380552819276,-0.183651648648447,-0.105605653585019,-0.958884571619896
"15657",-0.700602163988245,-0.973987429191438,-2.1502371892256,0.567041255887785,-2.09703054455306,0.119081287901486
"15658",0.979584852683671,0.678186574882064,0.286271191482707,0.160395526243882,-0.369618511351043,-0.229186139110899
"15659",-0.489196511154409,-0.973987429191438,-0.705493749801338,0.478269942357649,-0.957956022832623,0.119081287901486
"15660",-0.672515293817889,1.44640373839476,0.653890553867151,-0.0541957573221451,0.742728793342151,-0.291468847218843
"15661",2.25128549301756,-0.364219162365198,-0.696568648280898,1.4459356840435,-0.388608847902536,1.64597172801596
"15663",0.13866076256465,-0.973987429191438,-1.3584428477922,-0.226650739517874,-0.992645790695733,0.119081287901486
"15664",-0.419789066086067,-0.973987429191438,-0.515066658892035,0.235588418941726,-0.696589560250936,0.119081287901486
"15665",0.759567561111634,-0.364219162365198,0.923844381556687,0.0433035946993458,1.08762009444083,-0.277496746543658
"15667",-0.529877642336564,-0.973987429191438,-0.719351406249301,0.258751342851789,-0.375896017306257,0.119081287901486
"15668",1.25178631184765,-0.973987429191438,-1.84231071286886,1.70079578415104,-1.28308360094871,0.119081287901486
"15669",-0.522002753966603,0.403998001147492,-0.0453213704423549,0.126739798804831,-0.107816932867896,-0.871448339915971
"15670",2.04239591219602,-0.973987429191438,-1.17407779415532,-0.299144960612219,-1.10737202765443,0.119081287901486
"15671",-0.740803712383527,1.11082404530309,1.07099149505291,0.719915616529082,1.10799736737526,-0.209461016160489
"15673",-0.041648464349322,0.403998001147492,1.09212713367636,0.0693785603605665,0.988222943621126,-0.958968703410014
"15674",-0.19139645193168,0.678186574882064,1.00303504315223,0.16737300301962,0.890077085175604,-0.220394408351929
"15675",-0.11070838565906,0.0684183080558247,-0.660561317304131,-0.221734614544734,0.219837296716296,-1.08592704418153
"15676",-0.740782860958011,0.0684183080558247,1.28257070421895,-0.106701734078678,1.32191951406207,-1.39044047072998
"15677",-0.431736932906864,-0.973987429191438,-0.0785610172964148,0.0789502998894001,-0.160538540349862,0.119081287901486
"15678",-0.39913225387466,-0.973987429191438,-0.590082036846365,0.542456513780794,-0.576758580605547,0.119081287901486
"15679",-0.682252909533967,0.403998001147492,0.0636344469634799,-1.0974439392144,0.824850879283793,-0.366782056429115
"15680",-0.831319750549461,0.0684183080558247,0.503611320687107,-0.100535008110071,0.668379826245235,-1.64443891493289
"15681",-0.672320680513071,0.678186574882064,0.558786014689049,0.4367296301789,0.551423821083361,-0.749641676612638
"15683",0.24996567197026,-0.973987429191438,-1.0815303671189,0.04643902602197,-0.833155713839811,0.119081287901486
"15687",-0.83915293606839,1.44640373839476,1.16901295478346,-0.0382285859270149,0.910631169918458,-0.196484587906439
"15689",0.27136618502508,-0.364219162365198,-0.859217921899287,0.494252959939959,-1.16748267064598,-1.65703334370799
"15690",-0.882287584986288,-0.364219162365198,-0.906865345613805,-0.45328359526278,0.0258564583030734,-0.665551385935764
"15691",1.60018583032308,-0.973987429191438,-1.36641270851848,1.56674249451596,-1.28308360094871,0.119081287901486
"15692",-0.64133546219596,-0.973987429191438,-1.09307099379612,-0.184057151023033,-0.793907003413984,0.119081287901486
"15694",-0.91322804224329,2.05617200522099,1.80491976071218,1.80460892861952,1.09810342894505,0.354090246835816
"15695",1.74309455033612,-0.364219162365198,-0.46646857213062,0.00057627467382143,-0.469707015093863,1.64597172801596
"15696",-0.591222536205299,1.2879548417083,1.08754851014678,-0.16820859372288,0.717002980426646,-0.238542847208287
"15699",-0.749026124512092,-0.973987429191438,-0.696966218007847,-0.0934056420038196,-0.944511886076262,0.119081287901486
"15700",0.798796042982826,-0.364219162365198,-0.0306244461566154,-0.953302360003163,-0.0753052413308636,1.64597172801596
"15701",-0.901748915468098,0.403998001147492,0.616090768291078,-1.16909004763634,0.635810039591574,0.321119657039497
"15703",1.72211106579162,-0.973987429191438,-1.00969460121253,0.981566301779773,-1.34822984000231,0.119081287901486
"15704",0.479894341137676,0.403998001147492,0.949881537976676,0.0602786244448706,0.726660284758558,1.10594926650659
"15705",1.08957612228176,-0.973987429191438,-1.32959590971145,0.292734915848378,-1.39498760869193,0.119081287901486
"15706",-0.289342548056562,0.403998001147492,0.31505428101522,0.0408196031588348,-0.15580597739401,1.97277732097166
"15707",-0.571434533390401,0.403998001147492,0.195374376671474,-1.58413079000333,0.310579884892495,2.06424680482854
"15708",-0.519855057138432,1.11082404530309,1.23306294732641,-0.525307256253103,0.854741695601537,-0.63209504823211
"15709",1.91236642267684,-0.973987429191438,-1.38790746391354,0.207952744008984,-0.892995612256327,0.119081287901486
"15712",-0.831479611478419,0.678186574882064,0.324158297941128,0.0976183060965496,0.158439297451468,-0.866732763006501
"15713",0.509927344356213,-0.364219162365198,-0.580820587843989,0.00927840021848384,-0.731009800440554,-1.59361093049493
"15714",-0.810329315529794,-0.364219162365198,-0.644635101584065,-0.751725681737164,-0.568591040650164,-0.0561215002791757
"15716",0.530605007993136,0.403998001147492,0.34592728733922,-0.786451558422581,0.475207284564545,-0.87554419040229
"15717",1.42080796708217,-0.973987429191438,-1.28944122116759,0.167926534801787,-1.30418423272032,0.119081287901486
"15719",-0.600584826262084,1.95241544805075,1.5964344796947,-1.38949261700724,1.46472054928878,0.61034715991385
"15720",-0.681620416293308,-0.973987429191438,-0.155214277365183,-1.53862448733791,-0.256559257914089,0.119081287901486
"15721",-0.810662938338054,-0.973987429191438,-0.351761082771254,-1.34964127732951,-0.0122253961298853,0.119081287901486
"15722",-0.570239051660804,0.678186574882064,0.919759428618564,0.681742726965238,0.722960453297227,-0.748863239900656
"15723",2.72283353059182,-0.973987429191438,-1.09453037985033,-1.46630435770911,-1.27274910279262,0.119081287901486
"15724",1.08997229936657,-0.364219162365198,-0.983941173145582,0.0744852276756188,-1.27274910279262,-0.445726070880827
"15725",-0.771719425948917,-0.973987429191438,-0.45597511851767,-0.421130630158984,-0.438271885166165,0.119081287901486
"15727",-0.760772427552899,1.11082404530309,1.61728347477047,-0.0977093764272171,1.55545703382434,-0.691963997548004
"15729",1.20092968501357,-0.973987429191438,-1.75468773795738,-0.107302040461,-1.98429458284144,0.119081287901486
"15730",-0.27031214703542,0.0684183080558247,0.360569729309427,-0.177288836642338,0.423095712159097,-0.632064076857416
"15732",1.20017903369499,-0.364219162365198,-0.739202637978285,0.142108860380051,-0.459083430769788,-1.29176950875342
"15733",1.90300413262005,-0.973987429191438,-1.22658308243112,-0.161535399279371,-1.39498760869193,0.119081287901486
"15734",0.220815379098577,-0.364219162365198,0.507164031250354,1.22096644231654,-0.0990101803319425,-0.494966896792633
"15737",-0.78026851041057,1.2879548417083,0.408507583282373,-0.125764444435203,0.314400046660909,0.216428657904779
"15738",-0.739017440264304,2.24440155006565,1.56001242370035,0.476479043998404,1.53510672263945,0.73699786718635
"15739",-0.260796946524849,-0.973987429191438,-0.391549080883609,1.32561521074656,0.136283488041758,0.119081287901486
"15740",-0.431271251070335,-0.973987429191438,-1.2648809612219,-0.092989253358997,-0.721015262858195,0.119081287901486
"15743",-0.762739412026596,0.403998001147492,0.0580145470328053,-0.833614864875025,-0.462608141954054,-0.464168202407468
"15744",-0.149102810509603,-0.973987429191438,-2.1502371892256,-0.549749654725568,-0.899247284561434,0.119081287901486
"15745",-0.731225957596408,0.403998001147492,0.341040665922067,-0.0629857501637532,0.0496236455542931,-0.833691162916434
"15746",0.419105485282708,-0.973987429191438,-1.06839935234113,-1.10837981138881,-0.601801746608917,0.119081287901486
"15747",-0.800737659792331,0.0684183080558247,0.221563006915937,-0.661103061288297,0.126586668300212,-0.810867705958851
"15748",-0.520668262733565,-0.973987429191438,-1.32242601195279,-1.07989289893608,-1.55549248048465,0.119081287901486
"15749",1.43082360180513,0.0684183080558247,2.72398953472936,3.63524149608769,2.52749817040405,-0.0196335671429147
"15750",-0.900880106071589,1.2879548417083,1.00855160316045,-0.904764995384444,1.14463145168281,-0.584426847301025
"15752",-0.530162611818619,1.11082404530309,1.06147767591325,-1.1957140552447,1.21648449376753,-0.650162177900509
"15753",2.12169388343422,-0.973987429191438,-1.81219220748844,1.74616115188743,-0.761807555376316,0.119081287901486
"15754",-0.411330337801652,0.0684183080558247,-0.374437810923825,-0.150961292926789,-0.517541028718898,-1.0626582891817
"15755",-0.82180455003889,0.910009710803488,0.974849143770328,-0.123413176458276,0.97556308560993,-0.643154319144137
"15756",-0.310756962061725,0.403998001147492,-0.258548889620124,-1.92049255067902,-0.37275077928338,-0.631988192539741
"15757",-0.270193988957495,-0.364219162365198,-0.00994533973458832,-0.187287183374015,0.166198035976103,-1.23842562346708
"15758",-0.67995230225201,-0.973987429191438,-1.03428047691131,0.239470290084476,-1.60154136074464,0.119081287901486
"15759",1.25989056589829,0.0684183080558247,-0.862647158946433,0.791491100919071,-1.41949211753438,-0.621568498642513
"15762",-0.271869053473965,-0.364219162365198,-0.176046493349353,-0.194583656469417,-0.341994598135824,1.64597172801596
"15763",-0.60944668210648,-0.364219162365198,0.335254775593346,-0.0521487940942269,-0.283983676998887,0.657210934833603
"15764",-0.0423852147175619,0.910009710803488,1.24436544592843,-0.0258192367016288,1.25056880151185,0.034594767140018
"15766",-0.282211360530013,-0.973987429191438,-0.682747198144213,0.511466497639992,-0.636531173727862,0.119081287901486
"15768",0.23083796429671,0.0684183080558247,-0.12408839148633,0.251149265051174,-0.363392460941241,-0.240776460153738
"15769",-0.85137882189607,2.94012884578181,2.72398953472936,3.63524149608769,2.52749817040405,1.82156716188226
"15773",-0.870951359980633,-0.973987429191438,-0.105975245324598,1.47721971915179,-0.179769286429304,0.119081287901486
"15774",-0.24009843146241,-0.973987429191438,-0.806994900637858,-0.627762219568161,-1.14113642618821,0.119081287901486
"15775",1.53107725568714,-0.973987429191438,-1.58326422612003,-0.254517433623215,-1.32588782058408,0.119081287901486
"15776",0.409757096176267,-0.973987429191438,-0.900527310474391,-0.38209841962101,-0.793907003413984,0.119081287901486
"15777",1.48946476083193,0.403998001147492,0.304553009832666,1.18124729585845,-0.0320070843632701,0.119026807382701
"15780",0.910921108458741,0.0684183080558247,-0.345024453708099,-0.150143106297247,-0.441701118517711,-0.92131904153528
"15781",-0.671674286322068,0.0684183080558247,-0.607114795096107,-0.0886293618128949,-0.593361949810017,-1.44235953232786
"15782",-0.830089516444004,0.0684183080558247,1.05775199512809,1.42302615019751,0.594788207874121,0.351192647541826
"15783",-0.819670754161063,-0.973987429191438,-0.884792477870263,-0.0671034346088921,-0.469707015093863,0.119081287901486
"15785",-0.600195599652448,0.678186574882064,0.962472324876439,0.486870749892707,1.06809508814107,-0.791092588456107
"15786",-0.461186096210946,0.0684183080558247,1.57804907224347,-0.00848917430856473,1.62119732782885,0.682846178104361
"15787",-0.661651701123936,0.0684183080558247,0.209851976159837,-1.54109106473002,0.229841236769392,2.29695989774682
"15789",2.66137047864516,-0.973987429191438,-0.59334830725441,-0.329175130430799,0.0796223322782658,0.119081287901486
"15790",-0.821776748138202,-0.973987429191438,-0.982065168522589,-1.20429619631026,-0.944511886076262,0.119081287901486
"15791",-0.489550985388185,-0.364219162365198,0.659950373103489,0.169642407462361,0.467978110648179,-1.29698561909236
"15793",-0.779503958141641,0.0684183080558247,0.237886425778493,1.76561266524936,0.256348800946828,-1.34876835223214
"15795",0.571167981097366,-0.973987429191438,-0.139868142615911,-0.290869887160866,0.293800169972467,0.119081287901486
"15796",-0.91322804224329,1.2879548417083,1.0867890041858,0.114247943522306,0.591267580958467,-0.284229610405652
"15797",0.208207217136433,0.403998001147492,0.918339811872224,3.28339093537462,0.602650457570058,-0.762944209744551
"15799",-0.17032956168512,0.0684183080558247,0.165372060948272,-0.833732938469726,0.670767174142033,-1.36765294146379
"15800",0.149274138152409,-0.364219162365198,-0.0303765921719133,-1.28665038369688,-0.130291172817766,-1.14046837590565
"15801",-0.461040136232333,0.0684183080558247,0.317680076330379,-0.13347332976703,0.279306559603923,0.844404220079877
"15802",0.500724915228386,-0.973987429191438,-0.387351582381152,3.63524149608769,-2.59373601988992,0.119081287901486
"15803",-0.411441545404405,-0.973987429191438,-0.454848124370522,1.23178900915502,-0.232696335305586,0.119081287901486
"15804",-0.91322804224329,1.95241544805075,1.44918902289978,-0.174204543752007,1.42072914382789,1.60652290846671
"15805",-0.692351949958992,2.33036057895557,1.6682050958965,-0.017261813724287,1.62731108724019,0.950833335721336
"15806",-0.461339006664732,0.0684183080558247,0.0671013008094747,0.363509872664552,0.320724595250593,-1.2485329386306
"15807",-0.421130507794278,0.0684183080558247,0.183555251012048,0.0128844749806731,0.0656527634140131,2.72931773593378
"15808",2.14093279871053,0.403998001147492,1.33265974199419,0.00618662469812718,0.907728705946564,1.52209081091876
"15809",-0.562294658539123,0.678186574882064,-0.277828095915115,-0.274025482755609,-0.2045132951625,-0.808289869168028
"15810",-0.138996819609406,0.403998001147492,0.538821861729811,-0.204740163456409,0.592149268692067,-0.839786302417384
"15811",-0.701936655221283,0.910009710803488,0.922513427452692,-0.129458419690687,0.7577561811099,-0.902564319444428
"15812",0.149301940053097,0.678186574882064,0.750914326402014,1.02741254849678,0.644084346873074,-0.462074266164604
"15813",1.15271423874489,-0.364219162365198,0.48503374635603,0.666864916019163,0.321983210115553,1.48868888467939
"15814",-0.758972254483331,0.403998001147492,0.814304753097251,0.441600109125018,0.88769223581551,3.20021354345727
"15815",-0.290405970757889,0.678186574882064,0.877516228024176,0.997772067491951,1.17509359179245,-0.352355843036063
"15819",-0.431417211048949,0.403998001147492,0.79725474135559,-0.215879737471325,0.937385507884485,-0.894269391736828
"15820",2.2721091166331,-0.973987429191438,-1.02740131847814,-0.494366500335702,-0.850617951792726,0.119081287901486
"15821",-0.48186375984787,-0.364219162365198,-0.194259933663732,-0.810776074148552,-0.50623202730297,1.64597172801596
"15822",-0.891816686447202,-0.364219162365198,0.166608611375706,0.433335626550588,-0.0380434649844348,-1.81686871463534
"15823",2.76889342599539,-0.973987429191438,-2.1502371892256,-0.253409368751369,-2.59373601988992,0.119081287901486
"15825",0.800227840868273,-0.973987429191438,-0.250909380925484,0.425043700186524,-0.441701118517711,0.119081287901486
"15826",-0.361877706952337,0.0684183080558247,0.680922325112708,0.316373765574694,0.677096993249851,-0.760094834531954
"15827",-0.191521560484777,2.05617200522099,0.766733334952978,-0.180689267651589,0.610432159182367,0.812241890145324
"15829",0.068217696695669,-0.364219162365198,-0.105380435655693,-0.466618229378074,0.702663852120477,0.889464711637242
"15830",-0.549783803229387,-0.973987429191438,-0.187034621003143,-0.271431165749139,0.0387465065003501,0.119081287901486
"15831",-0.340671807202336,0.0684183080558247,0.077580781795856,-0.507170548159134,0.772492026028133,-1.39343501987065
"15832",1.62009199121591,-0.973987429191438,0.120093777323273,-0.21553018962682,0.124958427811313,0.119081287901486
"15834",-0.221172287568849,0.403998001147492,0.924932755359719,-0.93021053250469,0.675519476800772,-0.768400966153857
"15835",-0.481856809372698,0.403998001147492,0.228012262060773,0.028458628353404,0.0813506012769143,-1.17261575497388
"15836",-0.422402444750767,-0.973987429191438,-1.36301311333868,-0.355410674141902,-2.03857294660395,0.119081287901486
"15837",-0.278861231497073,-0.973987429191438,-0.5033526456265,-0.154177747299864,-0.55650207623759,0.119081287901486
"15838",-0.811399688706294,2.48880947564202,2.72398953472936,2.89484047876732,2.52749817040405,1.10801695562439
"15839",-0.591166932403923,0.0684183080558247,0.30563664903293,-0.113441794708656,0.40752557025958,-0.312635374401453
"15840",-0.338961990310006,-0.364219162365198,-0.583449506346709,-0.404177235554095,0.00323720189468031,-0.89755220525444
"15841",-0.20014014969815,0.403998001147492,0.433030309181023,0.397680793206116,0.660367369066317,-1.08915523668854
"15843",2.11267216666087,-0.973987429191438,-1.48066463139296,-0.263627135630423,-2.01094903338873,0.119081287901486
"15844",-0.461644827572303,-0.973987429191438,-1.40345098961711,-0.521960074074408,-0.816085919138824,0.119081287901486
"15845",-0.74955436062517,1.2879548417083,1.34619037970803,0.436205249593671,1.20319942645826,-0.382166073294959
"15847",-0.54145018349807,-0.364219162365198,-0.509051648195164,-0.0603676393878287,0.0984203959779018,-1.68084091033852
"15850",-0.731427521376398,-0.364219162365198,-0.923729817431114,-1.92049255067902,-0.212096458617144,-1.21685215479952
"15852",0.941218229733816,-0.364219162365198,-1.23464117213559,-1.06682957744697,-1.58587948840637,1.64597172801596
"15853",-0.40964832281001,-0.973987429191438,-1.53861353582022,-1.77478889257937,-0.81048018227694,0.119081287901486
"15854",-0.881314518462197,1.84096642608922,1.16239039181053,0.170349418815595,0.647368995871425,0.134458860443488
"15855",0.441214946805078,0.678186574882064,-0.0124587082917158,-0.848530165598079,0.133064949763364,0.4469835376127
"15856",-0.882774118248333,2.99482118529801,2.55667534103116,0.3821073318328,2.5170847445512,1.9390887765314
"15857",-0.740629950504225,-0.973987429191438,-0.731204634941449,0.153649769957819,-0.187108221755028,0.119081287901486
"15858",-0.770864517502752,0.678186574882064,0.559599276232563,-1.02447541165779,0.82029667525052,-1.15419323010414
"15860",-0.520070521868766,1.2879548417083,0.237502930008466,-1.12202036857515,0.0778901219557972,-0.423294801372062
"15861",-0.802218111003983,1.2879548417083,1.2102721387073,-1.30981474053102,1.40969686580773,0.00792039039677065
"15862",-0.841203326244152,0.403998001147492,0.116241165677184,-1.3395614558689,0.299002751251434,-1.42095286308055
"15863",-0.670784625500043,-0.364219162365198,-1.92610501405878,-1.74061057648667,-2.26652456146208,-1.33552917319383
"15864",-0.701109548675806,0.910009710803488,0.810483430357017,1.99247633680393,0.838988872667787,-0.691871768251647
"15865",-0.520612658932188,0.0684183080558247,0.175534587233078,0.217001654593915,-0.0523177569535507,-0.914118528971874
"15866",0.0893193393180889,-0.973987429191438,-1.00818450129195,-1.48515092022355,-0.874543517087933,0.119081287901486
"15867",-0.871257180888204,2.15322978255035,1.3677267276685,-0.926333315663062,1.25130912700634,0.539743913915289
"15869",1.84949937474542,-0.364219162365198,-1.2930416332371,-0.720918007924536,-0.614639920910157,1.64597172801596
"15870",-0.599952333021425,-0.973987429191438,-0.593021096663866,-1.52307623138754,-0.128013588211103,0.119081287901486
"15872",-0.78050482656642,-0.364219162365198,-0.679652207366429,-1.92049255067902,-0.564539970262489,1.64597172801596
"15874",-0.290329515530996,1.11082404530309,1.48734025233672,0.810284665038393,1.41149680479505,0.0245056867795495
"15877",-0.910603820837321,-0.364219162365198,-0.319403257076485,-1.72348572021668,-0.0523177569535507,1.64597172801596
"15880",2.76889342599539,-0.973987429191438,-0.647126755296519,-1.84714786521307,-0.50623202730297,0.119081287901486
"15881",2.19997013482213,0.678186574882064,-0.301070099879197,-0.0875226136935777,-0.315340147588534,2.61137512290782
"15882",1.06123208453004,0.403998001147492,-0.2768883614523,0.220825966346011,-0.270147704331226,-0.479373013381399
"15883",-0.902763684843221,-0.364219162365198,-0.493975610564981,-0.954598135657002,-0.43145951755457,1.55661015775837
"15885",0.000672978973443207,0.0684183080558247,-0.530255932510636,0.145847363278214,-0.957956022832623,-1.18361030551485
"15886",-0.321147922443977,-0.973987429191438,-1.13688683985978,-0.246386983224506,-0.746252597514565,0.119081287901486
"15888",-0.120174932843426,-0.973987429191438,-1.19681748018672,-0.331333477166281,-1.2425633864839,0.119081287901486
"15889",0.641041108002237,-0.364219162365198,-0.446493366276974,-1.48215663675498,-0.491410602957629,-1.55591300793195
"15891",1.34105821495778,-0.973987429191438,-0.284372175427981,-0.896416246457068,0.0442045460129851,0.119081287901486
"15894",1.61077140401015,-0.364219162365198,-0.845927859827768,-1.11639066549723,-0.663661696930793,-0.921103843079574
"15895",0.57127918870012,-0.973987429191438,-1.14561681777185,-0.157353639898619,-1.08299858151564,0.119081287901486
"15897",1.02025903339065,-0.364219162365198,-1.0210505399037,-0.77811930496892,-0.43145951755457,1.64597172801596
"15898",-0.912063420623457,0.678186574882064,0.533989220550149,-0.14407994436256,0.275305283113844,-1.201236888213
"15899",2.76311848468917,-0.973987429191438,-2.08981279666674,-0.328310096960936,-1.74002805618402,0.119081287901486
"15900",-0.690593479740457,-0.973987429191438,-0.626792593105003,-1.0862230840434,-0.45557500006472,0.119081287901486
"15901",-0.760821080879103,0.0684183080558247,-0.592343716574683,-1.92049255067902,-0.0300055709595364,-0.600576769787212
"15903",-0.8289704899413,1.11082404530309,1.61211206651177,1.58238255591341,1.37340262595677,-0.416400018724449
"15904",-0.841773265208262,-0.973987429191438,-1.21466673189789,-1.37285307796654,-1.16748267064598,0.119081287901486
"15906",-0.73066296910747,1.11082404530309,0.636657789769464,-0.668335017171582,0.243907822054571,-0.0939536906208771
"15907",-0.890781065646563,0.0684183080558247,0.164049781618737,-1.71985626723676,0.145858075705496,-1.13150691415519
"15909",0.811411155420142,-0.973987429191438,-1.08922034983363,0.459251012007104,-1.05167150676947,0.119081287901486
"15910",-0.91322804224329,1.2879548417083,0.436264271433855,-1.55130199084174,0.71550628260798,-0.363165321097638
"15912",0.859849016894333,-0.364219162365198,-0.825936734672498,-0.339489136234531,-0.572663832698684,0.290476646535184
"15916",-0.761258960814944,1.2879548417083,0.601898591031491,-0.723552386260178,0.489462440970021,-0.524825873015339
"15917",1.55203988880612,-0.973987429191438,-1.45265293680516,-0.689412924152607,-1.68509516941918,0.119081287901486
"15918",0.981113957221527,-0.364219162365198,-0.634251702768521,-0.919047170418785,-0.716066881205846,-0.400263766396549
"15919",-0.730273742497833,-0.364219162365198,-0.262168621434209,-1.62190229401729,-0.0181059976098458,-1.81686871463534
"15920",0.619209665486749,0.403998001147492,-1.20076697531062,-1.92049255067902,-1.04403753399695,3.44228586402634
"15921",0.801228709293052,-0.973987429191438,-0.662237089692747,-0.378984650242319,-0.672924908042205,0.119081287901486
"15922",2.76889342599539,-0.973987429191438,-0.551865008305829,0.703002293834881,-0.793907003413984,0.119081287901486
"15923",2.76889342599539,-0.973987429191438,-1.42665512913928,-1.26980599553951,-0.886794974580004,0.119081287901486
"15925",1.01952923349759,-0.973987429191438,-1.02672842216082,-0.0893423683432487,-1.09103647554054,0.119081287901486
"15930",-0.251274795539107,-0.973987429191438,-0.433761662699121,0.102429143249135,-0.788462005923606,0.119081287901486
"15932",-0.882801920149021,1.2879548417083,1.0194487027905,0.1806563116208,1.34614034516633,-0.191208579459807
"15933",-0.710993124370497,0.0684183080558247,0.350658787730854,-0.256073389032008,0.613008443949081,0.779834935439726
"15935",1.47080968547008,-0.364219162365198,-0.452795819910001,0.743482794169076,-0.931301572285334,1.64597172801596
"15937",-0.281690074892107,-0.973987429191438,-1.31683598660621,0.128263096024169,-1.27274910279262,0.119081287901486
"15938",0.19992225073132,0.678186574882064,-0.477361389483558,0.222212802168496,-0.375896017306257,-0.46970859070911
"15939",-0.0296797461030086,2.15322978255035,1.75725810968252,1.76550847841177,1.88510641735962,1.46586292324636
"15940",2.1902464200564,-0.973987429191438,-2.1502371892256,0.779796525310909,-2.59373601988992,0.119081287901486
"15942",0.411737981600308,-0.973987429191438,-0.626403154311422,0.305293418275494,-0.401538077466741,0.119081287901486
"15944",1.84234038531818,-0.973987429191438,-0.656992641029259,1.28239269408956,-1.55549248048465,0.119081287901486
"15945",2.73199425686862,-0.973987429191438,-1.13729399694794,1.9096753982479,-1.5262744976451,0.119081287901486
"15947",-0.0994347149299543,-0.973987429191438,0.707326272815713,1.38423117009088,0.624072461038676,0.119081287901486
"15948",-0.842065185165489,-0.364219162365198,0.229003300383486,-0.184008275762825,0.275305283113844,1.24951235335313
"15949",-0.759333679192279,-0.364219162365198,-0.56255936389378,0.0354799955917787,-0.24852136388919,0.299063741835882
"15950",-0.610037472496106,0.403998001147492,0.724713821557563,-0.0411013843574956,0.455422884346938,-1.31696280843055
"15951",-0.839159886543562,-0.364219162365198,-0.0171136621337528,-0.0885846572880069,-0.174915762585035,-1.75247547795748
"15952",-0.590082658277079,0.403998001147492,0.0642974289685393,-0.798754181944859,-0.00638997257220581,-0.662333587519197
"15953",-0.772004395430972,1.2879548417083,0.682398663890258,-0.101433263401882,0.618134946404757,-0.542106921641794
"15955",-0.681391050612629,2.05617200522099,1.48927780446819,0.306760751907283,1.28141315449337,0.489073686300155
"15957",-0.610489253382291,-0.973987429191438,-0.429420626382235,-0.694565490404171,-0.473281487088997,0.119081287901486
"15958",-0.180720522067372,-0.973987429191438,-1.58755262511483,-0.260629546305467,-1.86347319283305,0.119081287901486
"15963",-0.730308494873694,-0.364219162365198,-0.352877592921423,-0.120266591747646,-0.212096458617144,1.64597172801596
"15965",-0.752487461147785,0.403998001147492,0.0921800635500625,-1.06950353893246,0.0726696622501377,-1.3813992123127
"15967",-0.691997475725216,-0.364219162365198,-0.491492995119759,-1.47611719265789,-0.495088934103427,-1.79428583345006
"15969",-0.900268464256446,0.0684183080558247,-0.0675371415908497,0.692706584474254,-0.874543517087933,-0.984555167612957
"15970",2.11191456486711,-0.973987429191438,-0.685252501573264,0.507808839728937,-0.924781584637011,0.119081287901486
"15971",-0.75086104995752,1.84096642608922,1.44790786998548,2.25628514090361,1.11599763451665,0.520846868760852
"15973",2.74264238483224,-0.973987429191438,-0.701832085819048,1.71094176083959,-0.992645790695733,0.119081287901486
"15974",-0.530829857435139,1.11082404530309,1.28410054579134,0.0575108804030618,1.32528344293141,-0.188896157665988
"15975",-0.0805780757881146,-0.973987429191438,-0.548515327140124,-0.218342865809639,-0.366499106978274,0.119081287901486
"15976",0.730354713963402,-0.364219162365198,-0.431818813560702,-1.58832862847113,-0.272894810027975,0.29274285475738
"15977",-0.751132118489231,-0.364219162365198,0.310518860727621,-0.161779099522279,0.717750224852096,1.64597172801596
"15978",-0.151389516841215,-0.973987429191438,0.344184322218157,0.219431156416588,0.615576020130957,0.119081287901486
"15980",-0.0389308285570407,0.0684183080558247,0.986812816886061,1.3179376539496,1.04320449138712,-0.858063848274356
"15981",-0.678784622423101,1.2879548417083,1.27600739633681,0.757311504129454,1.17917294583605,-0.201171221399746
"15983",-0.702791563667448,0.403998001147492,0.580967108935854,-0.411858069146266,0.613865267387043,-1.38435180602359
"15984",-0.900754997518491,1.5897382004434,1.10839308671019,-0.633474964881493,1.15813534329876,-0.236540760332844
"15985",0.308523425294993,-0.364219162365198,0.376232236946452,0.601617057299235,0.76831087475195,-0.889917559664127
"15986",-0.621769874586569,-0.973987429191438,-1.19774220609389,-0.510163916718603,-0.292407873113904,0.119081287901486
"15987",-0.802072151025369,1.11082404530309,0.562591615516457,-0.590428059288851,1.02995149267538,-0.746258065467806
"15988",-0.731073047142622,-0.973987429191438,-1.25490331715599,-1.27358142264441,-0.593361949810017,0.119081287901486
"15990",-0.48193326459959,-0.364219162365198,0.0749578103844549,-0.235483986121079,0.0882246201118883,-1.66020543304781
"15992",-0.890218077157625,-0.973987429191438,-2.1502371892256,-0.333743711857661,-2.34655365895235,0.119081287901486
"15993",-0.840070398791103,1.11082404530309,1.10751624386952,-1.44647209843108,1.24573901724513,3.44228586402634
"15994",-0.380386822335573,-0.973987429191438,-0.457916370041631,-0.423851709615914,-0.623320859936934,0.119081287901486
"15996",-0.0412453367893415,0.910009710803488,0.29305600156464,-0.949271510008371,-0.0280093177810612,-0.610932786484925
"15998",-0.560661296873685,0.678186574882064,1.1926344134438,-1.25927475755304,1.24387319980681,-1.06561333765692
"16000",-0.900761947993663,0.0684183080558247,2.33899116709179,3.63524149608769,1.94411111738864,2.72931773593378
"16003",-0.629554406779293,0.678186574882064,1.09488260526164,0.42099851393905,0.834518899885026,-1.07981690160448
"16005",-0.801300648281269,0.403998001147492,-0.183175629452269,-1.92049255067902,-0.259257569445174,-1.05326453258649
"16006",1.19067078365959,-0.973987429191438,-1.61094306599808,-0.448188532721312,-1.16748267064598,0.119081287901486
"16007",-0.449870722630808,0.403998001147492,0.700343928930087,-1.59035153483791,0.954529876626788,-0.460461627397246
"16008",-0.689849778897045,0.0684183080558247,-0.338994512629463,-0.292114083687129,-0.151102718421389,-0.97110067322649
"16009",-0.702492693235049,0.403998001147492,0.243405982121056,-0.524895393471343,-0.0564458861211449,-0.125017266916841
"16010",1.53220323266502,0.0684183080558247,-0.502472924332191,-1.47693005285338,-0.50623202730297,-0.341405763414844
"16011",-0.842475263200641,2.24440155006565,1.26248605415767,-0.180654451208243,1.24499324016293,0.711593125159839
"16012",-0.570948000128356,0.0684183080558247,0.552489295929192,-0.249053904639876,0.53545198183721,-0.38117755090037
"16013",-0.890051265753496,3.1478894909578,2.72398953472936,3.2433391276024,2.52749817040405,3.44141121621516
"16014",-0.550367643143842,0.0684183080558247,-0.0916772049755791,-1.53652969953329,-0.321183052532201,-1.34805653003306
"16015",-0.890204176207281,0.0684183080558247,-0.0213864312777481,-1.72322365397515,0.631638838020703,1.5954405828356
"16016",-0.891712429319621,1.2879548417083,0.581186155057944,-1.1863000284112,0.320724595250593,-0.580311322178454
"16017",-0.450642225374908,-0.973987429191438,-1.00822318723382,-1.1734082000498,-1.02158543938148,0.119081287901486
"16018",-0.531246885945463,-0.364219162365198,-0.468635640253742,-0.284531606438186,-0.55251480252931,-1.15613458697508
"16019",-0.460199128736512,1.44640373839476,1.36254581160304,0.283415123707165,1.12303892616561,-0.176281670266166
"16020",-0.760230290489477,0.0684183080558247,0.133955039401554,-0.00799695006928478,0.15999739829978,1.44064282864765
"16022",1.68106850990052,-0.973987429191438,-0.14987602884142,-0.901668073286006,-0.33003255725888,0.119081287901486
"16023",-0.462166113210209,0.0684183080558247,-0.0037638230978644,-1.09373134227443,-0.073186484316316,-1.20033010955969
"16024",-0.801154688302655,-0.973987429191438,-0.869189240903791,-1.70009876871865,0.00514808063131826,0.119081287901486
"16025",-0.630305058097877,-0.973987429191438,-0.409042118857807,-0.200132919553194,-0.116726992774358,0.119081287901486
"16026",-0.491073139450869,-0.973987429191438,-0.919515949156886,-1.05600131724427,-0.366499106978274,0.119081287901486
"16027",-0.00936350717503324,0.910009710803488,0.211049966954216,1.3740202765345,0.809783373888121,-0.167713858265425
"16029",-0.539684762804362,3.1478894909578,2.72398953472936,3.52502867967952,2.52749817040405,3.44228586402634
"16030",2.17224468936072,-0.973987429191438,-0.6416302451296,-0.567391948882596,-0.25119122216421,0.119081287901486
"16031",-0.000327889451335549,-0.364219162365198,-0.22815195336093,-1.3536040625203,0.0496236455542931,-1.25858695783782
"16033",-0.870923558079945,2.56218371487699,2.0550149707756,-0.997462621872219,1.66299493812278,1.17590195749584
"16034",1.03925468203594,0.0684183080558247,-0.412713405686666,0.0777276042762636,-0.369618511351043,-0.580604593681929
"16036",-0.0511080610585161,-0.364219162365198,0.0397513980984389,-0.350240908354959,0.452251381212379,-1.38689618892939
"16037",1.77283563359743,0.0684183080558247,0.137822072671352,0.192639148774789,0.0621198551974726,0.141138782664852
"16038",-0.85087838768368,0.0684183080558247,-0.351098870340296,-0.0307770228984341,-0.363392460941241,-1.05626092443431
"16040",-0.270840383148498,0.0684183080558247,0.491095460551356,0.096171760900212,0.417571514012038,-1.11014689575524
"16041",-0.620574392856972,0.0684183080558247,1.21535283460187,3.63524149608769,1.05479389201547,-0.252577222099023
"16042",-0.702902771270202,0.678186574882064,0.401098332879956,-0.119699656785318,0.480329177857422,-1.00570480728454
"16043",-0.550687365001757,0.403998001147492,0.0559237254883404,0.0747821050553456,0.18450190714223,-1.14826643874622
"16045",0.270087297593418,0.403998001147492,0.507931667039745,-0.167090588082905,0.623227080987907,-0.488198790219053
"16048",2.76889342599539,-0.364219162365198,-0.851697895889525,0.646662160394162,-0.761807555376316,1.64597172801596
"16049",-0.520862876038383,0.0684183080558247,0.326035987257308,-1.80114094218295,0.500478208026798,2.30653209278524
"16050",0.810952424058785,-0.973987429191438,-1.35986462746924,-0.350957432477609,-0.264683120350285,0.119081287901486
"16052",-0.381533650738966,-0.973987429191438,-0.568571313780967,-0.647116829548438,-0.25387049794823,0.119081287901486
"16053",-0.600112193950383,-0.364219162365198,0.606861604695994,-0.0402716753924357,1.14887726428736,-0.564986836588149
"16054",0.530125425206263,-0.973987429191438,0.066388111602485,-0.589913825642777,-0.0280093177810612,0.119081287901486
"16055",1.28231974927857,-0.973987429191438,-1.37845335680789,-0.117682674607608,-2.16036503821054,0.119081287901486
"16056",-0.471653511820091,-0.973987429191438,-0.0867088502290418,-0.7341150972141,-0.10120231431295,0.119081287901486
"16057",-0.761933156906635,1.11082404530309,0.938861331587547,0.00486582388486896,0.593909579786319,-0.313422120153898
"16059",-0.269234823383749,0.910009710803488,0.574221248590268,-0.944759785688027,0.368327932208774,-0.730461520791469
"16062",-0.830687257308802,0.403998001147492,0.38425995498039,-0.0385813013171232,0.536400856285666,-1.39460058506206
"16063",1.68037346238331,-0.973987429191438,-0.631578223884444,-0.286476180367072,-0.309541845407529,0.119081287901486
"16065",2.73207071209551,-0.973987429191438,-0.55712771166054,-1.46406098244675,-0.414691200887788,0.119081287901486
"16066",-0.760480507595672,0.678186574882064,0.611794889060024,-0.248781569786023,0.654707931197149,0.790428674881149
"16070",-0.702068714249553,-0.364219162365198,0.135056243989435,0.387497314623758,0.111805304390266,1.64597172801596
"16071",-0.479959329650721,-0.973987429191438,-0.65411859131401,-0.21259139311549,-0.593361949810017,0.119081287901486
"16072",1.96078343272551,-0.973987429191438,-0.17524409268792,0.368036759683095,-0.783055763192142,0.119081287901486
"16073",2.05038200816873,-0.973987429191438,-1.45731150253073,2.28069277885917,-1.58587948840637,0.119081287901486
"16076",-0.891879240723751,1.5897382004434,0.928469278652497,-0.0852066409618371,0.979806526239791,0.902752432935588
"16078",1.91272089691061,-0.973987429191438,-1.81219220748844,1.74616115188743,-2.3899696981111,0.119081287901486
"16079",-0.760855833254964,0.0684183080558247,0.514838815634663,1.49274063134878,0.594788207874121,2.72931773593378
"16080",-0.109415597277054,-0.364219162365198,-0.988045736105434,0.181354542595324,-0.850617951792726,-1.47098421480339
"16081",-0.360633571896536,0.678186574882064,1.1139375936391,-0.459263532316445,0.999645322736677,-1.00527872836702
"16083",0.0807146510550599,-0.364219162365198,0.493641376660072,0.987393185371812,0.632474912840625,-1.70911127741668
"16084",2.07023256526018,-0.973987429191438,-0.415571836248393,-0.561777306429755,-0.45557500006472,0.119081287901486
"16085",-0.691045260626642,0.678186574882064,0.251323243092567,-1.30082206984823,0.362389091187024,-0.951834121118727
"16086",-0.330628370578688,0.678186574882064,0.360944032312768,0.516135221786909,0.196463948019174,-0.996910682528143
"16091",0.622031558406612,-0.364219162365198,-0.682747198144213,-0.0730907114066191,-0.711150528138066,0.749301376025709
"16092",0.220843180999266,0.0684183080558247,0.101271724653722,-0.175547442592068,0.352789293301536,-0.619548637038542
"16093",0.140613846088003,-0.973987429191438,-2.1502371892256,-0.107302040461,-2.22946482631838,0.119081287901486
"16094",-0.810878403068388,0.403998001147492,0.328649949845004,-0.099418274825484,0.375393786856665,-0.775605471133735
"16096",1.72095033643789,-0.973987429191438,-0.668385320129865,0.428240195644349,-0.706265791707357,0.119081287901486
"16097",1.48067936021442,-0.973987429191438,-1.11916833134377,-0.00769274853492067,-1.14113642618821,0.119081287901486
"16098",-0.049064621357926,1.11082404530309,0.839432688934312,0.564428544281904,0.334455968157965,-0.417833360013695
"16099",-0.420734330709469,0.0684183080558247,0.00993511075121457,0.00883808482063996,0.0726696622501377,-0.92998457311053
"16101",-0.219344312598594,-0.973987429191438,0.476654054061104,-0.108481418254167,0.494489420914784,0.119081287901486
"16102",-0.500845507542807,0.0684183080558247,0.769441087899058,0.656502036223814,0.660367369066317,0.205203780975779
"16103",-0.8515456333002,0.910009710803488,0.560791760339534,0.55837438467765,0.263173410174211,-0.285649585439097
"16104",-0.309457223204547,-0.973987429191438,-0.727867397358795,-0.646953526417781,-0.886794974580004,0.119081287901486
"16105",1.56223623588355,-0.973987429191438,-0.627572023588715,0.391987777566338,-0.134866933024296,0.119081287901486
"16106",-0.269519792865804,-0.973987429191438,-1.55663603754158,-0.0361047604732374,-1.26255332692661,0.119081287901486
"16107",-0.749540459674826,1.11082404530309,1.22511286943476,2.07280761514899,0.828732866765204,0.592524395519019
"16108",-0.0798482758950467,-0.973987429191438,0.125687789153708,-0.0698267694931556,0.33692612935026,0.119081287901486
"16109",1.26236493505955,-0.364219162365198,-0.137351463816893,0.717350490652872,0.333217868621886,-0.565173279273244
"16110",-0.47134769091252,0.0684183080558247,0.495718560863627,-1.73088263408211,0.45647711615699,-1.39376314546412
"16112",0.509552018696921,0.403998001147492,-1.07315768937132,-0.488874943292624,0.284609016719715,-0.686012910295582
"16113",0.909148737289862,-0.973987429191438,-1.23123600821659,-1.39406055293233,-0.610336374569614,0.119081287901486
"16114",0.781558864556079,-0.973987429191438,-1.37271209422673,-0.109457520658509,-1.66763293146626,0.119081287901486
"16115",-0.830388386876403,1.2879548417083,0.684184624558458,-1.28724789031182,0.70113860281839,-0.178284338955255
"16116",1.19116426739681,-0.973987429191438,-0.136142963924431,-0.0387359247582999,-0.35109140024291,0.119081287901486
"16117",0.971105272973739,-0.973987429191438,-0.933105178640359,-1.00345280345108,-0.838931969031563,0.119081287901486
"16119",-0.841919225186875,-0.364219162365198,-0.440083504447776,0.416624792328575,-0.375896017306257,-0.00631534800192115
"16120",-0.331135755266249,0.403998001147492,0.48832795045505,1.01931763537696,0.606983463599833,3.44228586402634
"16121",-0.350576234322543,-0.364219162365198,0.13747564851872,-1.65012553710696,0.287246428734822,-1.27925715434535
"16122",-0.191514610009605,0.403998001147492,-0.0452252409172076,-0.0395114144627506,0.797106835448322,-1.19906270357941
"16123",-0.409092284796244,-0.973987429191438,-0.701938765310568,0.0379627014894596,-0.636531173727862,0.119081287901486
"16124",2.25094491973413,-0.973987429191438,-0.87584958960361,0.230622425642128,-1.58587948840637,0.119081287901486
"16125",2.7509412521877,-0.973987429191438,-0.752622608894334,0.210588165081074,-0.874543517087933,0.119081287901486
"16126",-0.632098280692273,0.403998001147492,1.78019900916575,1.27242345694533,1.27784874674545,-1.09425467725584
"16127",-0.531142628817882,-0.973987429191438,-0.079788089557828,-0.1489106936561,-0.151102718421389,0.119081287901486
"16128",-0.750193804341001,0.678186574882064,0.78628289361644,0.148713722182,0.696544391853595,-0.801782604997454
"16131",-0.410169608447915,0.910009710803488,1.29935972459376,1.05540451012871,1.15267830923633,0.0367269342389225
"16133",-0.890384888561755,3.1478894909578,2.47329013860079,1.00604228541143,2.36438865088282,2.86317116150319
"16134",-0.709679484562975,-0.364219162365198,-0.129048686722207,-0.0626508592871774,-0.0461673274206313,-1.81686871463534
"16135",1.70140560025401,-0.973987429191438,-0.274996221049332,0.331810179118288,-0.480481293575206,0.119081287901486
"16136",-0.328967207012562,0.0684183080558247,-0.0157677387838672,0.0340445143973092,0.0830749468465402,-1.18953824297165
"16139",-0.739093895491197,0.0684183080558247,-0.106324572921463,0.112940129349151,-0.134866933024296,-1.017584915757
"16140",-0.270200939432667,-0.364219162365198,0.00234895994779818,0.125703777263025,0.466939731953028,-1.81669656671707
"16141",-0.0403904283431764,-0.973987429191438,-0.125981448929852,0.123449816238761,-0.382225836414074,0.119081287901486
"16142",1.57222406870583,-0.973987429191438,-0.247215841049785,-0.295304564712048,0.0514214544343105,0.119081287901486
"16143",-0.891559518865836,0.910009710803488,0.995714471272415,0.126078063575618,0.641611505088751,-0.98474603024846
"16144",1.54224666928867,-0.973987429191438,-1.16396679664876,2.72253709642308,-2.3899696981111,0.119081287901486
"16145",-0.839986993089039,1.72059231212933,1.36542210168297,-0.109922980047716,1.57018743529673,0.00440732853311816
"16146",0.649729201967331,0.0684183080558247,0.0124371752379739,0.363783093984774,0.060347219860374,0.479234778015849
"16147",0.411348754990672,-0.973987429191438,-0.539729192721318,-0.104173467449423,-0.357217029387378,0.119081287901486
"16148",2.04106837143815,-0.973987429191438,-1.84231071286886,1.70079578415104,-1.28308360094871,0.119081287901486
"16149",-0.880410956689827,-0.364219162365198,-0.778057280740366,-0.208905399740578,-0.187108221755028,-1.13048182613734
"16150",-0.500567488535924,0.678186574882064,0.858656482826424,-0.0701547067888242,0.740557546802598,-1.07928153415234
"16152",1.76259063319379,-0.973987429191438,0.76356674683071,1.46762174674231,0.369510148629856,0.119081287901486
"16153",-0.429749097007651,0.678186574882064,0.761399271828604,0.112932599928466,0.75917197629559,-0.985147859703182
"16156",-0.840883604386236,1.44640373839476,1.19578768465412,0.307944478273072,0.888885596465078,-0.0860729484142908
"16157",-0.770398835666223,0.0684183080558247,-0.0792369329882326,0.802601139268713,-0.0968243546588802,1.07666653323912
"16159",1.8915914523875,-0.973987429191438,-0.60062719594078,0.342703206683616,-0.388608847902536,0.119081287901486
"16160",-0.271062798354004,-0.364219162365198,0.287347044899427,1.21515860770152,0.819643839888279,1.64597172801596
"16161",-0.910721978915247,2.48880947564202,1.67500203437638,-0.535189077843213,1.4260388082256,1.03803621411809
"16162",1.6002553350748,-0.973987429191438,-2.1502371892256,0.00464727495105857,-2.59373601988992,0.119081287901486
"16163",1.39999824441698,-0.364219162365198,0.139340768919856,2.47018890546517,-0.5446025028879,-1.08855606370241
"16164",-0.751792413630578,0.0684183080558247,0.105905215218938,0.309621165048883,0.0709215052133334,2.72931773593378
"16168",-0.820887087316176,2.99482118529801,1.36284150140848,0.872295744205122,1.18967785865857,1.95431147700336
"16169",-0.842037383264801,0.403998001147492,0.760830548388016,0.166561029811099,0.919272604386796,1.36822038733281
"16170",-0.418704791959223,0.910009710803488,0.788394674498602,-0.247191573240467,1.13907617478887,-0.0540820099925553
"16171",-0.33133731904624,-0.973987429191438,-1.87623215103852,0.319890754440645,-2.09703054455306,0.119081287901486
"16172",0.0295939061644477,0.678186574882064,0.374638910494576,-0.140491949007171,0.523972057064811,0.169591167214921
"16173",-0.770065212857963,0.910009710803488,0.554249343989469,-0.115269259309793,0.28592886743792,1.85779486961381
"16174",0.339835315945191,0.0684183080558247,0.274497964636425,1.02639707082826,0.380068102513902,2.72931773593378
"16175",0.0190986886546142,0.403998001147492,0.297038369867778,-0.0474693672647536,0.228420143937267,-0.232056982219627
"16177",-0.420623123106716,-0.973987429191438,-0.639872155410406,0.203758768755277,-1.07504485546659,0.119081287901486
"16178",0.458834401366289,-0.973987429191438,-1.06416507219945,0.336264945068929,-1.08299858151564,0.119081287901486
"16179",-0.319173987495108,-0.973987429191438,-0.993081924334619,0.061320930868222,-1.04403753399695,0.119081287901486
"16180",0.0783445390213824,1.2879548417083,2.18293698699683,1.47201017836495,2.04902253776681,1.0726296047319
"16181",-0.190708354889644,-0.973987429191438,-0.707934979500623,0.474708888561735,-0.721015262858195,0.119081287901486
"16182",-0.200612782009851,0.403998001147492,1.8223045607117,3.09206766600638,1.71737717320968,-0.864631292633556
"16183",-0.251323448865311,-0.973987429191438,-0.623318498621846,0.227695899880535,-0.944511886076262,0.119081287901486
"16184",-0.282489379536896,0.910009710803488,0.387939373591263,0.384170526797676,0.26723893583288,0.517239907526548
"16185",-0.759556094397786,-0.364219162365198,-0.256372240861575,-0.101955954656445,-0.315340147588534,-1.56771573679566
"16186",-0.700768975392375,1.84096642608922,1.40919246592372,-0.0156387172434708,1.54472171048389,0.172940766331856
"16187",-0.609488384957512,2.15322978255035,1.85807305990059,0.271519310045921,1.9348406122292,1.35882703699932
"16188",-0.480411110536906,0.403998001147492,0.251616570037346,-0.28047934278072,0.519137070037919,-0.707761991191583
"16189",-0.770440538517255,-0.364219162365198,-0.994412371581953,0.0594053870866292,-0.816085919138824,-0.156296730194385
"16190",-0.521974952065915,-0.973987429191438,-0.995935519183451,0.781368599349658,-1.13255357896724,0.119081287901486
"16191",-0.900407473759887,1.95241544805075,1.62070147177271,0.872659159690848,1.62369406184715,0.284005816011116
"16193",1.44149258119426,-0.973987429191438,-0.684338226685351,-0.138708237984595,-0.445145904001139,0.119081287901486
"16198",-0.171247024407834,-0.973987429191438,-0.485316951638293,0.427959711810201,-0.844752487146739,0.119081287901486
"16200",-0.881738497447694,-0.364219162365198,0.321476134346384,-1.24146934957925,0.203845676642342,-1.29163126998023
"16201",-0.892317120659592,0.403998001147492,0.778917192246865,-0.121997583259198,0.896597072823926,0.355777670993481
"16202",2.68300035738066,-0.973987429191438,-0.561321748064051,0.101093623155197,-0.548548350188534,0.119081287901486
"16203",-0.340372936769937,0.403998001147492,-0.163259360107732,-0.111443875833225,-0.309541845407529,-1.27192311413888
"16204",-0.691156468229395,-0.973987429191438,-0.519863459356943,-1.01153097156091,-0.448606383322257,0.119081287901486
"16205",-0.619371960652203,0.403998001147492,0.0383521686042263,-0.993517413279125,0.203845676642342,-0.265518923043457
"16206",-0.379643121492161,0.403998001147492,-0.244578956894272,-0.896837895320063,-0.281196246724994,-1.11906480037068
"16207",-0.671215554960711,-0.973987429191438,-0.498338277261251,0.127838767068702,-0.783055763192142,0.119081287901486
"16208",-0.480112240104507,-0.364219162365198,-0.0698118448277801,-0.71095098351865,-0.128013588211103,-1.66599452417413
"16209",-0.0398830436556149,0.678186574882064,0.938679438264006,1.16467481658991,0.830666445825166,0.0227191946215
"16210",-0.910902691269721,2.41167084498539,2.72398953472936,2.69573156440739,2.24146615223381,0.885751718536883
"16211",-0.0399733998328518,-0.973987429191438,-0.229473358655856,0.289409787639002,-0.711150528138066,0.119081287901486
"16212",-0.730913186213664,-0.364219162365198,-0.0381426138283296,-0.118547420924642,-0.363392460941241,-1.71996195341695
"16213",-0.139170581488707,-0.973987429191438,-1.24339632780085,0.418430438268278,-1.58587948840637,0.119081287901486
"16214",0.781023677967829,0.0684183080558247,0.316751548202655,0.307788972865637,0.0478215714060314,-0.0546803748652127
"16215",-0.119257470120712,-0.973987429191438,-0.898053069703297,-0.0860717331179825,-1.00697779885326,0.119081287901486
"16216",1.75017013406129,-0.973987429191438,0.193533162725711,0.335799167305817,-0.333005453019523,0.119081287901486
"16217",1.43074714657824,-0.364219162365198,-0.711408070898523,0.100543284922953,-1.10737202765443,0.610532411879227
"16218",-0.629568307729637,1.11082404530309,1.19382564519514,0.810505480068348,1.26451306176333,-0.69641717609177
"16221",-0.560230367413016,0.0684183080558247,0.143421581438818,-0.828810494471771,0.450129665036144,-1.58527974905211
"16222",2.26141928581845,-0.973987429191438,0.0554560139016415,-1.21995515804453,-0.146428402764151,0.119081287901486
"16224",-0.352605773072789,0.403998001147492,0.47958172491666,-0.376146127468958,0.788990207221485,-0.66467875212429
"16225",-0.478819451722501,0.678186574882064,0.342340098101707,-0.942369842096629,0.169279475890676,-0.618579574152576
"16226",1.10998271738697,0.0684183080558247,-0.855931516431737,0.640454581760954,-0.5446025028879,2.54232498226993
"16227",1.33064640315001,-0.973987429191438,-0.684938921544073,1.24094559559645,-1.11567346435145,0.119081287901486
"16229",-0.0521019790081229,-0.364219162365198,0.275353236534916,0.169620044019035,-0.162915925380504,-1.01764349486042
"16230",0.971772518590258,-0.364219162365198,-0.237006691435832,-0.216247764481408,-0.0585183946298743,1.58120249931618
"16232",-0.490398943359178,0.403998001147492,0.259140207617177,0.431021035420017,0.252224407661099,-0.497402226135311
"16233",-0.212317382199626,0.0684183080558247,-0.24516079817358,0.319624338172688,-0.618967989014587,-1.48902144332176
"16235",-0.519868958088776,0.678186574882064,0.149562045325763,0.0143420249911515,-0.134866933024296,-0.929160424494704
"16236",-0.14088734885621,-0.973987429191438,-0.423103751564112,0.175552532044309,-0.576758580605547,0.119081287901486
"16239",-0.358708290273871,-0.364219162365198,-0.458055206115838,0.185933166190918,-0.414691200887788,-1.08862945965495
"16240",-0.68149530774021,-0.364219162365198,1.34774829800826,0.464767485063123,1.08163009635941,0.358693175600022
"16241",-0.830221575472273,1.95241544805075,1.05002406586719,-1.70757001694054,0.984026392077878,0.272792632122696
"16242",-0.841926175662048,1.11082404530309,1.31639769898166,-0.486436033750195,1.21996257925188,-0.317866022353493
"16243",-0.590596993439812,-0.364219162365198,-0.468233900892908,-0.964166976216854,-0.964768390444219,1.64597172801596
"16244",1.19188016633953,-0.364219162365198,0.612719639255834,-0.125804177655111,0.586843725138428,-1.29794834680459
"16245",-0.689724670343947,0.0684183080558247,0.551540913092367,-0.199747479545108,0.716255000162156,-1.26133834432303
"16247",0.779821245763061,-0.973987429191438,-1.51137137115422,-1.08867883814468,-0.585014899907927,0.119081287901486
"16248",-0.30993680599142,-0.973987429191438,-1.27519493894074,0.188572978817159,-1.22308606552899,0.119081287901486
"16249",-0.399424173831887,0.678186574882064,0.750425198487505,0.399703864913975,0.666784082176796,-0.2718213284958
"16250",1.69030569140421,-0.364219162365198,-0.508692984500098,-0.161775406737128,-0.484106951519832,-0.878158900235368
"16253",-0.258899466802873,-0.364219162365198,1.33997600375075,0.565042127322803,1.59647289195908,-1.45202783436469
"16255",-0.760800229453587,1.2879548417083,1.05937816297003,-0.752119009512604,1.13778839731645,-0.520000027845597
"16256",1.74152374294723,-0.973987429191438,0.0326876336192743,1.36280973565041,0.293800169972467,0.119081287901486
"16257",0.841624870993152,-0.973987429191438,-2.1502371892256,0.273872739837832,-2.59373601988992,0.119081287901486
"16258",-0.470895910026335,0.678186574882064,1.62434748584258,0.869023207996352,1.53815620373994,-0.149578661751328
"16260",-0.419253879497817,-0.973987429191438,0.295339673779153,1.35532419618539,-0.179769286429304,0.119081287901486
"16261",-0.752758529679496,0.403998001147492,0.00615077015390846,-1.25742067059309,-0.2045132951625,-0.904045483031686
"16265",-0.832536083704574,1.44640373839476,1.66200338856586,0.147947407712807,1.44433568048456,-0.362313795535649
"16266",-0.190082812124158,1.11082404530309,0.144405228627597,-0.322817288521367,0.00705416418415578,1.07842124706287
"16268",-0.212755262135466,-0.364219162365198,-0.0656258148205752,-0.266137665647688,0.228420143937267,1.64597172801596
"16270",2.61138961168277,-0.973987429191438,0.375381885117286,0.149162527253062,0.421994081948287,0.119081287901486
"16271",-0.900956561298481,0.678186574882064,0.546272971595118,-0.630604244025484,0.723701862723794,-1.16658302034024
"16272",0.240804945693465,-0.973987429191438,-0.463029044602533,-0.14451778886289,-0.428076109300152,0.119081287901486
"16274",2.76889342599539,-0.973987429191438,-0.592297021236836,-1.3878139333857,-0.716066881205846,0.119081287901486
"16275",1.0407559846731,-0.973987429191438,-0.210385274810378,-0.109664120849743,-0.121221525990064,0.119081287901486
"16276",0.841882038574519,-0.973987429191438,0.0939374431569319,2.4022085659651,0.0478215714060314,0.119081287901486
"16278",0.0780387181138111,-0.973987429191438,-0.200881225116001,0.330841385116238,-0.93787801074541,0.119081287901486
"16279",-0.711729874738737,0.0684183080558247,0.601854779103277,-0.318902181927007,0.739832416535393,-0.76823542171726
"16281",-0.201266126676026,-0.973987429191438,0.862273145923641,2.26956158276765,0.653895986814961,0.119081287901486
"16282",2.47240791014196,-0.973987429191438,-1.19686612409408,-0.230365761068582,-0.93787801074541,0.119081287901486
"16283",-0.87067334097375,0.678186574882064,0.638294169802141,-0.780328845961927,0.866499082321993,-0.407207248264173
"16284",-0.612143466473245,-0.364219162365198,0.0960454092130519,-0.982377516295727,0.231259675831847,1.64597172801596
"16287",0.772001961194476,-0.973987429191438,-1.33303221096959,-0.0525351800346027,-0.212096458617144,0.119081287901486
"16292",0.290222824166919,-0.973987429191438,-0.716821833521509,-0.0547189081044541,-0.548548350188534,0.119081287901486
"16293",-0.70963083123677,1.5897382004434,0.933705488698603,0.0270641171625927,0.691922224057767,-0.138885491305486
"16295",-0.829033044217848,0.403998001147492,0.500439749819849,-0.119971949635755,0.574318076684085,1.87238316493957
"16297",1.76313277025721,-0.973987429191438,-0.717772911695948,-0.246065807099275,-0.491410602957629,0.119081287901486
"16298",-0.700463154484803,0.0684183080558247,-0.155942409675367,0.205128574999357,-0.521348424646735,-0.844387840693751
"16302",0.341378321433392,-0.973987429191438,-0.929546131832771,0.152953369078786,-0.691797280018651,0.119081287901486
"16303",-0.669950568479394,0.0684183080558247,1.64884236807159,0.684918889596379,1.44805698457894,-1.52539272020989
"16305",0.46041215923035,-0.973987429191438,-0.570478978337984,-0.147995907325954,-0.327071251764538,0.119081287901486
"16306",1.21110518066549,0.910009710803488,-0.110398042593284,-0.221174728836612,0.15999739829978,0.425967507005854
"16308",-0.550089624136959,0.403998001147492,1.04033421276237,3.63524149608769,2.28453045538386,-0.874831075784176
"16309",0.138765019692231,-0.364219162365198,-0.0190319195684201,-0.119553820686396,0.128211425919096,-1.09913002612908
"16311",-0.74922073781691,-0.364219162365198,-0.131486712011055,-0.131261211377219,-0.000599038063864639,1.49955829506946
"16313",-0.891066035128618,-0.364219162365198,-0.796906302022382,-0.0980759186632215,-0.659072112591309,0.644866241777049
"16315",2.38222549478428,-0.973987429191438,-0.953991371316485,-0.16591426036539,-1.25249259842466,0.119081287901486
"16316",-0.280856017871458,1.2879548417083,1.15397076088085,0.0517839346036804,1.00529273832211,-0.243528086422403
"16317",0.270052545217557,0.0684183080558247,0.508514592084822,0.0506451244665752,0.617282928483441,-0.949673753188539
"16318",-0.570808990624915,-0.973987429191438,-0.649325663707329,-0.0887615676612964,-0.517541028718898,0.119081287901486
"16319",1.25145268903939,-0.973987429191438,-0.477726976362748,2.39947120874938,-1.28308360094871,0.119081287901486
"16320",0.799407684797968,-0.364219162365198,0.297727960760878,-0.00521943747238381,0.469015071761054,0.904100979383451
"16321",-0.201252225725682,0.678186574882064,-0.542691465039299,0.611743597239746,-0.81048018227694,-0.727496447472518
"16322",-0.912188529176555,-0.364219162365198,-0.652836072257821,-0.857571809873945,-0.40480506700728,1.26587395208173
"16323",1.03987327432625,-0.973987429191438,-1.02534477615826,2.93133361060868,-1.55549248048465,0.119081287901486
"16324",0.360047297745586,0.0684183080558247,-0.469258723807967,-1.77805535086375,-0.286781374074124,1.43828751454405
"16325",-0.458927191780022,0.0684183080558247,-0.16140326499791,0.68211474413539,-0.53677177479834,-1.08593113741637
"16326",-0.869860135378617,2.05617200522099,1.18160214079528,-0.703552573477349,0.415350536122025,0.607367781956272
"16327",-0.781116468381563,0.910009710803488,1.36991285896125,-0.506093690423606,1.41924762610209,-0.946725528561347
"16330",-0.750680337603046,0.0684183080558247,-0.866318648253885,-1.20006373119747,-0.746252597514565,0.0224639220355499
"16332",-0.641404966947681,1.11082404530309,0.644552611081836,-0.664997356049305,0.53355066946221,-0.366353681110299
"16333",-0.850732427705067,2.69899376934858,2.72398953472936,3.63524149608769,2.52749817040405,1.87129596806247
"16337",-0.559535319895809,-0.973987429191438,-1.28536885911981,-0.245295323508325,-1.14113642618821,0.119081287901486
"16338",0.649896013371461,-0.973987429191438,-0.997003401099056,0.0556752816481876,-1.08299858151564,0.119081287901486
"16339",1.92110316996813,-0.973987429191438,-1.6722852381538,-1.42444006634906,-2.19412943674432,0.119081287901486
"16340",0.149065623897246,-0.973987429191438,-0.24879895662817,-1.74964576666417,0.158439297451468,0.119081287901486
"16341",-0.679285056635491,0.403998001147492,0.825458951447518,0.377559491317199,0.959978780174681,-0.54057457655907
"16342",-0.171094113954048,0.403998001147492,-0.663814412297399,0.16917190823806,-0.696589560250936,0.394576683789639
"16343",-0.76292012438107,-0.364219162365198,-0.648250463580255,-1.01757473280065,-0.614639920910157,1.64597172801596
"16344",0.659112343449633,-0.973987429191438,-1.6133593973355,1.19790523278655,-2.30548560898077,0.119081287901486
"16345",-0.481968016975451,-0.973987429191438,-0.202217711014874,-0.231682835857349,-0.237934796738894,0.119081287901486
"16347",-0.811079966848378,-0.364219162365198,0.130506680627222,-0.721596297492998,-0.110034668449809,1.64597172801596
"16348",-0.601940168920639,1.11082404530309,0.552698607558816,-1.21384806564996,0.541127529268253,0.137174176902712
"16349",1.98157925444036,-0.973987429191438,-2.13035441528646,-1.28877074301116,-2.59373601988992,0.119081287901486
"16350",-0.712098249922857,0.403998001147492,0.357325994015916,0.0592910330438151,0.24530025855306,-1.26654608917687
"16351",2.40287535652052,-0.973987429191438,-1.27007497007115,0.0380393239016371,-1.11567346435145,0.119081287901486
"16352",-0.749901884383773,-0.364219162365198,-0.312542743499072,-0.0627268375769131,-0.207032613880708,1.64597172801596
"16353",-0.890794966596908,2.76299804937659,1.82949752531799,1.61267974597306,1.23409637110156,1.49903300959477
"16354",-0.291142721126129,-0.364219162365198,-0.495385755085102,-0.70154987295964,-0.731009800440554,1.64597172801596
"16356",1.0511121926795,0.0684183080558247,-1.0086488525743,-1.1396834459691,-1.09103647554054,0.348072398848689
"16357",-0.592070494176292,0.0684183080558247,-0.0764991498181897,0.0466717897624697,-0.357217029387378,-0.965856323615113
"16358",-0.911966113971048,0.403998001147492,0.8483600630924,-0.00160754396360827,0.905981889008325,-0.592298269152899
"16359",-0.852713313129108,1.44640373839476,0.727638286527146,0.419741986442052,0.833236918319596,-0.209958942458558
"16360",-0.880737629022915,0.910009710803488,1.28607388584982,-1.38517878742293,1.27247057537024,1.82315197463014
"16361",-0.830805415386727,0.403998001147492,0.171924107558972,-0.891047406985841,0.0442045460129851,1.56524441089609
"16362",-0.600807241467591,0.678186574882064,-0.0150608502304227,-0.809365307608384,-0.112258898142254,2.27515999056185
"16363",-0.391132256951601,-0.973987429191438,-1.54929008586231,0.189844294627615,-1.5262744976451,0.119081287901486
"16364",-0.810336266004966,-0.364219162365198,-0.0199402898424113,-0.369302488678453,-0.261965500645552,-1.02325862720799
"16365",-0.750263309092721,1.44640373839476,0.62221507778386,0.575190134589714,0.186007505052844,-0.336780665810775
"16366",-0.738968786938099,-0.973987429191438,-0.651455198158354,-0.0283206618096211,-0.327071251764538,0.119081287901486
"16367",-0.550847225930715,-0.364219162365198,0.0837988917455988,-1.22606827388451,0.370690527884044,-1.81686871463534
"16368",-0.901144224128127,-0.364219162365198,-0.337057093399312,-1.1202070639544,-0.341994598135824,1.64597172801596
"16369",-0.742346717871728,0.0684183080558247,0.624876879947587,-0.400702576732622,0.728135185993252,-0.952187516722961
"16370",-0.101582411758126,0.403998001147492,0.483770521386749,-1.29835520577482,0.36714387289307,-0.196257388530165
"16372",-0.590847210546007,-0.364219162365198,-0.58305694184384,-1.72981071228829,-0.691797280018651,1.64597172801596
"16374",-0.261485043566885,-0.364219162365198,-0.359943107233802,-1.62822901185188,-0.385410637294576,-1.48575374207558
"16376",-0.840438773975223,-0.364219162365198,0.245814478318715,-0.968311753229542,0.425294190965103,1.64597172801596
"16377",1.75012148073509,-0.973987429191438,-0.0551616750747017,2.40348393507074,1.01343292497355,0.119081287901486
"16378",1.55018411193517,0.0684183080558247,-0.566554907361619,-0.194331715621661,-0.295236829446207,0.846692630226258
"16379",-0.882141625007674,0.403998001147492,0.899479280890276,0.0824956889422959,0.966466283502845,1.13031296688639
"16380",-0.311660523834095,-0.973987429191438,0.723977538419531,1.32758150901936,0.976094813946108,0.119081287901486
"16383",-0.180331295457736,-0.364219162365198,-0.0955892751160239,-1.18194534232484,0.128211425919096,-1.47632095535466
"16384",-0.0296032908761158,-0.364219162365198,-0.174990865338923,-0.0591717842359401,-0.315340147588534,-1.37573898916295
"16385",-0.320640537756416,0.0684183080558247,-0.21777487069432,-0.748529622104229,-0.321183052532201,-1.52025977577134
"16386",-0.640612612778065,-0.364219162365198,-0.715953236441944,-1.76371152247105,-0.495088934103427,-1.60099018860287
"16387",2.30231588173094,-0.973987429191438,-1.66960359764837,0.279687691167947,-1.65056313676528,0.119081287901486
"16389",-0.391319919781248,0.403998001147492,0.532941873622514,0.933345859756489,0.870174447060127,-0.909822638183793
"16392",1.7715984490168,-0.973987429191438,-0.985294547451226,-1.45628897517498,-0.509983017134227,0.119081287901486
"16393",-0.900998264149514,1.95241544805075,1.18207335483721,-0.799823288762372,1.04950402393108,0.235341114406761
"16394",-0.359257377812465,0.678186574882064,0.630148355289044,0.00710288848734346,1.43218686716815,-0.619270191273359
"16395",-0.32048762730263,0.678186574882064,0.590428285223258,-1.08345036773858,0.999129833136159,-0.827450702807221
"16398",0.619313922614331,-0.364219162365198,0.706149764001535,0.130435780560673,0.495490836876856,-0.710352544210401
"16399",-0.732247677446703,-0.364219162365198,-0.470405625286554,-1.33935786570768,-0.306659208561757,-1.56846319819581
"16400",0.0199674980511236,-0.973987429191438,-0.712271884984997,-0.665189066963023,-0.627698819591003,0.119081287901486
"16401",-0.91322804224329,1.84096642608922,1.42775869384235,0.198598347465382,1.73539006284053,0.308660394381974
"16402",1.72145772112545,-0.364219162365198,-0.7410744741935,-1.43983027083118,-0.751402270779913,-0.788383143339897
"16403",2.20136022985655,-0.973987429191438,-1.1532860659026,-0.0566632322353488,-0.93787801074541,0.119081287901486
"16404",-0.221269594221258,-0.973987429191438,-0.402730669237557,0.0396040506010448,-0.696589560250936,0.119081287901486
"16405",2.1005435874856,-0.364219162365198,-1.20198979019508,0.697938775738567,-0.564539970262489,1.64597172801596
"16406",-0.740483990525612,-0.973987429191438,-1.26768589794923,-1.92049255067902,-0.924781584637011,0.119081287901486
"16407",-0.800174671303392,1.5897382004434,0.869277115586776,-0.475329552684521,0.773186652411439,0.119852985927948
"16409",-0.562329410914983,0.678186574882064,0.846522907381656,-0.866892511234562,0.907146879876591,-0.880701095828855
"16411",-0.731073047142622,-0.364219162365198,-1.00891984511271,-1.50973313052693,-0.833155713839811,-1.81686871463534
"16412",-0.390444159909566,-0.973987429191438,-1.37126798074491,-1.57062212451334,-1.38302556781499,0.119081287901486
"16413",-0.360230444336556,-0.973987429191438,-0.833474433104195,-0.905554934396307,-0.741137602446644,0.119081287901486
"16414",-0.709519623634017,-0.364219162365198,-1.43200946992689,-0.0379032748221336,-2.01094903338873,-1.70607925580849
"16415",-0.480939346649984,-0.973987429191438,-1.05440985083201,-1.63313840820071,-0.601801746608917,0.119081287901486
"16416",-0.660782891727427,0.0684183080558247,0.307917051566606,-0.268349779750659,0.40414717819407,2.72931773593378
"16418",-0.480550120040348,0.0684183080558247,-0.111894973634522,-1.16981329251468,-0.259257569445174,-0.976870741186965
"16419",0.200082111660278,0.910009710803488,0.231986442961586,0.034153203995797,0.0621198551974726,-0.0651745473649867
"16422",-0.751347583219565,3.1478894909578,2.72398953472936,1.95618376174714,2.52749817040405,3.44228586402634
"16423",-0.679347610912039,-0.973987429191438,-0.605547409910559,0.0375113845916679,-0.408086168857447,0.119081287901486
"16424",0.99030248539901,-0.973987429191438,-1.38600794029516,0.42795672759867,-1.13255357896724,0.119081287901486
"16425",2.10091891314489,-0.973987429191438,-0.715600630388048,-0.29967177427792,-0.517541028718898,0.119081287901486
"16426",-0.901484797411559,1.5897382004434,0.779045279839082,-1.41357291601735,0.853493422687553,0.294159324420494
"16427",1.70946815145362,-0.364219162365198,-0.902430409353316,0.431195343359822,-0.701412267863089,1.64597172801596
"16429",0.139467017684611,-0.973987429191438,-0.766351404779456,2.46593933045989,-2.59373601988992,0.119081287901486
"16430",-0.351326885641127,-0.973987429191438,-0.720632754030789,1.18804014005135,-1.01424650405576,0.119081287901486
"16431",1.21029197507036,0.0684183080558247,-0.122173290549744,-0.939729958865935,0.0865119386710276,0.251114593124537
"16432",-0.280932473098351,-0.973987429191438,-0.758172359703033,0.784002967258058,-0.270147704331226,0.119081287901486
"16433",-0.641314610770444,-0.973987429191438,-1.12267277702898,-0.627047040222004,-0.992645790695733,0.119081287901486
"16434",-0.631437985550926,1.11082404530309,0.606779949006589,-0.322847814328454,0.49748971670728,-0.325018106212514
"16438",-0.8701381543855,0.678186574882064,0.0814120712191816,-1.27039062525436,0.121691438270774,1.58378655775494
"16440",-0.850614269627141,0.678186574882064,1.33026602823084,-0.427036631796348,1.23862439582052,-0.438621617295633
"16441",-0.252498079169392,-0.364219162365198,-0.526259868029702,-0.18674826024474,-0.623320859936934,-1.59746262985707
"16442",-0.910534316085601,0.0684183080558247,-0.140825690976233,-1.80968126829918,0.0882246201118883,-1.64883259203738
"16444",-0.461026235281989,0.403998001147492,-0.081770288613527,-0.995903070910556,0.0239970353495126,-0.840080073535723
"16445",-0.590596993439812,-0.973987429191438,-0.93913060422962,-1.78392635454087,-0.957956022832623,0.119081287901486
"16446",-0.91322804224329,-0.364219162365198,2.72398953472936,3.63524149608769,2.52749817040405,-1.52429905362972
"16447",0.43019844365734,-0.973987429191438,-0.853395144694336,-1.03414016153683,-0.438271885166165,0.119081287901486
"16448",1.05919559530462,-0.973987429191438,-1.12833794983598,-0.760528793712393,-1.2425633864839,0.119081287901486
"16449",1.05170993354429,-0.364219162365198,-0.017729342716047,-0.0604898020905988,-0.0543790170983204,-0.44110306478365
"16450",0.570723150686354,-0.973987429191438,-0.690970091392341,0.499462636148587,-0.513752622375861,0.119081287901486
"16451",-0.048772701400699,-0.973987429191438,-0.81868250634851,0.0276853639139545,-0.899247284561434,0.119081287901486
"16454",-0.480140042005195,-0.364219162365198,-2.1502371892256,-1.84083068733234,-2.59373601988992,1.64597172801596
"16455",-0.290232208878588,1.11082404530309,0.769012021731491,-0.00180625836859697,0.696544391853595,-0.532501561972722
"16456",0.0694340298507821,0.678186574882064,0.899776846300633,0.0612553040275787,0.809783373888121,-0.846926664778227
"16457",1.2606829200679,-0.973987429191438,-1.02195480114684,0.257347332015678,-0.783055763192142,0.119081287901486
"16458",-0.899629020540615,2.41167084498539,1.29375247134567,-0.0907840880478703,1.28813979087914,0.972593241183525
"16460",-0.641154749841487,0.0684183080558247,0.0945764834508816,-1.25333491872965,0.605253226183767,1.24003514539318
"16461",0.85082730012098,-0.973987429191438,-1.33062529545208,-1.58567823454693,-1.58587948840637,0.119081287901486
"16462",-0.189359962706262,0.0684183080558247,-1.37120786426813,1.06555787507724,-2.3899696981111,-1.14831871795887
"16463",-0.711319796703585,0.403998001147492,0.556613382835797,-0.0836604776341168,0.82029667525052,-0.592026579227867
"16464",-0.730572612930233,0.0684183080558247,0.481713639281913,-1.34319608738352,0.668379826245235,-0.422421855206843
"16466",-0.590200816355004,1.11082404530309,0.651367451625748,-0.617401931441775,0.522041753872944,-0.255115023152092
"16468",-0.180942937272879,-0.973987429191438,-1.85757630143306,0.834204969513618,-1.90952207309304,0.119081287901486
"16469",-0.690635182591489,0.403998001147492,-0.119354977187672,-1.78431568551141,-0.315340147588534,-0.869579237581881
"16470",-0.410294717001013,0.403998001147492,0.0330591998794909,-1.55789477600906,0.212610088080075,-1.24873244906565
"16471",1.82268444153155,-0.973987429191438,-0.962803928561123,-0.0917612842873303,-0.777687727442263,0.119081287901486
"16473",0.721944639005191,0.0684183080558247,-0.680015720816663,-0.0691861487194135,-0.529020953491297,-0.905779986289429
"16474",-0.851031298137466,1.11082404530309,0.755248904578215,-1.39532215553456,0.633310068391732,0.993240993109913
"16475",-0.0409881692079748,0.403998001147492,-0.233571158482399,0.0503467320445019,-0.160538540349862,-0.610089323088273
"16477",-0.28916878617726,1.11082404530309,1.01898349811439,-0.101434522649264,0.969153141264548,-0.532787492804338
"16478",-0.67204961198136,0.0684183080558247,-0.642225378726531,0.0522450567977444,-0.428076109300152,1.93705650297396
"16479",-0.82126936345064,-0.364219162365198,-0.720687323714972,-0.88770537540589,-1.02158543938148,1.64597172801596
"16480",-0.169870830323763,-0.973987429191438,0.050913927133501,-0.291600607928672,0.108481124479846,0.119081287901486
"16482",-0.770760260375171,-0.973987429191438,-0.975086547300763,-0.486728684840507,-0.0990101803319425,0.119081287901486
"16483",1.00053358485231,-0.973987429191438,-1.351311854263,-1.06247419432965,-1.65056313676528,0.119081287901486
"16484",0.810799513604999,-0.364219162365198,-0.477930150330321,-0.165718169093838,-0.513752622375861,1.64597172801596
"16485",-0.151591080621206,-0.973987429191438,-0.56497243097199,-0.879562771917242,-0.391820581639959,0.119081287901486
"16488",-0.591083526701858,0.0684183080558247,-0.3053268572661,-0.0935949557838973,0.464858706275411,-0.315401390974723
"16491",-0.459552734545509,-0.973987429191438,0.00948550480398684,0.00819426565915305,0.145858075705496,0.119081287901486
"16493",-0.129627579077448,0.403998001147492,0.514613567318338,0.306942457487484,0.820948949998385,-1.01540286856446
"16494",2.04156880565054,-0.973987429191438,0.109945708816759,-0.140080237674413,0.40752557025958,0.119081287901486
"16495",-0.891191143681716,0.0684183080558247,-0.0898612949152543,-1.05766397962389,-0.139470425280125,-1.41769846617686
"16496",-0.839973092138694,0.0684183080558247,0.653201330185552,-0.118582773226923,0.785582512420177,-1.52588439488907
"16497",-0.429783849383511,0.910009710803488,1.16143875934326,0.186289160609145,0.958892122053423,-0.641979176345745
"16498",0.689437266625396,-0.364219162365198,-1.61440867995443,-1.1556185746584,-1.63386853293248,1.64597172801596
"16499",2.68183267755175,-0.364219162365198,-0.560917113758476,0.0378376758134202,-0.856529062536934,1.64597172801596
"16500",-0.88065422332085,0.910009710803488,-0.484950030079907,0.801244855547212,-0.880644545047084,-0.835846343472573
"16503",0.140356678506636,0.403998001147492,0.562108973324781,-0.10408196377112,0.277975141388863,-1.03368592018921
"16504",-0.671820246300682,-0.973987429191438,-0.361441124621547,-1.3494335535453,0.194978954589761,0.119081287901486
"16505",-0.610489253382291,-0.973987429191438,0.0597510897630951,2.85083858388174,0.287246428734822,0.119081287901486
"16506",-0.730614315781265,-0.364219162365198,-1.70543563533534,0.571036359313788,-1.68509516941918,1.64597172801596
"16509",2.04298670258564,-0.973987429191438,-0.564859513213072,0.483324525751796,-1.37124899242479,0.119081287901486
"16510",2.76889342599539,-0.973987429191438,-0.878819775576118,0.0286325260823337,-1.09916033797674,0.119081287901486
"16511",-0.70992970166917,0.0684183080558247,0.196584639348048,-1.31929289704518,0.0202644779750839,-1.31282501720344
"16513",-0.87991747295261,0.403998001147492,0.156438119562278,0.348293635612175,0.0239970353495126,2.8151612411138
"16515",-0.400696110788377,0.678186574882064,0.6657733809456,-0.282282180117727,0.560664493411592,-0.770624783637162
"16516",-0.621644766033472,-0.973987429191438,-1.60853380341187,-0.110752608865461,-1.44481359219607,0.119081287901486
"16517",1.85097982595707,-0.973987429191438,-1.22456824185827,-0.767604188483354,-1.06717355293204,0.119081287901486
"16518",-0.3114103067279,-0.364219162365198,-0.329539318461363,-0.500718603001908,-0.141782676372296,-1.5936358068324
"16519",-0.67198010722964,-0.364219162365198,-0.995935519183451,-0.139088894664734,-1.49813891455725,-1.81686871463534
"16520",0.940370271762823,0.0684183080558247,0.304128588667729,-1.15924217469821,0.263173410174211,-0.957336828218093
"16523",-0.909443091483585,2.63214393769067,2.11293051162941,0.662416505304093,1.80684209262842,1.65495926254251
"16525",-0.901943528772916,2.94012884578181,2.380059476676,1.61560549216737,2.22501264470433,1.82009786931276
"16526",0.790809947010111,-0.973987429191438,-0.749762757195152,0.0453629706879635,-0.992645790695733,0.119081287901486
"16527",-0.111771808360388,-0.973987429191438,-0.947892594511592,-0.157223186797064,-0.992645790695733,0.119081287901486
"16528",-0.890947877050693,-0.973987429191438,-0.891110785829265,-0.302671265358606,-0.632102158863072,0.119081287901486
"16529",0.97874384518785,-0.973987429191438,-0.380408962489308,-0.239915296617342,-0.521348424646735,0.119081287901486
"16531",-0.702339782781264,1.11082404530309,0.446717551359817,-0.166331878564797,0.638301809668319,-0.671985070249177
"16532",-0.750152101489968,0.0684183080558247,1.83846411599234,3.63524149608769,1.23787159705007,-1.56027714843569
"16533",-0.730968790015041,0.0684183080558247,0.332137575058638,-1.25218142074781,0.331977747697912,1.43936087937749
"16535",-0.871993931256444,-0.973987429191438,-0.162081501290256,0.0328628642903105,-0.0774299249461772,0.119081287901486
"16536",0.178667697655114,-0.973987429191438,-0.227821933050611,-0.701366027452071,-0.345014776656432,0.119081287901486
"16539",-0.899260645356495,0.403998001147492,0.536945540258283,0.601081006260485,0.14427066886398,-1.43510422487579
"16542",-0.389693508590982,-0.973987429191438,-1.4760772728044,0.296423407016767,-1.6175329808186,0.119081287901486
"16545",0.721339947665221,-0.973987429191438,-0.621889390611016,2.18349402261901,-1.22308606552899,0.119081287901486
"16546",1.98213529245413,-0.364219162365198,0.0697911722132626,0.62512297045811,0.250844618185932,-0.42270505564633
"16549",-0.821867104315439,1.5897382004434,1.41491783812586,-1.60955211617518,1.33594898223338,-0.0232847465669372
"16550",0.160610363158063,0.678186574882064,0.95179947987962,-0.816840661727443,1.03340972127046,-0.775344061113768
"16551",0.0311508126029926,0.0684183080558247,0.199972865139426,0.51874488911142,0.682592642319552,-1.29605821387837
"16552",1.50224668467337,-0.364219162365198,-0.529433535438344,0.214814072619524,-0.445145904001139,-1.07021748030614
"16553",0.70921136848995,1.84096642608922,1.70224575813162,1.56124461183838,1.8642636393684,1.42195455159867
"16554",-0.501484951258638,0.0684183080558247,0.120398457656302,-0.171069784328336,0.0146310239901989,-1.47049693829485
"16555",-0.571406731489713,-0.364219162365198,-0.76249569931491,-0.119974023292448,-0.614639920910157,-0.257014491048269
"16556",-0.259921186653168,1.11082404530309,1.25281124601145,-0.177574995936444,1.18887492634574,-0.460985499131654
"16557",-0.681314595385736,-0.364219162365198,-0.774175627309798,0.378213199875212,-0.957956022832623,-0.887586188688465
"16558",-0.91322804224329,2.56218371487699,2.01263935201924,-0.0319589123687335,1.98278974293077,1.16409280519786
"16560",-0.659844577579196,-0.364219162365198,0.124622860765995,-0.251458810759643,0.179967124137296,-1.81686871463534
"16561",-0.870548232420653,-0.364219162365198,-0.285272247291756,-0.143116619922727,-0.363392460941241,0.319707433918956
"16563",-0.390138339001995,-0.973987429191438,0.328275943545665,1.33821108715206,0.158439297451468,0.119081287901486
"16565",2.72110286227398,-0.973987429191438,-1.17100786837725,1.36324722849515,-1.6175329808186,0.119081287901486
"16566",-0.772435324891641,0.678186574882064,-0.133624248618668,0.722813344770478,-0.064770066934981,-0.862663387109378
"16567",1.02021038006445,-0.364219162365198,0.147938563119159,0.335972283958493,0.702663852120477,-1.16539641069003
"16569",-0.89210860640443,-0.973987429191438,-1.44538516207686,0.341195359218325,-1.09103647554054,0.119081287901486
"16570",-0.772629938196459,1.5897382004434,1.35207635580228,0.553758953727479,1.27318986888726,0.142729168855324
"16571",-0.660338061316414,0.0684183080558247,0.556202481114326,-0.153550644322389,0.868338987696095,-1.35316767128009
"16572",0.348537310860629,0.0684183080558247,0.274538712016557,-0.0591612112697768,0.226996387386933,-0.703994273011953
"16573",-0.078770952243375,-0.364219162365198,-0.0706169125867726,-0.192868636706864,-0.0689666184782293,-1.52751234773226
"16574",-0.210732673860393,-0.973987429191438,-0.387315176056482,-0.169273261988775,0.0405702142124694,0.119081287901486
"16581",0.901718679330914,-0.973987429191438,-1.57598626456053,-0.534096720956843,-0.816085919138824,0.119081287901486
"16582",0.208221118086777,-0.973987429191438,-0.686508017039767,1.23861911602939,-0.663661696930793,0.119081287901486
"16583",2.76889342599539,-0.973987429191438,-0.928737801365346,-0.129904236930154,-0.957956022832623,0.119081287901486
"16584",-0.120696218481332,-0.364219162365198,0.212334108703293,0.697269873839613,0.374220699523559,-1.37560415512982
"16586",1.56252120536561,-0.973987429191438,-0.364852656816272,1.36522010471266,-1.07504485546659,0.119081287901486
"16587",1.39974802731078,-0.973987429191438,-0.958422278642069,-0.085494909143708,-1.29356064839624,0.119081287901486
"16589",-0.21122615759761,0.0684183080558247,-0.373238021622219,-0.340403981593252,-0.0523177569535507,0.117934064539282
"16591",-0.239535442973472,-0.973987429191438,-1.00197964387276,0.161205200363807,-1.70296832104033,0.119081287901486
"16592",-0.881384023213918,2.24440155006565,1.43083879695607,0.0261718996182978,1.52097112120429,1.24256222897816
"16593",-0.420511915503963,0.0684183080558247,-0.644635101584065,-0.489851744248297,-0.924781584637011,-1.43174507216667
"16594",-0.17089950064923,-0.973987429191438,-1.13688683985978,-1.85012230941497,-1.37124899242479,0.119081287901486
"16595",-0.310652704934144,-0.973987429191438,-0.572892592865932,-1.63878350810136,-0.12347880520617,0.119081287901486
"16596",-0.769710738624187,-0.364219162365198,-0.87206987420187,0.132902303238281,-1.05938298312831,-1.81686871463534
"16597",-0.882183327858707,-0.973987429191438,-1.70778429410688,-0.431263732193952,-0.576758580605547,0.119081287901486
"16598",1.9319389607614,-0.973987429191438,-1.31852593044142,-0.292392857891661,-1.27274910279262,0.119081287901486
"16600",-0.88229453546146,0.910009710803488,0.0968951761053454,-0.408351479583335,0.808458920375198,-0.868418411932866
"16601",-0.519959314266013,-0.973987429191438,-0.896869421062292,-0.954793072176858,-0.821733334724261,0.119081287901486
"16602",-0.561974936681207,-0.973987429191438,-0.258439920445062,-0.0266197428168549,-0.121221525990064,0.119081287901486
"16603",-0.179226169905376,-0.364219162365198,-0.332684681951331,-0.31782995400424,0.149022971522719,1.64597172801596
"16607",-0.749846280582397,2.05617200522099,1.26119590540517,0.0518112196511755,1.50312267559225,0.53138829446605
"16609",-0.771170338410323,1.11082404530309,1.66899689662747,0.0782253493052742,1.376546562139,-0.102818124323815
"16610",1.27073330716672,-0.973987429191438,-1.8493708073384,-0.454098831987062,-1.34822984000231,0.119081287901486
"16611",0.939383304288388,-0.973987429191438,-1.41130260757918,-0.423579332913241,-1.60154136074464,0.119081287901486
"16612",-0.59856223798701,0.403998001147492,0.408188932932483,-0.040569192172569,0.189009777329926,-1.1434428496914
"16613",-0.221665771306067,-0.973987429191438,-0.128383813051759,0.119992872592858,-0.22490576550186,0.119081287901486
"16614",0.901086186090255,-0.973987429191438,-0.29323883337409,0.052139485497731,-0.43145951755457,0.119081287901486
"16616",-0.772414473466125,-0.364219162365198,-0.302661753582248,-0.240740581403146,-0.048211942106633,-1.16488861050509
"16617",1.43197043020852,-0.973987429191438,-1.28104708771514,0.581759307665673,-1.10737202765443,0.119081287901486
"16618",-0.611170399949155,0.678186574882064,1.06803040986735,0.466174428693597,0.940734112413853,-0.925998596288045
"16619",1.71316580424516,-0.973987429191438,-0.954571117513777,-0.166740248021893,-0.821733334724261,0.119081287901486
"16620",-0.890767164696219,-0.364219162365198,-1.14657729765974,0.0770738068909326,-1.13255357896724,-1.70119518911374
"16621",-0.410065351320334,0.403998001147492,0.0968547308911747,0.4864931245609,-0.202002304785828,-0.887321371294023
"16623",1.53223798504088,-0.973987429191438,-1.41155509954816,0.390604601201267,-1.74002805618402,0.119081287901486
"16624",-0.120237487119975,-0.364219162365198,0.0939070002948725,-0.115122704691164,0.161552309584249,-0.931449741297676
"16625",1.82137080172403,-0.973987429191438,-0.637081785858238,-0.294255242626752,-0.663661696930793,0.119081287901486
"16626",-0.91322804224329,2.33036057895557,1.48868843484925,0.33224311090719,1.45685797663576,1.54089573677465
"16627",-0.13107327791324,-0.973987429191438,-0.662821873086032,-0.168031955806259,-0.672924908042205,0.119081287901486
"16628",-0.630722086608202,0.678186574882064,0.911091930197903,0.0047280011113418,0.847221100528646,-0.424577570686739
"16629",-0.189429467457982,-0.364219162365198,-0.469178299436098,-1.14298101788236,0.163104044336812,1.64597172801596
"16633",-0.751215524191296,0.910009710803488,1.13818623879829,0.0213943496582731,0.803805061369893,-0.21617979774602
"16634",1.3012041903211,-0.364219162365198,-0.985256923673912,0.31063137656155,-1.18556861786936,-1.22242042822237
"16637",-0.600918449070344,0.403998001147492,0.384866018686969,-0.125948789516659,0.648187943548827,-0.671272911936338
"16638",-0.7001156307262,1.5897382004434,0.693958362284675,-0.0480922595032315,0.878077247971072,-0.140128510514236
"16639",-0.610947984743648,0.0684183080558247,0.455216064135644,0.355998187822131,0.194978954589761,-1.11581387696428
"16641",0.129910114323007,-0.973987429191438,-0.937034428523261,0.0393156678166355,-0.327071251764538,0.119081287901486
"16642",-0.880424857640172,-0.364219162365198,-0.0405405339293767,0.0983070491442706,0.147442171998538,-1.51582688002112
"16643",1.53296778493394,-0.973987429191438,-0.3241437486083,-0.0365868648074573,-0.28958941386077,0.119081287901486
"16644",0.850604884915473,-0.364219162365198,0.117129554178036,-0.379973236127732,0.560664493411592,1.26974071184338
"16647",0.770896835642116,-0.364219162365198,-0.999832344131787,-0.231127024388914,-0.751402270779913,1.26267388728543
"16648",-0.499031433522895,-0.973987429191438,-0.74891520574299,-0.230525988211862,-0.256559257914089,0.119081287901486
"16650",-0.20914796552116,-0.973987429191438,-0.273615637210434,0.175049508648588,-0.0441282016397167,0.119081287901486
"16652",-0.339170504565168,1.11082404530309,1.84152948005108,1.35281049905639,1.60812660163747,0.0763294854394221
"16653",-0.761710741701129,-0.364219162365198,0.425330600265276,-0.0683099181894007,0.470050619156908,0.284666919022957
"16654",0.489152374066881,0.403998001147492,-0.151733645212037,0.126504237180706,-0.25387049794823,-0.893110986821015
"16655",-0.750270259567893,0.910009710803488,1.36325876518758,-0.277832754174974,1.35844927469126,-0.784931627566178
"16656",-0.701603032413024,2.15322978255035,2.04053481715344,2.23733781997097,2.36498663969855,0.670288338085715
"16657",-0.830499594479156,0.403998001147492,0.156287612420032,-1.56585079181609,0.798451214378404,-0.989920638735841
"16658",2.7617909439313,-0.973987429191438,-1.4517243775196,-0.222400575660814,-1.72127219220646,0.119081287901486
"16659",0.969708227464152,-0.973987429191438,-2.1502371892256,0.0576514404649075,-1.28308360094871,0.119081287901486
"16660",-0.761724642651473,0.403998001147492,0.461825064550113,1.74659609381969,0.280635648127127,-1.23506005762614
"16665",2.70162763084182,-0.973987429191438,-1.37482264259529,-0.249968371977519,-1.43204734383562,0.119081287901486
"16666",-0.731337165199161,-0.973987429191438,-1.48045867990436,-1.76825353949096,-0.398285079358958,0.119081287901486
"16667",-0.241502427447169,-0.364219162365198,-0.199720823820244,-0.619891906676256,-0.388608847902536,-1.56847108742405
"16668",-0.772914907678514,0.910009710803488,-0.704770818754339,-0.227629074856519,-0.162915925380504,-0.563061992921457
"16669",-0.690642133066661,0.0684183080558247,0.512937491090314,-0.881062098662983,0.609571452124594,1.16255016280542
"16670",-0.759507441071581,1.72059231212933,1.42727236502553,-0.159839527611832,1.41806032785768,0.0526389580709879
"16671",-0.641113046990454,0.0684183080558247,0.699595250490175,3.31050678431063,0.604386627233851,-0.579664271315838
"16672",-0.902513467737026,2.56218371487699,1.99228840239735,1.61853826705507,1.49591781032198,1.97106591584792
"16674",-0.379990645250765,-0.364219162365198,-0.711435051378906,-1.89164435685676,-0.589176959073393,0.753252661907594
"16676",-0.590381528709478,0.403998001147492,0.649384746669613,-0.0475018084751143,0.362389091187024,-1.2381164303875
"16678",-0.900761947993663,1.84096642608922,1.20055331121855,0.0283284849719883,1.36929595732844,0.62102190055822
"16679",2.74174577353504,-0.973987429191438,-1.40966329395355,1.00848808063333,-1.95854384911368,0.119081287901486
"16680",-0.49261614493907,-0.973987429191438,-1.12516600402286,-0.0163083254501588,-1.08299858151564,0.119081287901486
"16681",-0.199695319287137,0.910009710803488,0.736717268691539,0.920950039082714,0.964849594924004,0.109781330538911
"16682",-0.880716777597399,0.678186574882064,0.289398507568255,0.727002236887748,0.735467037294511,-0.237206921073516
"16684",-0.881502181291843,3.04759409432045,2.72398953472936,3.11424762418791,2.52749817040405,2.08823275523234
"16685",-0.310951575366543,-0.364219162365198,-0.659167440337424,-1.42350832987497,0.00323720189468031,1.64597172801596
"16686",-0.451010600559028,1.11082404530309,1.15982429739859,-1.38213538694693,1.22304089713165,-0.533242050402398
"16688",-0.912070371098629,0.403998001147492,0.457405382871038,0.103635375611406,0.540184544793061,1.68291353906397
"16689",-0.169863879848591,-0.364219162365198,-0.441559777100652,0.663535388695136,-0.134866933024296,1.64597172801596
"16690",-0.201300879051887,-0.364219162365198,-0.956857843565788,0.0108237705969735,-0.793907003413984,-1.05447595206647
"16692",1.64040823014388,-0.364219162365198,0.467227848149976,3.63524149608769,-0.721015262858195,1.41334828484918
"16693",-0.239723105803118,-0.364219162365198,-0.340575253370764,-0.953521580693521,-0.502499469928541,-1.51602676458374
"16696",0.429517297090476,0.403998001147492,-0.0777231515599147,1.51919061186277,-0.751402270779913,0.234629997075845
"16697",1.48926319705194,-0.973987429191438,-1.52437285235901,-1.39606225192018,-2.01094903338873,0.119081287901486
"16698",1.3417741139005,-0.364219162365198,0.836295198108734,3.63524149608769,0.573415433800427,1.64597172801596
"16700",-0.840174655918685,1.95241544805075,1.60400813510382,-0.143502330595468,1.76267157225819,0.285004265485065
"16701",-0.840244160670405,1.95241544805075,1.65460838376777,0.835436591674081,2.11422906313684,0.31159956585676
"16705",-0.91322804224329,2.56218371487699,2.44140632157037,1.2318813656563,1.99664509085769,1.21520080869543
"16706",-0.551104393512082,0.0684183080558247,-0.253365505227926,-1.61933837492118,-0.34804701180988,0.426517385551416
"16708",-0.47040937676429,-0.973987429191438,-0.079312068986221,0.315959424342429,-0.245860857150927,0.119081287901486
"16709",-0.0794868511860987,0.678186574882064,1.17906541505602,0.862994053408616,0.583285995462243,-0.359276295448667
"16710",-0.731677738482592,1.5897382004434,1.01020105898747,-1.2329745425053,1.16147413503595,-0.155351809275833
"16711",-0.892525634914754,0.678186574882064,0.679288809178878,1.68019952968168,0.567066719490523,-1.1612878245945
"16712",-0.831333651499805,1.72059231212933,1.32359933761196,-0.933819114771445,1.12172364636127,0.539473106668564
"16713",-0.740755059057323,2.15322978255035,1.8579944220686,-0.59339090888811,1.80790965977143,0.634190643173846
"16714",1.26158648184027,0.0684183080558247,0.366552834399186,-0.421029574363209,0.304169940547112,-0.0542017072927916
"16715",-0.142590215273368,-0.973987429191438,-0.718262465626048,-0.186993196279014,0.369510148629856,0.119081287901486
"16716",1.74246205709546,-0.364219162365198,0.181094259398113,3.63524149608769,-0.899247284561434,0.710643616104875
"16717",-0.69057262831494,0.910009710803488,1.37481428902211,0.0485373849643434,1.17672796336914,-0.901845010014082
"16718",2.76889342599539,-0.973987429191438,-0.145223103055949,-0.352311573131451,0.0239970353495126,0.119081287901486
"16719",-0.779476156240953,1.11082404530309,0.736661474079258,-0.832508397792442,0.828087245054248,-0.736780277981453
"16720",-0.662256392463907,-0.973987429191438,-1.27514144154403,-1.25814976877951,-0.593361949810017,0.119081287901486
"16721",1.6998903966665,-0.973987429191438,-0.743820069197674,-0.980356256146049,-0.627698819591003,0.119081287901486
"16722",-0.751125168014059,1.95241544805075,1.5459294037257,0.143080793392821,1.92773679502052,0.322572574582142
"16723",-0.0102948708480913,-0.364219162365198,-0.186463889397918,-0.356521472115545,0.00705416418415578,1.64597172801596
"16725",2.09993194567045,1.11082404530309,0.0390466571241521,-1.42355395869239,-0.237934796738894,2.76860330705202
"16726",-0.661637800173592,0.678186574882064,0.518931241787247,-1.01872719969968,0.662779993319812,-1.09795439504169
"16727",2.72174925646498,-0.973987429191438,-0.852081872432365,-1.31020998386703,-0.649975310484224,0.119081287901486
"16728",-0.461345957139904,0.403998001147492,0.305471839366328,-1.69978714829137,0.403017700071884,-0.839960874870957
"16729",-0.541366777796005,2.63214393769067,1.89236396231269,-0.611955337459469,2.0300174543552,2.82540221108497
"16730",-0.401120089773873,0.0684183080558247,0.0224365135465057,-0.82873247295713,0.70113860281839,-1.3972706524162
"16732",-0.609516186858201,-0.973987429191438,-0.148349366999416,0.172943743403402,-0.165300774740597,0.119081287901486
"16734",-0.400932426944227,0.0684183080558247,-0.0917661985571793,-0.469904016694111,-0.10120231431295,0.887688390331255
"16735",-0.139907331856948,0.678186574882064,0.933126956857303,0.0463917887914095,1.02945617221621,-0.754229520228336
"16737",-0.390638773214384,-0.973987429191438,-0.451338634253075,3.63524149608769,-0.237934796738894,0.119081287901486
"16738",2.05284942685482,-0.973987429191438,-2.1502371892256,-1.75990121991506,-2.59373601988992,0.119081287901486
"16739",0.842000196652444,-0.973987429191438,-0.662313342243459,0.341490746418566,-0.627698819591003,0.119081287901486
"16742",-0.460275583963405,-0.973987429191438,-0.363171639119869,3.63524149608769,-2.59373601988992,0.119081287901486
"16743",-0.63091669991302,1.11082404530309,0.920473899803364,-0.545027838656765,1.24499324016293,-0.632330396278696
"16744",-0.811024363047002,1.11082404530309,0.477425168107395,-1.37575026628691,0.534501920553612,0.64048218527315
"16745",-0.0599004121511911,2.33036057895557,1.88954433483774,0.0972745287725771,2.15200123281506,1.96643915191713
"16746",-0.88085578710084,2.41167084498539,1.83004008227622,-0.249902783536308,1.87410494175825,0.997269245667379
"16747",-0.550179980314196,-0.364219162365198,0.11937585872801,0.0783647893433784,0.296405914885451,1.64138632633116
"16748",-0.749797627256192,0.678186574882064,0.609008962652894,0.195124556797651,0.608709768654747,-1.03162573731385
"16750",-0.480612674316896,0.678186574882064,-0.12131624051651,-1.18215766027596,-0.462608141954054,-0.280623136839131
"16751",-0.619900196765281,-0.973987429191438,0.734100155620601,1.60526154842811,0.728871564041435,0.119081287901486
"16752",2.76889342599539,-0.973987429191438,-1.02534477615826,0.252429556959419,-1.49813891455725,0.119081287901486
"16753",-0.340671807202336,-0.973987429191438,-0.962913769049433,-1.17917824075523,-0.55650207623759,0.119081287901486
"16754",2.76889342599539,-0.973987429191438,0.83810595686482,3.63524149608769,1.80950820241097,0.119081287901486
"16755",0.219765857347594,0.0684183080558247,0.586738291643945,-0.843654506701412,0.74848862300605,-1.09836860697385
"16756",1.22221899046564,-0.973987429191438,-0.908097716125652,-0.0134052387459807,-0.992645790695733,0.119081287901486
"16757",2.26210738286048,-0.973987429191438,-1.56839008626939,-0.233304640223393,-1.1947756869284,0.119081287901486
"16758",-0.271257411658822,-0.973987429191438,-0.552220741014078,-0.121986160420939,-0.502499469928541,0.119081287901486
"16759",-0.850892288634024,0.0684183080558247,0.072545191243514,0.0112115786236067,0.329491415208798,2.72931773593378
"16761",0.0404853007590894,-0.973987429191438,-0.678692264910019,0.317709924094762,-0.110034668449809,0.119081287901486
"16762",-0.730377999625414,0.0684183080558247,0.421644458474478,0.0334360228793302,0.149022971522719,-0.44827934793952
"16763",1.06111392645211,-0.973987429191438,-0.137391777703648,0.423030790047447,-0.160538540349862,0.119081287901486
"16764",-0.89050304663968,1.95241544805075,1.11144290656105,-1.69948466601933,0.876866771384676,2.52659826818223
"16765",2.02035595542537,-0.973987429191438,-2.1502371892256,0.717586794785704,-2.59373601988992,0.119081287901486
"16766",1.81030564525009,-0.364219162365198,0.378519501271413,0.706697986827523,0.232675471017536,1.64597172801596
"16767",-0.619441465403924,1.72059231212933,1.68121184724298,0.359720091042456,1.83446600584364,0.399311770531293
"16768",-0.449683059801162,0.0684183080558247,-0.340179783652058,-0.854743896450378,-0.529020953491297,-1.21931963863141
"16769",1.68089474802122,-0.973987429191438,-0.569751727847871,-0.774237925486819,-1.2040957289775,0.119081287901486
"16770",-0.350312116266005,0.678186574882064,0.0377766016613192,-1.3885263845956,0.11014503291567,-1.02396115835932
"16771",-0.590986220049449,0.678186574882064,0.931366894908864,-0.857812564682903,1.00682568313548,-0.984817178839088
"16773",-0.351257380889407,-0.973987429191438,-1.18101532585018,-1.17693458222775,-0.632102158863072,0.119081287901486
"16774",-0.250364283291565,0.403998001147492,-0.0732108614543519,-0.351656569362232,-0.153450707608562,0.268783387173245
"16775",-0.821978311918192,1.72059231212933,0.699225521847273,-0.633863318027212,0.0813506012769143,-0.0261089677823898
"16776",-0.320584933955039,-0.973987429191438,-0.547342834008388,-1.42285530979592,-0.333005453019523,0.119081287901486
"16777",-0.120668416580644,-0.364219162365198,-0.967687650412183,-1.54732041984004,-1.39498760869193,-1.39168791024011
"16778",-0.180769175393577,-0.364219162365198,-0.885992233838419,-0.224955240430227,-0.53677177479834,-1.50286962225558
"16779",-0.901853172595679,2.69899376934858,2.21116086091445,0.646833914317962,1.97197914543273,1.40247427946593
"16780",0.0784765980496517,-0.364219162365198,-0.442259988853232,-1.08919426531026,-0.286781374074124,-1.2850930893381
"16781",2.76889342599539,-0.973987429191438,-0.692735336725352,-0.020232341506959,-0.944511886076262,0.119081287901486
"16782",-0.821130353947199,1.95241544805075,0.940616355757818,-0.474020900024406,0.44050791065765,0.299855722142091
"16784",-0.730635167206781,-0.973987429191438,-1.56253000916288,0.782041735953794,-2.09703054455306,0.119081287901486
"16788",0.309204571861856,-0.364219162365198,-0.161195753257637,-1.69227303439175,-0.197005090069256,-1.07184826780026
"16789",-0.841926175662048,-0.973987429191438,-1.79592371458,-0.166585333436422,-1.88614872439592,0.119081287901486
"16790",-0.890586452341745,0.910009710803488,0.624988711253249,-0.133800582214079,0.624072461038676,3.44228586402634
"16791",-0.633411920499795,1.11082404530309,0.706140113538697,-1.38378034879032,0.494489420914784,-0.509054109654221
"16792",1.90066877296223,-0.364219162365198,-1.54171325793827,-0.812076760187933,-1.65056313676528,1.64597172801596
"16793",-0.351472845619741,-0.973987429191438,-0.893025860364112,-0.234940364439417,-0.751402270779913,0.119081287901486
"16794",-0.913112942374441,1.5897382004434,0.41429108355096,-1.62306589703365,0.64490684169866,1.21355035285671
"16795",2.73161893120933,-0.973987429191438,-0.456707502446221,-1.22920167669958,-0.379054333279516,0.119081287901486
"16796",-0.0307292678539919,-0.973987429191438,-0.707720075546535,-0.108757776540449,-0.568591040650164,0.119081287901486
"16800",-0.811441391557326,-0.973987429191438,0.390675804421342,-1.04493511301498,0.215509228611866,0.119081287901486
"16801",0.709273922766498,0.403998001147492,0.650474792508066,0.155999267497584,0.169279475890676,0.285274013693844
"16803",-0.271125352630553,-0.973987429191438,-0.639006870570783,-0.34628335207853,-0.360298469301951,0.119081287901486
"16804",-0.692428405185885,0.0684183080558247,-0.244686107300327,-0.842677514561143,-0.357217029387378,-1.32130466423009
"16805",0.811098384037399,-0.364219162365198,-0.370825831839072,-1.53375744816876,0.236907091417284,-1.44276769202406
"16806",0.108794570750243,0.403998001147492,0.0432552938974386,-0.940509973270057,-0.0774299249461772,-0.106763121733117
"16807",0.5005720047746,0.0684183080558247,0.361090771379585,-0.125340294994695,0.515246798296083,-0.487142030486239
"16808",0.0670430663915883,-0.364219162365198,-0.755264748822815,-0.460495420592364,-0.529020953491297,-1.38111700352094
"16809",-0.692025277625904,0.678186574882064,0.193317336557901,-1.25451990399935,0.38123220066851,-0.656892077598081
"16810",0.999532716427526,-0.973987429191438,-0.697257891167488,0.120929681664885,-0.93787801074541,0.119081287901486
"16811",-0.880480461441548,-0.364219162365198,-0.229398221972376,0.0563363121030201,0.14427066886398,1.64597172801596
"16812",2.68222190416139,-0.973987429191438,-0.338016660694878,0.642966435492666,-1.1947756869284,0.119081287901486
"16813",-0.841446592875174,1.5897382004434,0.679861904723553,-1.72682531674082,1.01393880171367,1.00493880899351
"16814",-0.781144270282251,2.63214393769067,1.7969126938609,0.0906958967613092,1.45883126306028,1.35142771291753
"16816",0.109288054487461,0.403998001147492,-0.452401731629259,-0.261576838097628,-0.275651887092121,-1.03829527389526
"16817",-0.90024761283093,1.44640373839476,0.655888098481391,0.00211863940237715,0.556981703665128,-0.40972402849373
"16818",-0.820025228394839,1.72059231212933,1.26165321789005,-0.0522476068378498,1.29165634298056,1.23897798501028
"16820",0.0301221422775254,-0.973987429191438,-0.307290065998806,0.0319774468679004,-0.189570375927793,0.119081287901486
"16823",1.35005908030562,-0.973987429191438,-0.576961624094507,-0.78408799279974,-0.804915513453088,0.119081287901486
"16824",-0.770795012751031,-0.364219162365198,-0.370736627017502,-0.058853496104786,-0.388608847902536,-1.216569925144
"16825",-0.540268602718817,-0.364219162365198,0.0571873437166298,0.470764160531552,0.273966826560975,-1.20283679997254
"16826",-0.411087071170629,-0.973987429191438,-0.616101496756276,-0.212847982585743,-0.691797280018651,0.119081287901486
"16828",0.00882588635028727,-0.364219162365198,-1.41757464848339,-0.173653606358429,-1.43204734383562,1.64597172801596
"16829",0.641194018456023,-0.973987429191438,-1.06698550534431,-0.0448710102180363,-1.04403753399695,0.119081287901486
"16830",-0.540157395116063,-0.973987429191438,-0.654949522125814,-0.319488331957546,-0.303787470179979,0.119081287901486
"16832",0.919435440544533,0.0684183080558247,-1.05900551595929,-0.135472844577996,-1.86347319283305,2.45852257068959
"16833",-0.911757599715886,0.403998001147492,0.349967524574241,0.277324117021208,0.0830749468465402,-1.33244097726553
"16834",1.3523040837862,-0.973987429191438,-0.459524335060014,-0.0917220209751341,-0.073186484316316,0.119081287901486
"16835",0.359685873036638,-0.364219162365198,-1.13797303972934,-0.0346956798865684,-1.40714105032514,-1.6658179942145
"16836",-0.529523168102789,-0.364219162365198,-0.866448912902562,0.244240377213368,-0.659072112591309,-0.319129549774665
"16837",-0.611413666580177,1.72059231212933,1.21654283470925,0.0368471934485063,1.04466287371778,1.01970120137232
"16838",1.05054225371539,-0.364219162365198,-0.168894762839086,0.277870287802989,-0.572663832698684,-0.582855992341435
"16839",-0.839361450323552,3.1478894909578,2.57935175208823,1.45427675807122,2.3718721980885,2.56203601964174
"16841",-0.560285971214393,0.910009710803488,0.781717321320578,-0.169542732413362,1.32124493684436,-0.454956178321161
"16842",0.0807494034309203,0.0684183080558247,0.459575878333924,0.0878410128887165,0.427486324946111,-1.10252504016549
"16843",-0.499087037324272,2.24440155006565,2.17829744034204,0.439676288979631,2.46598651316982,1.22956386420455
"16846",-0.421026250666696,-0.973987429191438,-0.998837283482462,0.0530354965593135,-0.81048018227694,0.119081287901486
"16847",-0.490906328046739,-0.973987429191438,-1.08284235053441,-0.169480267169323,-1.22308606552899,0.119081287901486
"16848",-0.398833383442261,-0.973987429191438,-0.775428597776519,0.0898955743288202,-0.585014899907927,0.119081287901486
"16849",0.942093989605498,-0.973987429191438,-1.44295489114914,-0.209892706828503,-1.86347319283305,0.119081287901486
"16850",2.41258517033591,-0.973987429191438,-0.638735111560438,-0.0736318605617911,-0.34804701180988,0.119081287901486
"16851",-0.881265865135993,0.0684183080558247,-0.614301090136649,-0.0988884919038905,-0.283983676998887,1.52942703270516
"16852",-0.821144254897543,-0.364219162365198,-1.31931575920639,-0.170849671198542,-1.47100839135432,-1.32862058931058
"16855",-0.690482272137704,-0.364219162365198,-0.6487003765515,-0.087868558810154,-0.663661696930793,1.64597172801596
"16856",-0.779281542936135,-0.973987429191438,-2.1502371892256,-0.0599755934599507,-2.59373601988992,0.119081287901486
"16858",2.76342430559674,-0.973987429191438,-0.538219247129337,0.838038233095614,-1.10737202765443,0.119081287901486
"16859",0.520457314241907,-0.364219162365198,0.0276220177300026,-0.302356470446834,0.561582407598479,-0.931608995497047
"16861",-0.328932454636702,-0.364219162365198,-1.17072506667812,0.524711109277198,-0.783055763192142,-0.703063575799422
"16863",-0.61182374461533,-0.364219162365198,-0.298761930727101,0.0442124804060652,0.0277113405367219,-1.81686871463534
"16866",0.48134699044864,0.0684183080558247,-1.02439733208094,0.0162704365304918,-1.41949211753438,2.72931773593378
"16869",-0.70048400591032,0.403998001147492,0.100527135666911,-1.20426412129672,0.296405914885451,-0.310200404901964
"16871",-0.703576967361893,0.910009710803488,1.11772845298724,0.114723785414017,0.876866771384676,-0.438566758045239
"16872",-0.151695337748787,0.0684183080558247,-0.0505290983676111,1.99665066119908,0.318201091609878,-0.193658456329614
"16873",-0.880661173796022,0.910009710803488,1.88297250111909,0.374010742677265,1.72712946778362,-0.963731821588522
"16875",-0.250767410851545,0.678186574882064,0.875527018545666,0.00528241904377194,0.756337742047446,-0.837836209019278
"16877",-0.801300648281269,0.910009710803488,0.129700629504955,-1.38481620065736,0.113461954768259,-0.0369157981612632
"16878",-0.0822878926804451,-0.973987429191438,-2.1502371892256,-1.59317073064457,-2.59373601988992,0.119081287901486
"16880",-0.620212968148024,1.11082404530309,0.595615219723368,-0.890773934695396,0.483385817383544,0.682145750570167
"16881",-0.259483306717327,-0.973987429191438,-0.423484063588132,3.63524149608769,0.318201091609878,0.119081287901486
"16882",-0.259545860993876,0.0684183080558247,-0.0207213573449754,-0.0350207102936554,0.0550043568191492,-1.33605155985872
"16883",0.95060832169129,-0.364219162365198,-0.801920096099996,-1.05800008195225,-1.01424650405576,-1.42881321539842
"16884",-0.550284237441777,-0.364219162365198,-0.427602663240694,-0.139959405957687,-0.15816857306928,1.64597172801596
"16885",-0.7712259422117,0.0684183080558247,-0.389192197710023,-1.535527430621,-0.601801746608917,-1.61105876173549
"16887",-0.571239920085583,-0.973987429191438,-1.08755731246723,-1.40124365085352,-0.701412267863089,0.119081287901486
"16889",1.02140586179405,0.0684183080558247,0.64240223307068,-0.540544117880455,0.646549164278388,-0.642625872049369
"16891",-0.910339702780783,0.678186574882064,0.0216835594116148,-1.6983688997229,-0.300926548164244,-1.20952390968212
"16892",-0.911194611226948,0.678186574882064,-0.273980394160538,-1.40130918262049,-0.388608847902536,-0.228109662113401
"16893",2.74247557342811,-0.973987429191438,-1.31357856221119,-1.89995154384393,-1.39498760869193,0.119081287901486
"16895",-0.280209623680455,-0.973987429191438,-1.04626655342412,-1.89425459182172,-1.10737202765443,0.119081287901486
"16897",2.07067044519602,-0.364219162365198,-0.751403834079115,-0.990525874328035,-1.27274910279262,1.64597172801596
"16898",-0.661992274407368,0.0684183080558247,-0.30166045780738,-1.91513458105754,0.0332489633424048,-1.61173423451847
"16899",-0.850621220102314,0.910009710803488,0.464035754186089,-0.681123201213219,0.209699839703028,-0.939284672136681
"16900",-0.759910568631562,0.0684183080558247,0.168130828563843,-0.586798986463697,0.567066719490523,1.54363765622207
"16902",0.239393999233534,-0.973987429191438,0.706670721137729,0.876784975748457,0.353995924051248,0.119081287901486
"16903",-0.631882815961938,-0.973987429191438,-0.565989388096535,-1.19566729237888,-0.354148039769031,0.119081287901486
"16904",-0.881112954682207,2.24440155006565,1.33321877781137,-1.37189239735241,1.2257242293598,0.681829844472974
"16905",-0.871458744668195,1.11082404530309,1.1811631817794,-0.233083968919807,0.950692252237974,-0.783988425509507
"16906",-0.109881279113583,0.403998001147492,-0.210796521566104,-1.19216804030052,-0.306659208561757,-0.451763087786682
"16907",-0.632939288188094,0.678186574882064,0.205875567398213,-1.17133467059766,-0.243209636667986,-1.10139002777633
"16909",-0.20201677799461,-0.973987429191438,-0.530710767671666,0.145191595427664,0.0761539522920046,0.119081287901486
"16910",-0.880980895653938,1.2879548417083,0.605232404907409,-1.92049255067902,0.612150652895512,2.49675907149977
"16912",-0.640543108026344,1.72059231212933,1.03891160239517,0.375090815944937,0.724442549176645,0.337054755629722
"16913",1.98146804683761,-0.973987429191438,-1.51939224806807,-0.318670883136169,-1.18556861786936,0.119081287901486
"16914",-0.561787273851561,-0.973987429191438,-1.12489851124509,-1.25687242123327,-0.95120421040081,0.119081287901486
"16915",-0.83252218275423,0.910009710803488,-0.124286759787836,-0.619958689191471,-0.827423053442298,-0.591093928217228
"16916",-0.690517024513564,-0.364219162365198,-0.206664030334969,-1.66313543474872,0.0674130745082658,-1.81686871463534
"16917",1.84177044635407,-0.973987429191438,-0.504317229338943,1.01553865556711,-0.401538077466741,0.119081287901486
"16918",-0.4305831540283,0.910009710803488,0.321437644393469,-0.919789067331545,0.457529886799824,-0.555150450978848
"16919",0.640033289102286,1.72059231212933,1.05064040263672,-0.973813191990258,0.962688643545549,1.04337873484813
"16921",-0.311952443791322,-0.973987429191438,-1.26858762195955,-1.92049255067902,-0.711150528138066,0.119081287901486
"16923",-0.800973975948181,2.48880947564202,1.87664373152654,-0.580402800514452,1.62210618094023,1.1477148930418
"16924",-0.710847164391883,0.0684183080558247,0.113282842291738,-0.69082161941623,0.128211425919096,0.850253605719954
"16926",2.76889342599539,-0.973987429191438,-0.940056039001899,-0.146050616335836,-1.8200571536743,0.119081287901486
"16927",0.230685053842924,0.0684183080558247,-0.23546119849443,1.90978836929134,0.700374828096208,-1.31692934386238
"16928",-0.121287008870958,2.33036057895557,1.11841902015431,-0.350324436683989,1.26596609692133,1.30549434280399
"16929",-0.889224159208019,1.11082404530309,0.479638901756648,-0.119543275352223,0.64982319476644,0.779065024595018
"16930",-0.662193838187358,0.0684183080558247,-0.531252565826399,-1.09037228528694,-0.114489660089869,1.81657608402439
"16931",-0.871139022810279,2.63214393769067,1.51472344473276,-1.44130578555016,1.57285729357175,1.29144731502109
"16932",-0.391118356001257,-0.973987429191438,-1.28982233773894,-1.92049255067902,-1.18556861786936,0.119081287901486
"16933",-0.911027799822818,-0.364219162365198,-0.205466265141808,-0.436839829023213,-0.237934796738894,-1.64443670215572
"16934",-0.380470228037638,-0.364219162365198,0.2078838443843,-0.233201027630719,0.00514808063131826,1.64597172801596
"16936",-0.670054825606975,-0.973987429191438,-0.834413683166136,-1.53879763107413,-0.632102158863072,0.119081287901486
"16938",-0.839896636911802,0.403998001147492,1.08772157949529,-0.555763415628601,1.41119711100651,-1.22419091977708
"16940",-0.400730863164237,0.0684183080558247,1.18448477908437,-0.718252922066411,1.29340853267846,-1.27909777403774
"16942",-0.80083496644474,1.44640373839476,0.79705600237919,-1.13242938961851,0.541127529268253,0.572066256037538
"16943",1.1911920692975,0.0684183080558247,0.100134446094268,0.336838068663159,-0.756587095670656,-0.191246310666905
"16945",-0.71033282922915,2.48880947564202,1.47597831350433,-0.0765498820284289,1.46667354110133,1.23899174287845
"16947",1.43236660729333,-0.973987429191438,-0.473512282092277,0.0452933284841211,-0.177338647884086,0.119081287901486
"16948",0.460217545925532,0.0684183080558247,-0.417759964381937,0.244163380922941,1.06903631985656,-1.01203917566021
"16949",-0.89026673048383,0.910009710803488,0.473824707832618,0.166070606738774,0.527818009064696,-0.780145708114589
"16950",-0.358965457855238,0.0684183080558247,0.40185971984104,0.486916546325327,0.371869075672399,-1.53330731901163
"16951",0.420467778416434,0.0684183080558247,0.468355689412745,-0.264502324969303,0.915252166054891,-0.890218826465368
"16952",0.169847544661751,-0.364219162365198,-1.20022951141286,-0.66569916041296,-1.09916033797674,1.64597172801596
"16953",-0.622027042167936,-0.973987429191438,-2.1502371892256,0.130297001286428,-2.59373601988992,0.119081287901486
"16954",-0.91322804224329,1.44640373839476,0.871411751191438,0.871156798971494,0.745614167741365,-0.37910305147037
"16955",0.921520583096155,0.403998001147492,-0.273219345412191,0.127266078635764,-0.298076361340787,-0.63898085021547
"16956",-0.749234638767254,-0.973987429191438,-0.699382263721893,0.0416352490430289,-0.93787801074541,0.119081287901486
"16957",1.47060812169009,-0.364219162365198,-0.453229534936526,0.397505111531606,-0.627698819591003,0.840334735883023
"16959",-0.051177565810237,-0.973987429191438,-1.49172400931174,-0.123653701980273,-1.57053403927501,0.119081287901486
"16960",-0.540157395116063,0.0684183080558247,-0.291843563982585,-1.46591775353673,-0.197005090069256,-1.16910469074916
"16961",0.239609463963869,-0.973987429191438,-0.926212492607471,-0.126300083836179,-0.868491103413878,0.119081287901486
"16963",0.950212144606481,-0.973987429191438,-1.54045720274953,-0.193413743558568,-1.8200571536743,0.119081287901486
"16965",1.34124587778743,-0.973987429191438,-1.05065393087593,-1.00377308755913,-0.230090590392603,0.119081287901486
"16966",-0.841286731946217,1.11082404530309,0.898551560366567,1.71107246584053,1.22457539037517,-0.0636418286273591
"16967",0.969979295995863,-0.973987429191438,-0.672492632045028,-0.238656010809478,-0.128013588211103,0.119081287901486
"16968",-0.881891407901479,-0.364219162365198,-0.409472086532347,-0.319066355623833,-0.144101987784101,-0.764927042226894
"16969",-0.530822906959967,0.0684183080558247,-0.087138593829679,-0.216294343584188,0.551423821083361,-0.740250892559733
"16971",-0.541623945377371,-0.973987429191438,-0.579647204138006,-0.87263304066684,-1.28308360094871,0.119081287901486
"16976",1.74976005602614,-0.973987429191438,-0.867589608332883,2.31401751955774,-1.13255357896724,0.119081287901486
"16978",-0.150339995090232,-0.973987429191438,-0.609805293769415,-0.857837662997744,-0.654510093489157,0.119081287901486
"16979",-0.890781065646563,0.910009710803488,0.773835064751687,0.130808380678005,0.595665820793486,-0.69312834794167
"16980",1.62963499362717,-0.364219162365198,0.289766588770766,-0.446191130961767,0.47623442995056,1.1925583134104
"16982",-0.320334716848845,-0.973987429191438,-0.52012007516917,-0.076182501780077,-0.585014899907927,0.119081287901486
"16983",-0.800626452189577,1.11082404530309,0.797436156806808,-0.390345363088856,0.924979422345004,-0.748953867905116
"16984",-0.0406128435486828,-0.364219162365198,1.49730407522971,-0.594985459376022,1.36389197711564,0.858823229561834
"16985",-0.751159920389919,1.5897382004434,1.66458733447583,1.07092759276566,1.16521281640125,-0.115025472874173
"16986",-0.630374562849598,-0.364219162365198,0.783203910301063,3.63524149608769,0.735467037294511,1.64597172801596
"16987",-0.892900960574046,1.11082404530309,0.662045293244191,-0.452163518860483,0.0127438829021928,0.192322035167732
"16988",-0.872299752164016,-0.973987429191438,-1.43285126374582,-0.0391140885264169,-1.66763293146626,0.119081287901486
"16989",-0.852539551249806,0.910009710803488,0.369600777578451,1.96193999771748,0.864654709346484,0.572668916304786
"16990",1.26269160739263,-0.973987429191438,-1.14639426272769,2.74900535749116,-1.03647952241228,0.119081287901486
"16992",-0.820504811181712,0.678186574882064,0.660776744427625,-0.0828608168169955,0.591267580958467,-0.847244021340493
"16996",-0.622367615451368,0.910009710803488,0.576370577144805,0.894875513385311,0.243907822054571,-0.823732961780049
"16997",1.95956014909523,0.0684183080558247,-0.0243683556133265,1.37581975376856,-0.0689666184782293,2.1362484375282
"16998",0.571578059132519,0.403998001147492,-0.736750552689445,1.6588633396335,-1.2425633864839,-0.329424112896413
"16999",-0.691246824406632,-0.364219162365198,-0.328691278275446,0.146079446468602,-0.222326564730941,0.440557633688779
"17001",-0.91322804224329,1.72059231212933,1.40561546014763,0.280541106922231,1.29165634298056,-0.0311510000458039
"17002",-0.0702010163562064,0.0684183080558247,0.596883448692084,0.586270348744251,0.412006845188184,-1.12075350510927
"17004",-0.461269501913011,-0.364219162365198,0.490211621353491,0.587475322523479,0.508390507668208,0.648359919894325
"17006",-0.88068897569671,0.403998001147492,0.0641606668537075,-0.0554909702326399,-0.281196246724994,1.23557052303238
"17007",-0.419719561334346,0.910009710803488,0.170741739104456,-0.0994678163938358,0.314400046660909,-0.752966410523089
"17010",-0.741679472255209,-0.973987429191438,-1.07474993080284,-0.0560018200407668,-0.91190714257263,0.119081287901486
"17011",-0.621026173743157,-0.973987429191438,-0.806691952069653,-0.0363216842372862,-0.568591040650164,0.119081287901486
"17014",-0.841488295726207,0.0684183080558247,-0.176497306777674,-0.952993780895648,-0.366499106978274,1.03231758067079
"17015",-0.639896713835341,0.0684183080558247,0.767862274394273,-0.888158894370635,1.22342481116419,-0.783787071788199
"17017",-0.899615119590271,2.56218371487699,2.04704462020882,0.735218581949978,2.14678389122245,1.13846959183053
"17018",-0.520188679946692,-0.364219162365198,0.198168738380676,1.35492671307121,-0.610336374569614,-1.77196484303049
"17019",-0.811024363047002,0.403998001147492,0.455588986209411,-1.36740535844924,0.555133591081359,-1.39992642919063
"17022",-0.612539643558053,-0.973987429191438,-1.901019856336,-0.702202155630934,-0.978579205410554,0.119081287901486
"17024",-0.47101406810426,0.0684183080558247,-1.65683488182366,0.642715478878104,-1.31495851120166,-0.27287827927365
"17025",-0.318930720864085,0.0684183080558247,-0.578360705572142,0.906340874889636,-0.391820581639959,-1.53867302885202
"17026",0.929916757104022,-0.364219162365198,-1.26514517015984,0.874125294207888,-1.05938298312831,-1.42868400611613
"17027",-0.14015059848797,0.910009710803488,0.15922692597819,-1.2914503867043,0.0405702142124694,-0.376480518524677
"17029",0.180669434504672,-0.364219162365198,-0.00812850627559389,3.60538899270724,0.0108520415824635,-1.02457866206882
"17030",-0.288786510042796,-0.973987429191438,-1.30832649737644,-0.388264378014471,-0.751402270779913,0.119081287901486
"17031",-0.809891435593953,-0.364219162365198,-0.528093490219597,-0.0875683275337708,-0.391820581639959,-1.17201627748315
"17033",-0.0609846862780349,0.0684183080558247,0.291109489516026,0.812750549126717,0.487442296435614,-1.41834227280947
"17034",-0.761870602630087,0.0684183080558247,0.0250995419334591,0.341707319003367,0.0295617041733651,-1.41201558004208
"17035",1.53172364987814,-0.364219162365198,-0.420579133991016,-0.216500387517887,-0.411381505467356,-0.0548944526394859
"17037",-0.0502462021371788,-0.973987429191438,0.461610811583978,-0.114379134595111,0.385870834304196,0.119081287901486
"17038",-0.621165183246599,-0.973987429191438,-1.52691080713603,-1.44775544061011,-1.98429458284144,0.119081287901486
"17040",0.451230581528039,-0.973987429191438,-0.390433745061787,0.566320768831039,-0.589176959073393,0.119081287901486
"17041",-0.660164299437112,0.0684183080558247,0.323490495275424,-0.213071429526527,0.648187943548827,-1.5926330231013
"17042",-0.900824502270212,0.678186574882064,0.296237085391332,-0.643122641847065,0.698078885097114,-0.691921119366729
"17043",-0.601863713693746,0.403998001147492,0.720205580076052,-0.106505039100117,0.704186044808688,-0.932366896539815
"17044",-0.671472722542078,-0.973987429191438,0.223160545621113,2.59574469197656,0.186007505052844,0.119081287901486
"17045",0.208172464760573,0.0684183080558247,-0.621550643965016,-0.22058025657727,-0.992645790695733,-0.558633587586795
"17046",0.649701400066643,-0.973987429191438,-0.0978148185220916,0.533898908967351,0.194978954589761,0.119081287901486
"17047",-0.0705276886892939,0.0684183080558247,0.345770347223764,-0.111656650883755,0.228420143937267,-0.381870201187488
"17048",0.250431353806789,0.0684183080558247,0.202849494475985,0.170592094283636,0.156877993927011,-1.16807993806564
"17049",-0.900143355703348,1.44640373839476,1.69286541175603,-0.0507751075769117,1.45204425828722,0.0976903050183437
"17050",0.0394218780577619,0.910009710803488,1.22034035497746,-0.680120408270131,1.06004717474026,-0.100937403028491
"17051",1.0200991724617,-0.973987429191438,-0.903009007019328,-1.32667166466621,-0.59757012620917,0.119081287901486
"17052",-0.641599580252499,-0.973987429191438,-0.488585452759406,-1.51038442835803,-0.341994598135824,0.119081287901486
"17053",0.381141989892833,-0.973987429191438,-0.305854319087592,0.86273651003222,-0.886794974580004,0.119081287901486
"17054",-0.640807226082883,0.678186574882064,0.517470260808947,-0.153546285561299,0.540184544793061,-0.512285344679092
"17058",-0.109214033497064,0.0684183080558247,0.402787799200071,0.0252847082728453,0.308022394606972,-0.793747048588953
"17059",-0.630596978055105,0.678186574882064,1.19267985073888,-1.28013164011576,1.17263542169488,-1.114896979466
"17060",1.74104416016036,-0.973987429191438,-0.925967388984834,1.10546118599323,-0.45557500006472,0.119081287901486
"17061",-0.189776991216586,1.72059231212933,1.62887966729794,1.25207097536942,1.02647744723327,1.74092410098563
"17062",2.21246708918152,0.403998001147492,-0.25030805237205,-1.00500261328934,0.0442045460129851,1.82300324151268
"17063",-0.712278962277331,1.11082404530309,0.578728377813307,0.00669609325936594,0.507405965861915,-0.312852466058717
"17064",-0.339448523572051,0.0684183080558247,0.138235666190651,-0.331503789605112,-0.167693135449658,-1.40345241653923
"17068",-0.80107128260059,2.63214393769067,1.51422979408233,-0.224379406278979,1.29165634298056,1.34534303833227
"17069",-0.642593498202106,1.44640373839476,1.08712023490733,0.0202251141809876,1.01646314400785,-0.314323803047543
"17070",0.218236752809738,-0.973987429191438,-0.711435051378906,-1.48946467528238,-0.833155713839811,0.119081287901486
"17071",-0.642301578244879,1.44640373839476,0.997101788080651,-0.0833986463598889,0.842165681552864,0.0423968723085239
"17073",-0.750423170021679,0.403998001147492,0.570207378129964,-0.92501318314232,0.496490934318517,0.655243066646461
"17075",-0.750499625248572,0.403998001147492,0.117464918370885,-0.627685973921894,-0.227493754026619,-1.22387210121718
"17076",-0.562802043226684,0.0684183080558247,0.124300179508531,0.70487610325718,-0.219756092236512,-1.57887339247923
"17078",-0.563385883141138,-0.364219162365198,-0.532749780836849,-0.37491124399288,0.524935372218924,1.64597172801596
"17079",-0.141471188770664,-0.973987429191438,-1.48169516208849,1.39444280057609,-2.09703054455306,0.119081287901486
"17080",-0.700880182995128,-0.364219162365198,-0.757544359089803,0.78492647337205,-0.654510093489157,-1.67236363074532
"17081",-0.670833278826247,-0.364219162365198,-0.753871597160767,-1.55882446554255,-1.23276229698541,1.64597172801596
"17082",-0.591743821843205,-0.364219162365198,0.838701813050684,0.336331883986008,0.74200573388992,-1.77174951363083
"17083",0.168735468634219,0.0684183080558247,0.546940627862016,0.442297600552973,0.50937377498637,-1.05700351649337
"17084",-0.571566592418671,-0.364219162365198,1.09867211666502,-0.0116493825968845,1.10933661056183,1.64597172801596
"17085",0.309468689918395,0.678186574882064,0.633875834873651,-0.913193895843388,0.522041753872944,-0.657254817716977
"17086",-0.851392722846414,0.910009710803488,0.857476836292253,0.161482681304803,1.17631970004449,2.92042998303243
"17088",-0.641411917422853,0.403998001147492,0.833410349439727,-0.0859080593639211,0.598292591931948,-0.882608062220048
"17090",-0.881349270838057,1.11082404530309,0.826618633024566,0.658476170678749,0.62828530543335,-0.721204743401568
"17091",-0.900108603327488,1.44640373839476,1.37152553469316,0.0618399336856025,1.12871229966188,-0.406087554834639
"17092",-0.423500619827955,0.403998001147492,0.738431110412215,-0.308360710758833,0.798451214378404,-0.894249502264525
"17094",2.30165558658959,-0.973987429191438,-0.717501062981355,0.173434536106758,-0.721015262858195,0.119081287901486
"17095",-0.700616064938589,0.0684183080558247,0.497715944506454,-0.0471692051095824,0.340616374165995,-1.53686617456934
"17096",-0.771788930700638,0.403998001147492,0.284686970104398,0.158114031338368,-0.114489660089869,-0.995619094399334
"17097",-0.902763684843221,1.2879548417083,0.228296768998625,-1.5727947995324,0.115114999810698,-0.580342850887928
"17100",-0.742423173098621,-0.364219162365198,0.243092782950695,-0.257303898993121,0.536400856285666,1.64597172801596
"17101",-0.821387521528566,0.403998001147492,0.66455116845734,0.871157627417186,0.550493540627566,-0.461078190962036
"17102",1.69238388348066,-0.973987429191438,-2.1502371892256,0.372481535597079,-2.59373601988992,0.119081287901486
"17105",0.669100176271904,-0.364219162365198,-0.0679322911103526,-1.05308145903457,0.427486324946111,-1.20252765196266
"17107",-0.591305941907364,0.910009710803488,2.22545145631054,0.393621661426048,1.90068633609046,-0.416564762551345
"17109",-0.632487507301909,0.910009710803488,0.162716041526293,-1.02391687696046,0.302881434899348,-0.100973715995648
"17110",0.730368614913746,-0.973987429191438,-1.22155519335098,-0.366288673720595,-1.55549248048465,0.119081287901486
"17111",-0.451914162331398,-0.973987429191438,-0.935226769286104,-0.968991218953013,-0.25387049794823,0.119081287901486
"17114",-0.870735895250299,1.2879548417083,0.0842610527052589,-1.19112573211146,-0.459083430769788,-0.428305491187834
"17115",-0.84163425570482,0.0684183080558247,0.120791427089205,0.168088289758454,-0.0441282016397167,-1.22402322811888
"17117",1.96104755078205,-0.973987429191438,-1.49976568241263,-0.426953359845035,-1.32588782058408,0.119081287901486
"17118",2.25195968910925,-0.973987429191438,-1.2536515388174,-0.200143529687452,-0.711150528138066,0.119081287901486
"17119",-0.891747181695482,-0.364219162365198,-0.144057193729885,-0.0840700016211151,-0.125742812537189,0.245996228993744
"17120",1.40996522581373,-0.973987429191438,-0.702792699077314,-0.101724786368281,-0.899247284561434,0.119081287901486
"17122",0.269308844374145,-0.973987429191438,-1.35737812149861,0.0696600390040093,-1.2040957289775,0.119081287901486
"17123",0.691244390170136,-0.973987429191438,-0.607495216916316,0.863431560149587,-0.357217029387378,0.119081287901486
"17124",0.930097469458496,-0.973987429191438,-0.738867832496319,-0.776906887971528,-0.844752487146739,0.119081287901486
"17125",-0.421345972524612,-0.973987429191438,-0.939166178652354,-1.17920572418937,-0.256559257914089,0.119081287901486
"17126",0.599880394033209,0.678186574882064,0.257952010780911,-1.6988265995887,0.517194424740621,-0.46217278167931
"17128",2.42222547939958,-0.973987429191438,-1.2532867949113,-0.587664149138385,-1.2425633864839,0.119081287901486
"17131",-0.870979161881321,0.678186574882064,1.00859171008782,-0.0155486659469268,0.692694541254157,1.82090094523876
"17133",-0.770718557524138,1.11082404530309,1.57355745234071,2.7640345106163,1.46806546726913,-0.201390825114918
"17134",0.141142082201081,-0.364219162365198,-0.460041138289579,-0.0425057927722388,-1.05167150676947,-1.27839143840782
"17135",-0.762523947296262,1.11082404530309,0.374292440798569,0.192330385182398,0.859094566523884,-0.742365204289193
"17138",1.83176871258145,-0.973987429191438,-0.527769613041648,-0.188893092146467,-0.862486535407515,0.119081287901486
"17139",-0.769780243375908,1.84096642608922,2.21418564784303,0.21436746240541,1.95385695039096,0.675638695361439
"17140",1.55083745660135,-0.973987429191438,-0.38245122784326,0.359725322204534,-0.217194289143012,0.119081287901486
"17142",1.46875929529432,-0.973987429191438,-0.182763743635542,0.87076239599808,-1.1947756869284,0.119081287901486
"17144",-0.913133793799957,-0.364219162365198,0.253884229425738,0.113792606028333,0.153745725994674,-0.446608611556991
"17146",0.129944866698868,0.0684183080558247,0.0297858429220629,0.165210756654448,-0.469707015093863,-1.34514062163559
"17147",-0.700692520165482,0.403998001147492,0.710380233461144,0.151049975634272,0.610432159182367,-1.18381196555483
"17148",-0.409377254278299,-0.973987429191438,-1.44092422510741,-0.343802324606879,-1.18556861786936,0.119081287901486
"17152",1.02089152663131,0.0684183080558247,0.698246886136304,2.26326628326781,0.205313452745852,0.657684471745566
"17153",-0.681161684931951,-0.973987429191438,-1.00090529416512,-0.232650953992799,-1.00697779885326,0.119081287901486
"17154",-0.170718788294756,-0.973987429191438,-0.646353536108786,-0.307353215152912,0.164652615509705,0.119081287901486
"17155",-0.750777644255455,-0.364219162365198,-0.867002767639795,-0.45637954331449,-0.369618511351043,-1.2925359276421
"17157",-0.849418787897544,-0.364219162365198,-0.672544103291154,0.326634538415611,-0.627698819591003,-1.34557164672154
"17158",-0.601738605140649,0.0684183080558247,0.461383512665074,0.0178006672498112,0.515246798296083,-1.57830238886589
"17159",-0.710006156896062,0.0684183080558247,0.621391859504168,-0.235212654646331,0.785582512420177,-0.721638943095485
"17160",-0.611260756126392,0.910009710803488,1.30205315197625,-0.225612627132135,1.50232550158463,-0.16071088585762
"17162",-0.640237287118773,1.5897382004434,0.710797769424308,-0.142615517519832,0.70646362941535,0.272524089450956
"17163",-0.709206852251274,-0.364219162365198,-0.742053993417567,1.37831903978839,-1.34822984000231,0.226747457550078
"17164",-0.59922948360353,1.11082404530309,1.00998755048535,-0.0980759186632215,1.01393880171367,-0.129677790651409
"17165",1.9198659853875,-0.973987429191438,-1.24504510847843,-0.187875366666946,-1.03647952241228,0.119081287901486
"17166",-0.539399793322307,-0.364219162365198,-1.02993951768921,-0.0939357934125151,-1.22308606552899,-1.32355323850822
"17169",-0.349505861146044,-0.364219162365198,0.119100326549668,-0.216937473206056,0.218397345769016,-1.02337263370315
"17171",1.96992330757679,-0.973987429191438,-0.959296745660526,-0.328773432729181,-0.572663832698684,0.119081287901486
"17172",-0.138982918659061,-0.973987429191438,-0.675741619471934,0.151957417025286,0.149022971522719,0.119081287901486
"17173",-0.871729813199906,1.2879548417083,1.35826382382751,1.02374702894173,0.793059362831132,1.52511073097892
"17174",1.25131367953595,-0.973987429191438,-2.03891188185468,-0.255349132307774,-1.70296832104033,0.119081287901486
"17175",-0.481745601769944,0.403998001147492,0.568840359843698,0.245197287044067,0.596542420887559,-1.02463556378767
"17176",1.09079940591204,-0.973987429191438,-0.706351379529926,0.107826792708997,-0.636531173727862,0.119081287901486
"17179",0.858882900845415,0.0684183080558247,-0.0129784793558909,-0.849234969621632,-0.232696335305586,-0.985577242545123
"17180",-0.361745647924068,0.403998001147492,0.0664615566612156,-1.23163879982886,0.401886539926557,-1.06164092360969
"17181",-0.3513338361163,-0.364219162365198,-0.906318216762339,-0.670499357396073,-0.37275077928338,-1.81686871463534
"17183",-0.849814964982353,0.910009710803488,1.26109752544819,1.07940829385694,0.902476157105692,1.44074681040174
"17186",-0.459566635495853,-0.364219162365198,-1.32446819265492,1.62947668690192,-0.513752622375861,1.64597172801596
"17187",1.34103041305709,-0.973987429191438,-1.03948786476343,0.1070346546222,-0.761807555376316,0.119081287901486
"17188",-0.811351035380089,1.11082404530309,1.01227987122902,0.54504371192413,0.920989156297481,-0.725411529567691
"17189",0.137069103750245,-0.364219162365198,-0.520783369677032,-1.21065185599303,-0.421354172535405,-1.69000608677044
"17190",-0.339969809209957,-0.364219162365198,-0.399602228455672,0.270440190284398,-0.677599223699442,-1.21567199929388
"17191",-0.642489241074525,1.11082404530309,0.87479997475893,-0.852479041093543,0.822251821496568,-0.680337176112405
"17193",-0.570683882071817,1.11082404530309,0.703007394613192,1.25786963939098,0.877472250808693,0.94152325967556
"17194",1.81167488885898,-0.364219162365198,-0.832161280011668,-0.829528498722721,-0.90555083855757,-0.515901668221455
"17197",-0.629797673410316,-0.973987429191438,0.277312936782611,0.750165393061087,-0.548548350188534,0.119081287901486
"17198",-0.689898432223249,0.0684183080558247,-0.0359060846530015,-1.08100662937408,-0.0753052413308636,-1.62457106451508
"17201",-0.390166140902683,-0.973987429191438,-0.751403834079116,-1.01981699275435,-0.40480506700728,0.119081287901486
"17203",-0.570544872568376,0.910009710803488,1.3118358654545,0.302906188785828,1.49966219627113,3.44228586402634
"17204",0.829704806073044,0.403998001147492,0.635012891363398,0.460490916622017,0.374220699523559,0.746044963307223
"17205",-0.390520615136459,-0.973987429191438,-0.520077300314024,0.54868367417257,0.612150652895512,0.119081287901486
"17206",-0.39079168366817,-0.973987429191438,-1.03832336009451,0.533669374089148,-1.2425633864839,0.119081287901486
"17211",-0.660456219394339,1.2879548417083,0.958308589196774,-0.612126089380132,0.918126077531812,-0.493445645695514
"17212",1.60832483674958,-0.973987429191438,-0.952254577371888,1.33798202639219,-0.746252597514565,0.119081287901486
"17213",-0.521516220704558,1.11082404530309,1.10857071138297,-0.0589915106584484,0.828732866765204,-0.619018889444144
"17214",-0.320675290132276,0.910009710803488,0.313936360544871,-0.664541806970758,-0.281196246724994,-0.716122529401297
"17217",1.41915375399122,-0.973987429191438,-1.51896057215705,-0.453997564299218,-2.09703054455306,0.119081287901486
"17218",-0.881404874639434,1.5897382004434,0.817109605946235,-1.08218316065741,0.670767174142033,-0.227139280798021
"17219",-0.61014868009886,-0.973987429191438,-1.51372655861844,-1.56253264993284,-1.12406663148722,0.119081287901486
"17220",-0.681196437307811,2.05617200522099,1.22083383375479,-1.14058688731174,1.19168148392273,0.538216841265299
"17221",-0.851260663818144,-0.364219162365198,-0.633637752095711,-1.39104914898148,-0.240567637840134,1.64597172801596
"17222",-0.270916838375391,-0.973987429191438,-0.648075563780934,-0.494655758748109,-0.886794974580004,0.119081287901486
"17223",2.18038369578722,-0.364219162365198,-0.452736694644761,-0.876115845513653,-0.964768390444219,0.180958548521373
"17226",2.16206919370881,-0.973987429191438,-0.500194212439203,0.00701382935295341,0.0221330493902648,0.119081287901486
"17227",-0.740025259164255,0.910009710803488,0.215176715958921,0.0830636398194156,0.478284563171421,-0.928506459081673
"17228",-0.769863649077973,1.2879548417083,0.797531168001652,-0.816272863813832,1.02945617221621,-0.553873883276289
"17229",0.0393662742563853,-0.364219162365198,-0.673162009289914,-1.14749537159914,-0.572663832698684,0.649997404495776
"17230",1.71987996326139,1.2879548417083,1.32975476932925,1.24929836239157,1.08624197389851,2.24896532072762
"17231",-0.801933141521928,1.5897382004434,1.20444354979805,-1.29950790032871,1.11908623434617,-0.15523060849046
"17232",-0.900789749894351,-0.364219162365198,-0.451004239263051,-0.517076200641233,-0.50623202730297,1.64597172801596
"17233",-0.571232969610411,-0.973987429191438,-1.09375744157363,-1.0184643985553,-0.833155713839811,0.119081287901486
"17234",0.901197393693008,-0.973987429191438,-1.29167598825635,-0.640997609502949,-1.48445252811068,0.119081287901486
"17235",-0.67204961198136,-0.364219162365198,-0.224917464577562,0.0213833566949139,-0.428076109300152,-1.81686871463534
"17236",-0.800556947437857,0.910009710803488,0.194611445978016,-0.871023707773937,0.139488445949482,-0.928597814225156
"17237",-0.811830618166962,-0.364219162365198,-0.683711881433463,-0.137815727078893,-0.999777992367051,1.64597172801596
"17238",-0.900470028036436,2.33036057895557,1.34781471548756,-1.16048201557112,1.1547818107114,0.778357211077001
"17239",2.2030144429475,-0.973987429191438,-0.523463377487456,0.372481535597079,-0.731009800440554,0.119081287901486
"17242",0.15906040719469,-0.364219162365198,0.370899451193562,0.50029211029621,0.331977747697912,-0.210415047414564
"17243",-0.911250215028325,2.94012884578181,2.03230765489557,0.200392237609377,1.61663667829936,1.79216340317534
"17244",-0.391584037837786,-0.973987429191438,0.228710421899797,0.598773342787041,0.338158204068431,0.119081287901486
"17245",1.12164561472571,-0.973987429191438,-1.18168364952628,0.0264927446463517,-1.25249259842466,0.119081287901486
"17247",-0.771927940204079,-0.973987429191438,-0.779316175209034,-1.4320653762147,-0.999777992367051,0.119081287901486
"17248",0.279727606657086,-0.973987429191438,-0.673445371217209,-1.55168472833314,-0.46614928541768,0.119081287901486
"17250",-0.890739362795531,-0.364219162365198,-0.524602338898758,-1.14133150164429,-0.649975310484224,-1.70324574859763
"17251",2.70285786494728,-0.973987429191438,-0.80993929941453,-1.0686677277598,-0.978579205410554,0.119081287901486
"17252",0.241284528480339,-0.364219162365198,-0.598954406739852,-1.68218871407716,-0.5446025028879,-0.152796923270815
"17253",-0.74091491998628,-0.973987429191438,-1.14978701149014,-0.729157909091114,-1.66763293146626,0.119081287901486
"17254",-0.880946143278077,-0.364219162365198,-0.805814030887874,-1.92049255067902,-0.341994598135824,1.64597172801596
"17255",-0.520438897052886,-0.364219162365198,-0.746603005599991,-1.71152026577997,-0.418015380798208,-1.70616480040323
"17256",0.149642513336529,-0.364219162365198,-0.906044788581414,-0.253409368751369,-0.777687727442263,-1.5241661435812
"17259",0.559366074255183,-0.364219162365198,-0.179603347319146,-1.4679167198444,-0.0122253961298853,-1.58331390523963
"17262",-0.400598804135968,0.678186574882064,0.452495827392939,2.08565752842463,-0.0543790170983204,-1.02056016551688
"17263",1.16008869290246,-0.973987429191438,-1.99237928182905,-1.92049255067902,-1.79924560807067,0.119081287901486
"17265",0.461030751520665,-0.364219162365198,-0.22499219355793,-1.57617697164899,-0.0102752695202859,0.852831815881202
"17266",-0.901561252638452,0.0684183080558247,-0.732366183818706,-1.68080438006312,-0.716066881205846,-0.673775920304365
"17267",0.34820368805237,-0.364219162365198,-0.677189738336292,-0.890574857006295,-0.691797280018651,1.64597172801596
"17268",0.151060410271632,0.403998001147492,0.0448508922452199,2.3287393563887,0.577019587168598,-0.133176210146338
"17272",-0.502221701626878,0.403998001147492,0.896126156175269,0.0139087477175468,1.14249961223342,-0.85298551006697
"17274",-0.570885445851807,-0.973987429191438,-1.56086333167249,-1.6209993978739,-1.23276229698541,0.119081287901486
"17277",1.3509834935035,-0.364219162365198,0.318762037676568,-0.21976777453622,0.0656527634140131,-0.64773315639759
"17278",1.49094521204358,-0.973987429191438,-0.885658792936102,-0.149166090752509,-0.59757012620917,0.119081287901486
"17279",-0.350152255337047,-0.973987429191438,-1.1069534650281,0.134273807894088,-1.58587948840637,0.119081287901486
"17282",0.379432173000503,0.0684183080558247,0.69627635233798,0.0195285824850725,1.17917294583605,-0.884364914656061
"17284",-0.321238278621214,0.910009710803488,0.677517168270074,-1.34038185352001,0.940177035823273,-0.600415961308865
"17286",-0.710805461540851,-0.973987429191438,-1.28363742811954,-1.84355792095311,-0.918317086918013,0.119081287901486
"17287",-0.661040059308793,1.11082404530309,0.306083823375394,-0.887225883616577,0.26045092017285,-0.705122365820438
"17288",-0.832313668499068,1.11082404530309,0.553848871588031,-0.704088161802157,0.844697596887932,-0.717622036138794
"17289",-0.610398897205054,0.0684183080558247,0.207875008079765,-0.842393036322492,0.199425253513515,-0.711034126567708
"17290",-0.890899223724489,-0.364219162365198,-0.282238438938282,-1.40097882856085,0.00514808063131826,1.64597172801596
"17291",2.16156875949642,-0.973987429191438,-0.223812267744307,3.63524149608769,-1.28308360094871,0.119081287901486
"17293",-0.841682909031025,1.44640373839476,0.774750123009482,-0.329677201329221,0.801801788391898,-0.35184159539002
"17295",-0.639924515736029,0.0684183080558247,-0.229503415248746,-0.961070322255596,-0.22490576550186,2.23129962628717
"17297",-0.751646453651964,-0.973987429191438,-1.41961223275673,-1.92049255067902,-1.35965221911786,0.119081287901486
"17298",0.0882489661415893,-0.364219162365198,-0.305953255798899,-0.134192783865532,-0.0141805423759325,1.64597172801596
"17299",-0.810572582160817,0.403998001147492,-0.0793371158422612,-0.5168769617863,0.399619153475104,-0.402074953526023
"17301",-0.711194688150487,-0.973987429191438,-1.22185600263418,-1.92049255067902,-0.799391315306028,0.119081287901486
"17302",-0.779538710517502,0.678186574882064,0.37132705727646,-0.302832256857223,0.28592886743792,-0.925524883251088
"17303",2.69183441132437,-0.973987429191438,-0.872430662849676,-1.52988141956447,-0.761807555376316,0.119081287901486
"17306",-0.820671622585842,2.48880947564202,2.04106066663403,2.36217138883887,2.52749817040405,1.19594003926274
"17309",0.0287737500941428,-0.973987429191438,-1.77652139092167,-1.12950171521033,-1.70296832104033,0.119081287901486
"17311",-0.140894299331382,-0.364219162365198,0.534595596620137,0.357367919985204,0.709489824243732,-1.6449541755917
"17312",0.460592871584824,0.0684183080558247,-0.0948998103010547,1.08384473732271,-0.0441282016397167,2.72931773593378
"17313",-0.611955803643599,-0.973987429191438,0.962426372986741,1.99525053671944,0.962147443738393,0.119081287901486
"17314",-0.679486620415481,1.2879548417083,1.02995277783165,0.0416871521182907,1.19128118146435,-0.208154662905535
"17315",-0.910756731291107,3.1478894909578,1.77934209722719,-0.38963713012884,1.73166425078855,2.91511522779326
"17317",-0.462478884592952,0.0684183080558247,1.05320562979972,3.34030571097106,0.809121435809445,1.74972282078646
"17320",0.0795747731268397,0.0684183080558247,0.417119698968165,-0.14602070092012,0.360000492057611,-1.40047836361717
"17321",-0.841293682421389,-0.364219162365198,-0.0786486047092493,-1.17068814615607,-0.0605965734835847,0.148025107367551
"17323",-0.772817601026105,1.11082404530309,0.185936314526326,-1.54492362594521,0.49748971670728,-0.367025164488331
"17324",-0.749915785334118,0.403998001147492,0.255478726197253,0.0917058359250531,0.576120150832347,-1.37800122006469
"17325",1.88129084818249,-0.973987429191438,-1.64879590312438,-0.168514538399994,-1.41949211753438,0.119081287901486
"17329",-0.781540447367059,-0.364219162365198,-0.26621278532272,-0.189065954329696,-0.772357362428981,-1.8065650178703
"17330",-0.699191217528313,-0.364219162365198,-0.564407996933462,1.41985291767115,-0.899247284561434,0.704567526394547
"17331",0.310441756442486,-0.973987429191438,-1.16396679664876,2.72253709642308,-2.3899696981111,0.119081287901486
"17333",-0.0691653955555672,-0.973987429191438,-0.312858639450098,-0.0631780545417415,-0.0380434649844348,0.119081287901486
"17334",2.1007173493649,-0.364219162365198,-0.703968305610596,0.480495296688495,-0.170093054972883,1.64597172801596
"17337",0.58943382984958,0.403998001147492,0.829286367943167,-1.74628695334003,0.873223724126804,-0.372704109027616
"17338",-0.751507444148523,1.2879548417083,1.80671479378851,-0.835657925335095,1.55446477516304,-0.498352168839856
"17339",0.019536568590455,-0.364219162365198,-0.894642015924552,0.442552855307165,-0.721015262858195,-1.73787058710497
"17340",-0.629888029587553,1.72059231212933,2.33630173867983,0.581049848548805,2.0618578194725,0.0809609434150448
"17341",0.640464218562955,0.0684183080558247,-0.0477885250320306,-1.61331899019922,0.0882246201118883,-1.14794894091125
"17343",2.63112201069629,-0.973987429191438,-1.08199567042141,-0.57053963201476,-1.47100839135432,0.119081287901486
"17344",-0.460650909622697,-0.973987429191438,-1.25053039180215,-1.45275552442526,-1.35965221911786,0.119081287901486
"17345",-0.771802831650982,0.403998001147492,-0.271604448153534,-1.23342011768381,-0.110034668449809,-0.57673596540725
"17346",-0.890760214221047,2.15322978255035,1.06031089442788,-1.38417131445022,1.07044598415948,0.506181357427384
"17347",-0.0604147473139247,-0.973987429191438,-0.94466306178594,3.05285875257278,-0.45557500006472,0.119081287901486
"17348",-0.780296312311258,0.678186574882064,0.386382786774521,-1.38423814489854,0.959978780174681,-0.88972074098123
"17349",0.869857701142121,-0.973987429191438,-1.63667520501615,-0.484430455737927,-1.02158543938148,0.119081287901486
"17350",-0.84216944229307,0.403998001147492,0.470651707372649,-0.0205055441028978,0.507405965861915,2.52773493904549
"17351",-0.563163467935632,0.0684183080558247,-0.171271779166207,0.1830078647576,-0.944511886076262,-1.27943773426045
"17353",0.368241907973462,-0.364219162365198,0.722488803313395,2.98944627571992,0.844065408838779,1.64597172801596
"17354",-0.419629205157109,-0.973987429191438,0.539460138160556,1.8622275900554,0.710244492857436,0.119081287901486
"17356",2.19240801783491,-0.973987429191438,-1.14997080208974,-0.790174164616528,-0.654510093489157,0.119081287901486
"17357",-0.682329364760859,-0.364219162365198,-0.519414573997555,-0.869610088621484,-0.721015262858195,1.64597172801596
"17358",2.10990587754238,-0.364219162365198,-0.571411707540305,-1.24035192993616,-0.55251480252931,0.39382448537488
"17359",-0.811656856287661,-0.973987429191438,-1.42165487072434,-0.8969371276495,-0.677599223699442,0.119081287901486
"17360",-0.751007009936133,0.0684183080558247,-0.198185806207557,-1.56772888401295,-0.139470425280125,-0.86649001783579
"17361",-0.431785586233069,0.0684183080558247,-0.32298131719413,-0.118761508020918,-0.696589560250936,-1.30144598890744
"17362",1.470281449357,-0.364219162365198,-0.690154614654793,-0.846295342338464,-0.548548350188534,-0.16441533885117
"17364",-0.91322804224329,1.72059231212933,1.49788731353379,-0.611118412455748,1.45742229605043,0.115271377977308
"17365",-0.800647303615094,1.2879548417083,1.55226644272194,-0.690068272260994,1.88847197869266,-0.38377492084403
"17367",1.460425675563,-0.973987429191438,-1.20052263005638,-1.45423315006391,-0.736056821648552,0.119081287901486
"17368",-0.691893218597635,1.2879548417083,0.785691674737439,-0.0693287694942347,0.948490587226341,-0.353808375884747
"17370",-0.199299142202329,0.403998001147492,-0.396945919720781,-0.373760564603894,0.238312408926773,0.542427659069341
"17371",-0.751139068964403,0.0684183080558247,-0.449766193348884,-1.49831197083803,-0.725996093146608,-1.61580472896423
"17372",-0.520153927570831,1.2879548417083,0.505768172526969,-1.40419842870427,0.484401969905944,-0.393725755042614
"17373",-0.521759487335581,0.403998001147492,-0.0915627987849969,-0.574662642335638,0.0258564583030734,-1.11556889062749
"17374",1.26244834076161,-0.364219162365198,-0.31033485806831,-0.0595729060545152,-1.15859866414113,0.032960823661046
"17375",1.06950314998481,0.0684183080558247,-0.486509037000994,-1.31510922680309,-0.0543790170983204,-0.827479523725172
"17376",-0.22030347817234,-0.364219162365198,-1.04250717282581,-0.904427226553595,-1.14981736521499,-1.65376543408421
"17377",-0.690162550279788,2.56218371487699,1.41968310994874,-0.71310530016067,1.24611163137927,1.26944804621006
"17379",-0.811371886805605,-0.973987429191438,-0.508102584586067,-1.47084939879004,0.34672721884875,0.119081287901486
"17381",-0.840584733953837,3.09857774246826,2.72398953472936,2.79642978278689,2.52749817040405,2.10663679223655
"17382",-0.270548463191271,-0.973987429191438,-1.96770319684453,0.670634403958217,-2.06723951461186,0.119081287901486
"17383",-0.882961781077979,-0.973987429191438,-1.08305415663937,-1.7095587762272,-0.741137602446644,0.119081287901486
"17384",-0.732080866042573,-0.364219162365198,-0.6289378044546,0.219568045552524,-1.13255357896724,-1.50309299025084
"17385",-0.7801364513823,-0.973987429191438,-0.852754262460227,-1.33482825082198,-0.525175001491411,0.119081287901486
"17386",-0.850377953471291,0.910009710803488,1.08001675156904,1.9813627760918,1.19367983786993,0.3729108925474
"17387",-0.730079129193015,-0.364219162365198,0.0265214500562551,-0.737936257013374,0.212610088080075,1.64597172801596
"17388",-0.149373879041314,0.403998001147492,0.456556487389566,1.81783920743781,0.755627527973067,-0.78855081517981
"17389",-0.91322804224329,3.1478894909578,2.72398953472936,2.52658737169817,2.24677262824848,2.80754781277884
"17391",0.711602331949144,-0.364219162365198,-0.289011631284184,2.68247202317938,0.149022971522719,1.64597172801596
"17392",2.14166259860359,-0.364219162365198,-0.451988141790213,-1.04517501944743,-0.26741049813593,0.40832263933576
"17394",1.27067075289018,-0.973987429191438,-1.03980939741048,1.20791132063078,-0.37275077928338,0.119081287901486
"17396",-0.531239935470291,1.2879548417083,1.90657973156202,3.26345976546277,1.23371781445419,-0.443440355783303
"17397",-0.701359765782001,-0.364219162365198,-0.0488498677762316,-1.01543812951771,-0.345014776656432,1.64597172801596
"17398",0.221246308559246,0.0684183080558247,-0.08339221153561,-0.0939896184419881,-0.18220772800089,-0.630733378846269
"17400",0.338917853222477,0.678186574882064,0.876433940651589,-0.697664821871085,0.769707150691473,-0.58034629031922
"17402",-0.879896621527094,1.95241544805075,1.06374690599035,1.04689649167525,0.436192138267495,0.246694107384165
"17403",-0.561724719575012,-0.973987429191438,-0.828109978182494,-0.93348371432556,-0.957956022832623,0.119081287901486
"17404",-0.882475247815934,2.15322978255035,2.72398953472936,2.61942195718915,2.52749817040405,0.585329523620637
"17405",-0.912821022417213,0.0684183080558247,0.292123207174672,-0.457003296780809,0.462771963487102,-0.712917291839239
"17406",2.41093095724495,0.0684183080558247,0.909725115895569,0.0648381161618824,0.517194424740621,2.44767296417644
"17408",0.710385998794031,-0.973987429191438,-2.1502371892256,-0.154714634796473,-2.59373601988992,0.119081287901486
"17409",0.921520583096155,-0.364219162365198,0.0536464466171386,1.39388973857586,-0.999777992367051,0.00678108147788062
"17410",-0.762093017835593,0.678186574882064,0.42672729052681,0.0221543191445593,0.338158204068431,-0.375807761568775
"17411",-0.801564766337807,0.0684183080558247,0.0611672590936976,0.0233046482957351,-0.192040537120089,-1.32935003955152
"17412",-0.900476978511608,1.11082404530309,0.455575904082549,0.0272049739747976,0.475207284564545,-0.797594559897678
"17414",-0.490378091933662,-0.364219162365198,0.060174081900478,2.35167102542729,1.26886385493163,-1.15618440398834
"17415",-0.130322626594656,-0.973987429191438,-0.290563942759322,0.795681910788652,-0.93787801074541,0.119081287901486
"17416",-0.630735987558546,1.11082404530309,1.85592330798582,0.378370185333508,1.8134016465691,-0.208310374310144
"17418",-0.500713448514537,-0.364219162365198,-0.365721051211309,-0.21910306884505,-0.235311050098262,-1.76250555812042
"17419",-0.811309332529057,1.84096642608922,1.45312966683819,0.114107133377837,1.18323050835455,0.140458855602669
"17420",-0.421422427751505,0.0684183080558247,-0.155076966071828,0.0816126823223837,-0.300926548164244,-1.5660673823329
"17422",-0.761126901786675,0.910009710803488,0.82858385656888,-0.112987322463963,1.32225657814446,-0.621404002584886
"17423",-0.46092892862958,-0.364219162365198,-0.0285848218758951,0.434649680000521,0.115114999810698,-1.35962239514419
"17425",-0.731955757489476,-0.364219162365198,0.0400222918221019,-0.0629565676888489,0.0239970353495126,0.895069396716968
"17426",-0.843142508817161,0.910009710803488,1.5976106132007,-0.00244588021998809,1.56310340163112,-0.589906939622998
"17427",-0.209829112088023,-0.973987429191438,-1.61578283902551,1.194290431176,-1.84145501647971,0.119081287901486
"17428",-0.91322804224329,3.04759409432045,2.61158988182948,1.24656572770376,2.41296697056698,1.98495044400568
"17429",0.359880486341456,0.0684183080558247,-0.263373522929761,-0.378992899247611,0.347943510377192,0.116048509048068
"17430",-0.59929898835525,-0.364219162365198,-0.822409681429907,0.0223316950713003,-0.55251480252931,-1.81686871463534
"17431",2.21097273701953,-0.973987429191438,-0.479964651546253,-0.790285338531421,-0.227493754026619,0.119081287901486
"17432",-0.742819350183429,-0.364219162365198,-0.560220709252371,-1.02064985902039,-0.487749998777704,1.64597172801596
"17433",-0.0408978130307379,-0.973987429191438,-0.714354158233036,-1.34923435316103,-0.572663832698684,0.119081287901486
"17434",-0.901172026028816,1.11082404530309,0.978174636517541,-0.0589760096105488,1.10531177625509,2.25959587987412
"17436",-0.910860988418688,-0.364219162365198,-0.991298698030441,0.301853075150028,-1.11567346435145,-1.60110761827727
"17438",1.61218930094526,-0.973987429191438,-0.510783870277806,0.241784076796896,-1.01424650405576,0.119081287901486
"17440",0.640735287094666,0.0684183080558247,-1.11312613232663,0.82883786342952,-0.357217029387378,0.0984903562789838
"17442",-0.559215598037893,0.910009710803488,0.933548080406382,-0.131238424729056,1.01140604212384,-0.472829485514792
"17443",1.27174807654185,-0.973987429191438,-0.24890665752438,3.63524149608769,0.186007505052844,0.119081287901486
"17444",0.55058067363768,0.0684183080558247,1.15428725029918,0.184739669393812,1.27570204565418,2.72931773593378
"17446",0.841409406262818,-0.364219162365198,-1.46738377247047,-0.381238667796216,-0.521348424646735,-1.0963111818638
"17447",-0.521272954073535,-0.364219162365198,-0.237765346629114,-0.250118716091194,0.0882246201118883,1.55036094160118
"17449",-0.902701130566672,1.11082404530309,1.02711139164015,-0.820713786824105,0.792382682254343,-0.749992419708307
"17450",-0.841210276719324,3.1478894909578,2.72398953472936,3.63524149608769,2.52749817040405,3.44228586402634
"17451",-0.911917460644844,1.11082404530309,0.713642889589225,-0.0926411083385526,0.845960396675399,1.66687531674443
"17453",-0.74955436062517,-0.364219162365198,-0.325476666105186,0.377938951827465,-0.445145904001139,0.620670168844531
"17454",1.0001860610937,0.403998001147492,-0.275027985837911,-0.902145139429009,-0.366499106978274,-0.453235580377923
"17455",1.11088627915934,-0.973987429191438,-1.3974713608187,-0.144908429250797,-1.34822984000231,0.119081287901486
"17456",2.73109764557142,-0.973987429191438,-0.873021385414187,-0.277075081891749,-0.43485806415135,0.119081287901486
"17457",0.34009943400173,0.678186574882064,0.721400088007692,1.92259420890837,0.560664493411592,-0.483047387705793
"17458",-0.770954873679989,-0.973987429191438,-0.679003475018287,-1.30374652097339,-0.636531173727862,0.119081287901486
"17459",-0.490878526146051,-0.364219162365198,-0.0784734391976385,-1.29285427288918,0.23408863216415,1.64597172801596
"17460",0.0188762734491079,0.910009710803488,-0.123295395735513,0.167466882223662,-0.388608847902536,-0.616113455725325
"17461",-0.69978200791794,0.0684183080558247,0.0143283082242713,-1.12231695482154,0.507405965861915,2.72931773593378
"17462",-0.320946358663987,-0.364219162365198,-0.0557821368748339,0.350071333437439,-0.418015380798208,-1.59697403470378
"17463",-0.761217257963912,0.678186574882064,0.784371945500927,-0.834138876762807,0.76831087475195,-0.951228339401245
"17464",0.660161865200616,-0.973987429191438,-0.750894184318263,0.652755846314686,-0.441701118517711,0.119081287901486
"17466",-0.821095601571339,-0.364219162365198,0.0444630581559331,-0.000616367249883786,-0.192040537120089,-0.113517833380482
"17468",-0.822054767145085,-0.364219162365198,-1.36521826933394,0.458377743022394,-0.924781584637011,1.64597172801596
"17469",-0.76104349608461,0.678186574882064,0.782223414664951,0.156256892205151,0.523972057064811,-0.283740457625776
"17470",-0.480570971465864,0.678186574882064,0.363639854683799,-0.298892316798811,1.09719755656909,-1.05514985259011
"17472",0.989767298810761,0.0684183080558247,-0.0296098974913937,-1.69407914040928,0.108481124479846,-0.208771088936647
"17475",-0.131191435991165,-0.973987429191438,-1.0789126538646,-0.3431340577781,-0.601801746608917,0.119081287901486
"17480",-0.149846511353015,-0.973987429191438,-0.284147311078903,-0.0633656322074774,-0.116726992774358,0.119081287901486
"17481",-0.890829718972768,0.403998001147492,0.453958661726153,-0.229447296926365,0.750637348334894,0.697072980582243
"17483",-0.270583215567131,0.0684183080558247,-0.45837263362926,0.0670395093079227,-0.548548350188534,-0.35276590355322
"17486",1.69077137324074,-0.973987429191438,-0.493167939380318,-0.139680503804938,-0.548548350188534,0.119081287901486
"17489",-0.338878584607941,-0.364219162365198,-0.536144855806297,-0.420152615580018,0.0621198551974726,-1.25137424232472
"17490",-0.91322804224329,1.11082404530309,0.874265089680052,0.464065917294852,0.801132854929721,0.466365671298432
"17491",-0.912445696757921,1.5897382004434,1.3115559830022,0.668799328702091,1.23674099813549,-0.237522160166953
"17492",1.56009548953055,-0.973987429191438,-0.540671575408744,0.614699337309082,-0.706265791707357,0.119081287901486
"17495",-0.850655972478174,-0.364219162365198,-0.307372656296757,-0.0125900250951653,-0.411381505467356,1.5639925869621
"17496",2.66384484780642,-0.973987429191438,-0.80623773806418,0.445425101855362,-1.21353155090597,0.119081287901486
"17498",-0.170183601706507,-0.973987429191438,-0.802703440132272,-0.177261876617369,-0.000599038063864639,0.119081287901486
"17499",1.97300236807802,-0.973987429191438,-0.122701149607285,-0.209836565146181,0.446935936866921,0.119081287901486
"17500",-0.751521345098867,0.0684183080558247,0.373042495508167,3.04550069359262,-2.34655365895235,2.72931773593378
"17501",1.28217378929996,-0.364219162365198,-0.754752704934922,-0.175775896938634,-0.682302482672064,1.64597172801596
"17502",-0.831090384868783,0.403998001147492,-0.0396211025202189,0.330139112661656,-0.0360260032480499,3.44228586402634
"17503",-0.899517812937862,-0.364219162365198,-0.211722578286283,-0.276140855808118,0.158439297451468,1.20761089513401
"17504",1.14071771859789,1.44640373839476,1.17009324294826,0.280124552108247,1.09219585464736,2.03450355091957
"17505",0.69038948172397,-0.364219162365198,0.378691867465717,0.198674070788371,0.26045092017285,0.740337329569353
"17506",-0.169863879848591,-0.973987429191438,-0.716957634605728,0.174219400759041,-0.788462005923606,0.119081287901486
"17507",1.69168883596345,-0.364219162365198,-0.145860984264949,-1.1317412983235,-0.0710736209311161,0.574173271698206
"17508",1.88336904025894,-0.973987429191438,-0.513198151135686,-0.0662935517064427,-0.235311050098262,0.119081287901486
"17509",-0.349512811621216,1.2879548417083,1.75302303825503,-0.127219379978986,1.65932809691025,3.44228586402634
"17510",-0.67961867944375,-0.973987429191438,-0.700073866343457,-0.220964705246181,-0.462608141954054,0.119081287901486
"17511",-0.899893138597154,3.1478894909578,2.72398953472936,1.96354603632203,2.52749817040405,2.23374707408252
"17512",-0.640494454700139,1.5897382004434,1.15006204927898,0.478182110513088,1.47443567767277,0.300898152331124
"17513",-0.201995926569094,-0.973987429191438,-0.281934070220367,1.84044518880204,-0.333005453019523,0.119081287901486
"17514",0.358886568391849,-0.973987429191438,-1.02081480886305,-1.42618493748792,-0.81048018227694,0.119081287901486
"17515",-0.61125380565122,0.403998001147492,-0.101666142756294,-1.0608607656889,-0.366499106978274,-1.17557535024564
"17516",-0.772553482969566,0.678186574882064,0.0461853689700374,-1.33957495940314,0.0369184095957622,-0.828176680659612
"17517",2.16209699560949,-0.973987429191438,-1.26986232724183,-0.333919184466917,-1.02158543938148,0.119081287901486
"17519",-0.752480510672613,0.910009710803488,0.770280695508303,0.222814073488661,0.866499082321993,-0.9324300212368
"17520",-0.390228695179232,-0.973987429191438,-0.229789007604192,-0.025500192336122,-0.0585183946298743,0.119081287901486
"17521",-0.63014519716892,0.0684183080558247,0.000111733582097185,-0.173011571191271,0.208240523409368,-0.889904226615788
"17522",-0.91086793889386,0.678186574882064,0.32289131492511,-0.279478670459545,0.731076424507497,-0.511191147186458
"17523",-0.811121669699411,0.403998001147492,-0.0841980734947861,0.0708545297477751,0.601780882320867,3.44228586402634
"17524",2.69141738281404,-0.973987429191438,-1.31880792519623,0.308442618090656,-1.11567346435145,0.119081287901486
"17525",2.67242173416876,-0.973987429191438,-0.441365379442868,1.10853385814214,-1.18556861786936,0.119081287901486
"17526",-0.880244145285697,0.403998001147492,0.413878337631839,1.46513638721747,-0.18220772800089,-1.41028237149307
"17527",-0.39042330848405,0.403998001147492,0.215220506571599,0.0831265224082569,0.161552309584249,-0.432520516254786
"17528",-0.911257165503497,1.2879548417083,1.32750916692674,-0.305511024447841,1.28247922329604,3.11194334374506
"17530",-0.91322804224329,1.5897382004434,0.975847854529157,-1.2666242102786,1.0204847226793,-0.227184735838506
"17531",0.977951491018233,-0.973987429191438,-0.732034145510198,0.1524525893519,-0.804915513453088,0.119081287901486
"17534",-0.390527565611631,-0.973987429191438,-0.964966818443724,0.340128097222223,-1.01424650405576,0.119081287901486
"17535",1.88038033593495,-0.973987429191438,-1.216059739289,-0.450807971735513,-0.804915513453088,0.119081287901486
"17536",0.850299064007902,-0.973987429191438,-1.84039569041694,0.372481535597079,-2.59373601988992,0.119081287901486
"17537",-0.629964484814446,-0.364219162365198,0.16864996632132,-0.511407146124158,0.43402502154152,-1.74520700412586
"17538",-0.670527457918676,-0.973987429191438,-1.63526577028875,-0.616952588169563,-0.816085919138824,0.119081287901486
"17540",-0.680424934563711,-0.364219162365198,-0.182905749959435,0.257598415619723,-0.53677177479834,-1.7871741769772
"17542",1.77177916137127,-0.973987429191438,-1.18503342736563,-1.13988785026065,-0.816085919138824,0.119081287901486
"17545",-0.491149594677762,0.0684183080558247,-0.0974306748174825,-1.56559664480977,-0.118970935018474,2.72931773593378
"17548",1.41135532084815,-0.973987429191438,-1.59580209983402,0.122304935177751,-1.44481359219607,0.119081287901486
"17549",-0.689620413216366,-0.364219162365198,-1.29731705864761,0.339754338485258,-0.476872859723761,1.64597172801596
"17550",1.05015302710575,0.0684183080558247,-0.818098776713932,-1.21651616199564,-1.14981736521499,1.59363130954285
"17551",2.67153902382191,-0.973987429191438,-0.749819291650186,-1.04614923393739,-0.772357362428981,0.119081287901486
"17552",-0.322225246095649,0.403998001147492,0.207335814143092,0.0226483747274491,0.455422884346938,-1.26544304346275
"17553",0.371293166574003,-0.973987429191438,0.593498999313232,3.63524149608769,0.741281985481461,0.119081287901486
"17554",-0.911590788311756,0.678186574882064,0.817311996639101,0.206808311614927,1.13606795740265,0.160425387049406
"17555",-0.730649068157125,-0.364219162365198,-0.336372372050081,-1.56137918575577,-0.0946448010910605,-1.81686871463534
"17556",1.13161954659764,-0.973987429191438,-1.2490778946472,0.410132892002532,-1.02899597520659,0.119081287901486
"17557",-0.780935756027089,0.0684183080558247,-0.237871614147186,-0.183669077019697,-0.192040537120089,0.717528151962394
"17560",0.0212811378586459,0.403998001147492,0.13775472383093,0.677341045309319,0.361195730537457,-0.826810617005005
"17561",-0.73086453288746,-0.973987429191438,-1.21248246963929,-1.78114852307048,-0.761807555376316,0.119081287901486
"17562",-0.781519595941543,1.11082404530309,0.361670135225766,-0.052333715938117,0.552352963581127,0.678520646092962
"17564",-0.68105742780437,0.0684183080558247,-0.382650303194063,-0.80393246746666,-0.751402270779913,1.1183677079025
"17566",-0.843886209660573,-0.364219162365198,0.151891981737879,-1.2569059327581,0.175405105035144,1.64597172801596
"17567",-0.85218507701603,1.2879548417083,1.47331753982256,0.407165241869883,1.44030762765046,-0.588277091910531
"17569",2.40128369770611,-0.973987429191438,-0.610258542952991,-0.52374793390087,-0.687035045627916,0.119081287901486
"17571",-0.42187420863769,0.403998001147492,0.55850320374101,-1.4173314764281,0.605253226183767,-1.00512060386557
"17572",-0.2124980945541,0.403998001147492,-0.952616107524042,0.016917708885388,-1.07504485546659,-1.23195170885527
"17573",-0.630833294210955,0.0684183080558247,-0.527553765661725,-0.236163113224029,-0.187108221755028,0.81199849657398
"17574",1.5023648427513,-0.973987429191438,-1.11651665529915,0.260176214177262,-1.23276229698541,0.119081287901486
"17576",-0.843066053590268,2.48880947564202,1.31293365889592,-0.852955280170903,1.21919104653221,1.10194875815574
"17578",1.25846571848801,-0.973987429191438,-1.32754099013675,0.513564777689394,-0.793907003413984,0.119081287901486
"17579",-0.88082103472498,0.0684183080558247,-0.391951704051433,-0.839170844440984,-0.321183052532201,-0.928041902855317
"17580",1.60124230254924,0.0684183080558247,-0.99349983334634,-1.5134926533332,-1.13255357896724,-0.174543065589685
"17581",-0.91322804224329,2.88337216333648,2.2426413334465,0.354300782296629,2.05521054671333,1.6668497977545
"17582",1.44084618700326,-0.973987429191438,-1.16363967889182,-1.27114994533033,-0.880644545047084,0.119081287901486
"17584",-0.852768916930485,-0.364219162365198,0.445202043704405,0.769448264000961,0.113461954768259,-0.965571146804496
"17585",0.169659881832105,0.403998001147492,0.35748074764938,-1.39613894814774,1.08578204418588,-0.904057268659552
"17588",0.0795330702758073,0.0684183080558247,0.443809821264505,1.27649827708218,0.408648370016446,-0.534913791006631
"17589",-0.322211345145305,0.403998001147492,0.988633049228356,-0.775602810013828,1.07699004590562,-0.5686100252063
"17590",-0.901026066050202,0.0684183080558247,0.582594521072903,-1.03951518490412,0.556981703665128,2.08555830083412
"17591",-0.190736156790333,1.11082404530309,0.916947628791864,-0.33048497907073,0.705705193109491,-0.460981791278134
"17593",-0.890009562902463,0.678186574882064,1.39194147311323,-0.00745277938122705,1.56187531098815,-1.14476409614778
"17594",-0.071827427546472,-0.364219162365198,0.261047704767883,0.0758350859622473,0.252224407661099,-1.34849074002296
"17595",-0.802280665280531,-0.364219162365198,-0.514514158419567,-1.53031629985522,-0.414691200887788,1.64597172801596
"17596",-0.691371932959729,1.11082404530309,1.11607283199903,-0.653259479049971,1.8263532203537,-0.701094568227566
"17597",1.21123028921859,-0.973987429191438,0.85518091517002,0.825150341416896,0.828732866765204,0.119081287901486
"17600",-0.749561311100342,-0.973987429191438,-1.22976648593603,-0.47004604538004,-0.761807555376316,0.119081287901486
"17601",1.46889830479776,-0.973987429191438,-1.50110189787968,-0.428837305076615,-1.01424650405576,0.119081287901486
"17602",-0.901429193610182,0.910009710803488,1.60041086059721,-0.815140558104676,1.77983781466386,-0.818545699812303
"17603",-0.140942952657587,-0.973987429191438,-0.497630370937928,0.782612595854136,-1.26255332692661,0.119081287901486
"17604",1.25050742441599,-0.364219162365198,-0.697735397449856,-1.48875520752476,-0.640986165367922,-0.64670973684174
"17608",-0.590833309595663,-0.364219162365198,-1.08900695215063,-1.84686854810432,-0.411381505467356,1.64597172801596
"17609",-0.520508401804607,0.678186574882064,0.349409631344607,-1.52379974965383,0.455422884346938,-0.907095951150723
"17611",-0.851218960967112,2.15322978255035,1.39972297763884,-1.11540042231873,1.41627589344918,0.598014193070927
"17612",-0.391445028334345,0.910009710803488,0.856822085751071,-0.240014714989999,1.15520181287705,-0.411496491236444
"17613",-0.699990522173102,2.05617200522099,1.51285577982075,-0.264978623181736,1.39819712101961,0.935521421377765
"17614",-0.351841220803861,-0.973987429191438,-0.515300520717606,-1.71073640530979,-0.391820581639959,0.119081287901486
"17615",0.379592033929461,0.0684183080558247,-0.645705588984617,0.277307218139512,-0.783055763192142,0.079148380043318
"17616",0.811598818249788,0.0684183080558247,-0.193914429950072,2.82518144295077,-0.428076109300152,-1.05598759130428
"17618",-0.870548232420653,0.0684183080558247,0.207220858312854,-0.343033656294668,-0.160538540349862,-1.64414672789507
"17619",2.20108916132483,-0.973987429191438,-0.998646063422308,-1.92049255067902,-0.874543517087933,0.119081287901486
"17620",-0.330204391593191,-0.973987429191438,-1.78950524528113,0.105003698773639,-1.41949211753438,0.119081287901486
"17621",-0.712640386986279,0.0684183080558247,0.531648706273791,1.25718050453629,0.200901588083644,-1.59063738173647
"17623",-0.600188649177276,-0.973987429191438,-0.26004478060798,-0.180308239030421,-0.300926548164244,0.119081287901486
"17624",-0.780066946630579,-0.364219162365198,0.12664407352982,-0.116321327792159,0.257718637020906,-1.51898304756964
"17625",-0.741172087567647,0.403998001147492,0.845472425238864,-1.17644515555918,0.831309879914646,-0.959290512502797
"17628",-0.111354779850063,-0.973987429191438,-1.84840449589706,-0.24183405731166,-1.21353155090597,0.119081287901486
"17629",-0.870172906761361,1.2879548417083,0.75682483785143,-0.273028113277772,1.07605862470097,-0.542229283567032
"17630",0.770820380415223,-0.364219162365198,-0.297455201895432,0.0460877317708232,-0.691797280018651,0.0308690555061455
"17631",-0.90972806096564,0.0684183080558247,-0.258050862476648,-0.371514367289746,-0.125742812537189,-1.25144415366517
"17633",-0.610982737119509,0.403998001147492,0.498138445200669,0.0188149224630406,0.371869075672399,0.726009100624665
"17634",-0.560828108277815,1.44640373839476,0.97287600438738,-0.971525721464043,0.571606923666995,-0.0801071946511329
"17636",-0.731608233730872,-0.973987429191438,-0.763443564698871,-0.310688263359058,-0.585014899907927,0.119081287901486
"17637",-0.610746420963658,-0.364219162365198,-0.229413248760685,-0.205481307635085,-0.259257569445174,-0.460974375529482
"17639",1.84033169799345,-0.973987429191438,-1.5557330049145,-0.215237786487358,-1.57053403927501,0.119081287901486
"17640",-0.0587535837477988,-0.973987429191438,-0.124313212505117,2.29996374312343,-0.345014776656432,0.119081287901486
"17642",0.271546897379554,-0.364219162365198,-0.0124009761953896,-0.0528814084058929,0.139488445949482,0.222180087988983
"17643",2.76889342599539,-0.973987429191438,-1.60973755369689,-0.446488858728682,-1.29356064839624,0.119081287901486
"17644",-0.91136837310625,1.72059231212933,1.14175932104858,-0.0116059364988319,1.14887726428736,0.601447240810895
"17646",1.27070550526604,0.0684183080558247,0.273552059029187,0.0703979485044898,-0.151102718421389,-0.682249967272335
"17647",-0.271611885892598,-0.973987429191438,-1.38907385729506,0.0239269381108872,-1.93363755560319,0.119081287901486
"17648",-0.319173987495108,0.403998001147492,0.749249189052914,0.0692265876898345,0.15999739829978,-0.63966372864904
"17649",0.458917807068354,-0.973987429191438,0.150680479718611,-0.128029617584644,0.00895547655915582,0.119081287901486
"17650",-0.71167427093736,-0.973987429191438,-1.2077368199747,0.12801880314094,-0.731009800440554,0.119081287901486
"17651",-0.809933138444986,1.5897382004434,1.39636544208233,-0.107005026562406,1.56750815951271,1.39919950761322
"17652",-0.670826328351075,1.84096642608922,1.56942019449911,0.010570138242701,1.40396875608675,0.815875195853444
"17653",-0.560668247348857,0.403998001147492,0.421862549352517,0.460321911679435,0.965927769551037,0.853125340398846
"17654",1.85120919163775,-0.973987429191438,-1.49033343798369,-1.40111030668855,-1.70296832104033,0.119081287901486
"17655",-0.820393603578959,1.11082404530309,1.06533633441447,0.526338920730386,0.788990207221485,-0.744255188445796
"17656",-0.190472038733794,0.678186574882064,0.691000066246816,0.108659853167188,0.960521526819573,2.45855728408899
"17658",-0.670492705542815,-0.364219162365198,-0.159772249754943,0.619454637160327,0.338158204068431,-1.43762886665088
"17659",-0.751132118489231,1.84096642608922,1.17076049910632,0.0223979238824505,1.02597985540597,0.146238777924624
"17660",0.48988912443512,-0.973987429191438,-1.14753889901115,-1.53287648120862,-0.892995612256327,0.119081287901486
"17663",-0.669165164784949,1.11082404530309,0.751722807348729,0.13959805488647,0.53355066946221,-0.273090256622444
"17664",-0.740289377220794,-0.364219162365198,-0.147138230784796,-0.328401074309522,0.323239742903691,-1.47583348289496
"17666",-0.889425722988009,-0.364219162365198,0.00572168266098471,0.927500865140234,0.313128792979718,0.0603396226887764
"17667",-0.261144470283453,0.678186574882064,0.859654251375758,-0.0586552999128166,0.730342181920395,-0.614588466923439
"17668",-0.911243264553152,-0.364219162365198,-0.601689176324402,0.25900126562797,-1.09103647554054,1.14177399217659
"17669",-0.498996681147035,1.11082404530309,1.27558215558772,1.18700051288551,1.19924742015904,0.146767464398219
"17670",1.3524778456655,-0.973987429191438,-1.03248556372706,0.00464727495105857,-0.964768390444219,0.119081287901486
"17671",-0.770676854673106,0.403998001147492,0.639289092720914,0.55391799073481,0.50937377498637,-1.38076594769
"17672",-0.421186111595654,-0.364219162365198,1.21840751739545,0.521911266792878,1.1039654115353,-1.70659983763279
"17673",-0.91099999792213,0.910009710803488,0.650856741999934,-1.06513153896253,0.99395560401864,-0.805859028626687
"17674",-0.18067881921634,-0.364219162365198,-0.223454143804739,0.107839668824625,0.40414717819407,-1.79208000462507
"17675",-0.913175496650989,3.1478894909578,2.72398953472936,0.522211402377034,2.31796044446747,2.26886780716486
"17676",-0.881988714553888,0.910009710803488,0.526431628174088,-0.0528627777032949,0.644084346873074,-0.971414939640276
"17677",-0.909790615242189,3.1478894909578,2.56690267610018,1.27702689566966,2.4364884906518,2.17443646997617
"17678",1.71167840255834,-0.973987429191438,-0.728142690072075,0.000350114688481544,-0.487749998777704,0.119081287901486
"17679",-0.398423305407108,-0.364219162365198,0.833865001878663,1.53053608973903,0.465899931794469,1.41934950025345
"17680",-0.690753340669414,-0.973987429191438,-1.12205064785531,-0.123699046908963,-1.06717355293204,0.119081287901486
"17682",-0.822235479499559,0.910009710803488,1.01231314284571,0.139870729263821,0.942958342106298,-0.957610477094163
"17684",-0.489940211997821,-0.973987429191438,-0.908063458698664,-0.181079278593391,-0.756587095670656,0.119081287901486
"17685",-0.760355399042574,1.11082404530309,1.21259989953364,0.341629984296929,1.19567294816391,-0.744596144013221
"17686",-0.852122522739482,1.11082404530309,1.70506827806956,0.0879313387994402,1.39452915141032,-0.467920781229764
"17690",-0.621769874586569,2.15322978255035,1.54523117228739,0.00824026382519014,1.13864715817357,0.66516476610352
"17691",2.66022365024177,-0.364219162365198,-0.749649699926339,-0.231567969408408,-0.816085919138824,1.64597172801596
"17692",0.349600733561957,0.403998001147492,0.0200312932894647,-0.170394202850946,0.40414717819407,-0.921319041535281
"17693",0.448943875196426,-0.973987429191438,-1.05359188813541,-0.461469221072118,-0.40480506700728,0.119081287901486
"17694",0.490563320526812,-0.973987429191438,-0.770486084108171,0.0155972930859743,-0.576758580605547,0.119081287901486
"17695",0.391032516062696,-0.364219162365198,0.046679867437799,0.189565336894372,0.516221235757768,0.963907133591522
"17696",-0.541047055938089,1.2879548417083,0.9470376428852,0.0765566273932181,1.13304777888204,-0.414378271100803
"17697",1.43985921952883,-0.973987429191438,-0.622736867306698,-0.0507578345783181,-1.09103647554054,0.119081287901486
"17698",1.68177745836807,-0.973987429191438,-1.26451121104966,0.0460584527588068,-1.09103647554054,0.119081287901486
"17700",-0.760459656170155,0.403998001147492,1.0321383041451,-0.0500927330215556,0.884700605728454,-1.08371624788041
"17701",1.60135351015199,-0.973987429191438,-0.450650321907635,-0.0790548985863482,-0.971642409279192,0.119081287901486
"17702",-0.622089596444485,0.403998001147492,0.761462439085674,0.332216936916909,0.9351448752945,-0.533300576229683
"17703",-0.571962769503479,0.0684183080558247,0.0818137879693169,-0.290989926279352,0.305456264135157,-0.128062635635979
"17704",0.761770861741182,-0.364219162365198,0.166348439215828,0.507807608862844,-0.105605653585019,-0.184754585547824
"17705",-0.891364905561018,1.44640373839476,0.761078848985682,-0.0597051276525185,0.677096993249851,-0.0628255841440645
"17706",-0.881279766086337,2.33036057895557,2.20279730111315,0.462679841875691,1.73870826322289,0.818865975613906
"17707",0.929673490473,-0.364219162365198,-1.27808897109576,0.586101480422963,-0.761807555376316,-1.23166634839657
"17708",0.95171344724365,-0.364219162365198,-0.829946176382134,-1.00279065994055,-1.11567346435145,-1.12335718546627
"17709",0.77084123184074,-0.973987429191438,-1.3625370981974,0.062211237720531,-2.34655365895235,0.119081287901486
"17711",-0.820435306429991,-0.364219162365198,-0.517898723388528,-0.125107536270686,-0.357217029387378,-1.75763939009822
"17712",-0.480473664813455,-0.973987429191438,-0.266527117371108,-0.0381857993565392,-0.459083430769788,0.119081287901486
"17714",2.28272944269603,-0.973987429191438,-1.27487400667453,-0.230365761068582,-1.09916033797674,0.119081287901486
"17715",1.0808532759408,-0.973987429191438,-0.65371601734858,3.49109164281756,-0.0200763590187748,0.119081287901486
"17716",-0.700470104959975,1.72059231212933,1.69300518399162,0.253981683128861,1.55768488781674,0.720969952369163
"17718",1.4006654900335,-0.973987429191438,-1.351311854263,0.261136708643793,-1.17647181576228,0.119081287901486
"17719",-0.549756001328699,2.15322978255035,1.65426358943024,0.0656846609047792,1.39084338325367,1.72616228929651
"17720",-0.661714255400485,0.403998001147492,0.413905860462888,0.296164573707263,0.287246428734822,-1.35623611060724
"17722",0.0387685333915868,0.403998001147492,0.995408879777688,0.146050133093037,1.06004717474026,-1.10686595381959
"17723",0.347682402414464,0.910009710803488,1.24346884212463,3.49578097646582,0.52877646205901,1.72684541868202
"17724",-0.211476374703805,0.0684183080558247,0.293390593297562,0.38760241765636,-0.207032613880708,0.712920090487711
"17725",-0.762426640643853,1.72059231212933,1.28336590615706,-0.045999732319121,1.29095433378344,0.670594290665455
"17727",-0.772657740097147,-0.973987429191438,0.314813745724203,-0.173515920744042,0.373045797669492,0.119081287901486
"17728",-0.8893284163356,0.0684183080558247,1.13615916985772,-0.0779923307123191,0.997581261963266,0.27736229579336
"17730",-0.892185061631322,1.95241544805075,1.63924014345604,0.315240222584298,1.67304151012823,0.490456077054391
"17731",-0.13124008931737,0.403998001147492,0.443750101962213,-0.00743173952349536,0.169279475890676,0.397562664468874
"17732",2.76889342599539,-0.973987429191438,-0.712163858662707,-0.115098624602537,-1.09103647554054,0.119081287901486
"17733",-0.53877425055682,-0.364219162365198,-0.0359417263033148,0.0706669002146319,0.121691438270774,-1.59362088119618
"17734",-0.390430258959222,0.0684183080558247,-0.0259748787978098,-0.156956255766987,0.0514214544343105,-0.964985954383102
"17735",-0.902638576290124,2.48880947564202,2.38526249294453,0.0233972161328681,2.32510368357553,1.04948104674243
"17736",-0.832084302818389,0.0684183080558247,-0.534402043446288,-0.245865435323461,-0.382225836414074,-0.144052310046128
"17737",-0.831945293314948,-0.364219162365198,-1.19715804788991,-0.119490851307218,-0.978579205410554,0.518687471687509
"17738",-0.731781995610174,0.403998001147492,0.785770528447796,0.0462350218843012,0.727398093361698,-1.075419586227
"17739",-0.809397951856736,1.11082404530309,1.11156088957411,1.39424614720429,0.592149268692067,-0.71629866159348
"17742",0.208874462752953,-0.364219162365198,-0.58448955181593,0.283917972853274,-1.12406663148722,-1.58014143184607
"17744",-0.890711560894843,0.910009710803488,0.960146771537917,-0.102043196439424,1.63739258765339,-0.946314046282775
"17746",1.48037353930685,-0.973987429191438,-1.54267506496974,-0.0159881606422003,-1.95854384911368,0.119081287901486
"17747",0.201889235205017,-0.973987429191438,-1.8964571539543,1.61923884165234,-2.59373601988992,0.119081287901486
"17749",0.859320780781256,-0.364219162365198,-0.057207317990663,0.0401522366766849,-0.15816857306928,-0.344446590008332
"17750",-0.871514348469571,1.44640373839476,0.708390432614705,-0.800262725304102,1.70851201913647,1.2475588920068
"17752",2.67065631347506,-0.973987429191438,-1.79753617847911,1.76823648853396,-0.5446025028879,0.119081287901486
"17754",-0.91322804224329,0.678186574882064,0.686050779885161,0.00489487898931672,1.15855349574378,-0.775369837533608
"17757",-0.912119024424834,3.1478894909578,1.68384084270459,-1.0295122769312,1.61617910364864,2.14638839975085
"17758",-0.731642986106732,1.2879548417083,1.27593975908482,-0.908433978650157,1.25204873163849,0.191948608446844
"17759",-0.752195541190558,0.0684183080558247,0.103381088924872,-0.82278622833197,0.431851704186993,-0.740794339163248
"17760",-0.710033958796751,-0.364219162365198,-0.757629967344073,-0.559276791806086,-0.379054333279516,-1.81686871463534
"17761",-0.599709066390403,-0.973987429191438,-0.011835415717186,0.836291761094086,0.00705416418415578,0.119081287901486
"17763",1.71061497985701,-0.973987429191438,-2.1502371892256,-0.253409368751369,-2.59373601988992,0.119081287901486
"17764",-0.4198307689371,-0.364219162365198,0.0543920441478448,-0.622637089931356,-0.0881434156321036,-1.29695467985817
"17765",0.660425983257155,0.0684183080558247,-0.556032261955872,-1.18262701012604,-0.767064143118188,-0.0383979023775111
"17767",-0.771656871672369,-0.973987429191438,-0.805783774429325,-0.426670307124686,-0.850617951792726,0.119081287901486
"17768",-0.841161623393119,0.0684183080558247,0.870155357853367,0.155301122204488,0.793059362831132,-0.793272583455352
"17769",-0.80026502748063,1.5897382004434,1.39895561740385,-0.417470545264762,1.17263542169488,0.0698421992563455
"17770",1.06082200649488,0.678186574882064,0.376844234948443,0.570479919057642,-0.0585183946298743,1.36811553989396
"17771",-0.360056682457254,-0.364219162365198,-0.886425908937207,-1.56636141540131,-0.240567637840134,-1.72751950991201
"17772",-0.820192039798969,-0.364219162365198,-1.17218725519398,-1.83554553699203,-1.48445252811068,1.64597172801596
"17774",0.0398319560929143,0.403998001147492,0.42605636122422,-0.976422707486775,0.192000229606818,-0.782424930722053
"17775",1.62203117378892,-0.973987429191438,-2.0876578045779,0.0109281923775437,-1.28308360094871,0.119081287901486
"17777",-0.680466637414743,0.0684183080558247,-0.0907497016700746,-1.85253493161288,0.181481728621622,0.453730690613069
"17779",-0.711417103355994,0.0684183080558247,-0.0872523870342912,-0.9631947618891,0.00323720189468031,-0.411373777112461
"17781",0.6690515229457,-0.364219162365198,-1.10612521312321,-0.202646518873542,-1.84145501647971,-0.629610901249741
"17783",-0.201752659938072,-0.364219162365198,-0.769472179459513,-1.64027210741614,-0.0816972052551916,-1.38237819421599
"17785",-0.390916792221267,-0.973987429191438,-1.39598321283352,-0.701492814541399,-1.33697668755499,0.119081287901486
"17786",-0.0702774715830993,-0.364219162365198,-0.819051390983119,-1.71520634745147,-0.53288647785026,-1.62472404495526
"17787",0.600909064358676,0.403998001147492,0.758375117973765,-0.317075855243649,0.622380759009309,-0.845193358579256
"17788",-0.189255705578681,-0.364219162365198,0.358379217832585,3.02349242075495,-0.473281487088997,0.251927974874922
"17789",1.89126478005442,-0.973987429191438,-0.955695538462035,-0.168342165921213,-1.26255332692661,0.119081287901486
"17790",-0.660226853713661,2.05617200522099,0.822292810917273,-0.674649718760646,0.568886059036276,0.550041724051392
"17791",-0.630471869502007,-0.973987429191438,-1.57398451471949,-0.651258036416405,-1.6175329808186,0.119081287901486
"17793",-0.67144492064139,-0.973987429191438,-0.722025411712487,-1.31927296847319,-0.421354172535405,0.119081287901486
"17795",0.870643104836566,-0.364219162365198,-0.613390384200858,-1.02087373459087,-0.194518757580141,-0.480353343393945
"17796",-0.521828992087301,0.403998001147492,-0.0385477418497946,-0.897651283220348,-0.610336374569614,-1.32054447092108
"17797",-0.701033093448914,0.0684183080558247,0.0627391007786739,-1.10846131438226,0.176928824497386,-0.811197014363349
"17799",-0.701832398093702,1.5897382004434,1.18158859617605,-1.03473192644986,1.13174973146182,-0.104470148480542
"17800",-0.550736018327962,1.44640373839476,0.407877090419052,-0.557025715578611,0.469015071761054,-0.0558803867815128
"17802",-0.101172333722973,0.0684183080558247,0.473037405987598,-0.814448019733445,0.489462440970021,-1.47345629671792
"17805",-0.189950753095888,-0.973987429191438,-0.28336076900211,1.21418524573463,0.145858075705496,0.119081287901486
"17806",-0.811483094408359,-0.973987429191438,-0.230947423228354,-0.44604916738167,0.463816051482714,0.119081287901486
"17809",-0.760932288481857,1.84096642608922,1.65668173135068,1.88530360493554,1.25315679003661,0.134142698668434
"17811",-0.881363171788402,3.1478894909578,1.95362560631854,-0.790870038298571,1.78535265421289,3.21858481749591
"17812",-0.80046659126062,0.403998001147492,-0.0269379487746071,-1.41714238772805,-0.13716519165274,-1.39683839144855
"17813",-0.782298049160815,0.678186574882064,0.702411410167565,-1.49527109720245,0.489462440970021,2.36491092834245
"17816",-0.560167813136468,0.403998001147492,-2.1502371892256,-1.92049255067902,-1.93363755560319,-1.31979886887358
"17817",-0.881731546972522,0.0684183080558247,-0.512413792721334,-0.535275659024625,-1.33697668755499,-1.41776264416323
"17819",-0.209571944506656,1.11082404530309,1.34465839951087,1.71459299969785,0.728871564041435,-0.492160032760264
"17824",-0.411149625447178,-0.973987429191438,-0.727344594588386,0.247173564817975,0.0258564583030734,0.119081287901486
"17827",-0.871868822703347,0.678186574882064,0.831887503380558,-0.806607696911929,0.868951300423498,-1.17703162293997
"17828",-0.699086960400732,0.403998001147492,0.759529132426192,0.448093523950472,0.39848291706695,-0.403814240222394
"17829",2.06160702557163,-0.973987429191438,0.170103663746058,0.55260537980627,0.173878322818154,0.119081287901486
"17830",-0.910847087468344,0.0684183080558247,-0.489388640191297,-0.0844422700181345,-1.09916033797674,-1.46428035916499
"17831",-0.591688218041828,-0.973987429191438,-2.1502371892256,-0.0599755934599507,-2.59373601988992,0.119081287901486
"17832",-0.430117472191771,-0.973987429191438,-1.26229618933264,-1.92049255067902,-0.484106951519832,0.119081287901486
"17835",-0.900560384213673,0.0684183080558247,-0.61480480737966,-1.31472114635083,-0.103400793118956,2.72931773593378
"17836",-0.452011468983807,-0.973987429191438,-1.54297123171693,-1.55744608006712,-1.13255357896724,0.119081287901486
"17837",-0.502054890222748,1.2879548417083,0.622647739214814,-0.774290439321375,0.194978954589761,1.6256117628868
"17838",-0.66015734896194,0.678186574882064,1.09048575416965,0.262656655214505,1.16479831494637,-1.13433074228078
"17839",-0.502569225385481,-0.973987429191438,-0.674734610167687,-1.25810284988713,-0.324121446514673,0.119081287901486
"17841",-0.910701127489731,3.1478894909578,2.72398953472936,-1.41377109523231,2.52749817040405,3.44228586402634
"17843",2.11048971745684,-0.973987429191438,-1.03336258810029,-1.36064488755708,-0.944511886076262,0.119081287901486
"17844",0.140488737534906,-0.973987429191438,-2.1502371892256,-0.683513811111258,-1.5262744976451,0.119081287901486
"17846",-0.0713130923837385,-0.973987429191438,0.850630515852673,3.63524149608769,-2.59373601988992,0.119081287901486
"17848",-0.111966421665206,1.44640373839476,0.181094259398112,-0.0619281808952948,0.00705416418415578,0.0717041739950898
"17849",1.26049525723826,0.403998001147492,-0.145562340064239,0.264971266694271,-0.93787801074541,0.198826934079891
"17850",2.76889342599539,3.1478894909578,1.65352622168583,-0.0303340759182899,1.12303892616561,3.44228586402634
"17852",-0.810815848791839,-0.364219162365198,-1.51294074753335,-1.51984880575588,-1.5120764413259,1.64597172801596
"17854",0.929131353409578,-0.364219162365198,-0.692708961945974,0.127486620998689,-1.16748267064598,0.851401669189301
"17855",2.76889342599539,-0.973987429191438,-1.01955871493727,-0.483393866073405,-0.525175001491411,0.119081287901486
"17856",-0.909679407639436,0.403998001147492,0.554081053224685,1.96321096552109,0.57521964818128,-1.14766119422433
"17857",-0.881133806107723,2.76299804937659,2.72398953472936,3.63524149608769,2.52749817040405,1.53255928213709
"17858",-0.870589935271685,1.84096642608922,1.61434151468914,0.400012929633917,1.4579861965197,0.0985903988165839
"17859",2.12259049473142,-0.973987429191438,-1.33636765363053,-1.24904527054278,-1.02158543938148,0.119081287901486
"17860",2.76224967529266,-0.973987429191438,-0.953701651187424,-1.61122965160175,-1.09103647554054,0.119081287901486
"17861",-0.892449179687861,1.2879548417083,0.876449636137203,-0.766575146492145,1.22610678988021,-0.364418697576506
"17862",2.31198399269529,-0.973987429191438,-0.642473478042575,0.570310933245424,-1.03647952241228,0.119081287901486
"17863",-0.330878587684883,0.910009710803488,1.21368706691761,0.161280201333723,1.44203655229042,-0.767133030150519
"17864",-0.800244176055113,0.0684183080558247,-0.217789686890511,-1.24998583936811,0.44158303312619,-1.38276118652676
"17865",-0.620456234779047,2.56218371487699,2.20450686299343,0.50339253315877,2.03464861344561,1.38215504398127
"17866",0.50094037995872,-0.973987429191438,-0.645581042190673,0.807390602231396,-0.618967989014587,0.119081287901486
"17867",-0.6213389451259,0.910009710803488,0.387285823299913,-0.105408311142128,0.192000229606818,-0.498541629885106
"17869",0.148488734457964,0.678186574882064,-0.430781939805439,-0.641201988536536,-0.957956022832623,-0.780999616915729
"17870",-0.901943528772916,1.84096642608922,0.7799854511171,-1.12716769596903,0.934022075537634,0.0968515174460009
"17871",1.12130504144228,-0.973987429191438,-1.25950951826075,-0.208489926466925,-0.585014899907927,0.119081287901486
"17873",-0.121919502111617,0.678186574882064,0.772482827509293,1.00143362875905,0.731809958023906,-0.934717690820115
"17874",0.930570101770197,0.910009710803488,-0.0463795364407171,-0.264481364603543,-0.438271885166165,2.30015478057504
"17877",0.780398135202343,-0.973987429191438,-0.914252867030012,0.0720975690540966,-1.05167150676947,0.119081287901486
"17878",-0.49003751865023,-0.973987429191438,-0.530039432595251,-0.285274407982268,0.0127438829021928,0.119081287901486
"17879",0.810590999349837,-0.973987429191438,-1.14859337130639,0.557131302278619,-1.63386853293248,0.119081287901486
"17880",2.7231880048256,-0.973987429191438,-0.373810837276249,-0.0632456598836385,-0.172500581226806,0.119081287901486
"17881",2.1197825027619,-0.973987429191438,-1.38729423553571,-0.130342956135983,-1.88614872439592,0.119081287901486
"17883",-0.893060821503004,0.403998001147492,-0.0697128139335222,-1.53843385453427,-0.0400662994614802,-0.979484134156498
"17884",-0.890447442838304,0.403998001147492,-0.0325271422268091,-1.25240128871519,0.552352963581127,-1.42826473119248
"17885",-0.801669023465389,-0.973987429191438,-1.25720319740341,-1.92049255067902,-0.964768390444219,0.119081287901486
"17886",-0.609620443985782,0.0684183080558247,0.151428414131422,-0.897151671729268,0.131450551924583,-1.18917701167807
"17887",0.368172403221741,-0.973987429191438,-1.53457193841302,-0.596395338037201,-1.93363755560319,0.119081287901486
"17888",-0.711208589100831,1.2879548417083,-0.00812850627559389,-0.608683467901087,0.684935802729522,-0.461379842852628
"17889",1.199331075724,-0.364219162365198,-1.04992107626356,-0.71050770707572,-1.23276229698541,-0.851442315125145
"17890",2.30242013885852,-0.364219162365198,-0.17163592847842,-1.20170955902889,0.0146310239901989,1.02637996164457
"17891",0.69735385784639,-0.973987429191438,-1.03984959781922,-1.27961630750552,-0.00252444821324289,0.119081287901486
"17892",-0.362183527859909,0.0684183080558247,-0.892151765188459,-0.871941228271381,-0.971642409279192,-0.0590298355567515
"17893",1.33052824507209,-0.973987429191438,-1.56549288872606,-1.09060591365504,-0.736056821648552,0.119081287901486
"17894",-0.208953352216341,1.2879548417083,0.359159060858958,-1.3097625912757,0.0183912984876292,-0.248120445860239
"17895",-0.482364194060259,-0.973987429191438,-1.66024333231063,-1.21611498527032,-0.856529062536934,0.119081287901486
"17896",-0.691288527257664,-0.973987429191438,-0.852081872432365,2.33728444500328,-0.237934796738894,0.119081287901486
"17897",0.80108969978961,0.0684183080558247,-0.23734041362441,-1.46664692325088,-0.43485806415135,-1.09747552915737
"17898",-0.0711462809796087,-0.364219162365198,-1.27991637071617,-1.38410940949049,-0.55251480252931,-0.983930397881864
"17899",0.669482452406368,-0.973987429191438,-1.26662630864465,-1.47311180409776,-0.636531173727862,0.119081287901486
"17900",0.979890673591242,-0.364219162365198,-1.52836458628384,0.00464727495105857,-1.27274910279262,1.64597172801596
"17901",-0.632696021557071,-0.973987429191438,-1.54171325793827,-1.31311779888332,-2.09703054455306,0.119081287901486
"17904",-0.710874966292572,-0.973987429191438,-1.13697730181872,-1.40455570446263,-1.43204734383562,0.119081287901486
"17905",-0.212359085050658,0.403998001147492,0.082071195681895,0.310666166529203,0.0221330493902648,-1.23182872466252
"17906",1.54922494636143,-0.973987429191438,-1.87956868095004,-1.26566625443996,-2.03857294660395,0.119081287901486
"17908",2.76889342599539,-0.973987429191438,-0.933741082160322,-1.6247287097744,-0.640986165367922,0.119081287901486
"17911",-0.831778481910818,-0.973987429191438,-0.55916599210529,-0.788918448931159,-0.43145951755457,0.119081287901486
"17912",2.18102313950305,0.678186574882064,-0.695879981740017,-0.915836023661304,-0.576758580605547,2.50717474194159
"17913",-0.339636186401697,-0.364219162365198,-0.469138090195128,-1.106179096963,-0.237934796738894,-1.79816480798182
"17914",-0.890621204717606,-0.973987429191438,-0.646303675919676,-1.60276628170676,0.111805304390266,0.119081287901486
"17917",-0.470826405274615,0.0684183080558247,-0.632288669515711,-1.78853013327778,-0.576758580605547,-1.55017629595971
"17919",-0.0405989425983386,-0.973987429191438,0.485115788952729,1.33765723598398,0.493486682951058,0.119081287901486
"17920",-0.881662042220801,2.33036057895557,1.43200286453372,-1.24484814531968,1.39299558760005,0.776835691324039
"17921",-0.282996764224457,0.403998001147492,0.103651901356827,-1.3191817315126,0.0567894901841903,-0.736859394514922
"17923",1.90043245680638,-0.973987429191438,-1.02534477615826,2.93133361060868,-1.55549248048465,0.119081287901486
"17924",-0.809391001381564,1.11082404530309,1.16055272542142,1.97650292167957,0.81833648346018,-0.768067412965734
"17925",2.76889342599539,-0.973987429191438,-0.892218970351774,3.13185156657404,-1.28308360094871,0.119081287901486
"17926",0.409388720992147,-0.364219162365198,-0.492299024551875,0.0183345891554214,-0.192040537120089,-0.165411056697695
"17928",-0.471048820480121,-0.364219162365198,-1.00567380503563,-0.806913607854792,-0.783055763192142,-1.50672501595869
"17929",-0.812240696202115,0.403998001147492,0.126175828085549,2.67517935936814,-0.978579205410554,-1.21388496655932
"17930",-0.569683013647038,0.678186574882064,0.722715832054825,1.04652046821051,1.05957110208462,-0.413790780936824
"17931",0.417770994049669,-0.364219162365198,-0.469721316420111,-1.22981458254862,-0.34804701180988,-0.977242093704671
"17932",-0.633669088081162,0.0684183080558247,0.502308312770097,-0.269388244429034,0.525897467214189,-0.979751019103522
"17934",-0.409912440866548,-0.364219162365198,-0.0217366860349615,0.701021349803333,0.145858075705496,1.64597172801596
"17935",0.459995130720025,-0.364219162365198,-1.31436365824145,-1.46448769914146,-1.18556861786936,1.64597172801596
"17936",-0.871257180888204,-0.973987429191438,-0.52856874059514,-1.41361045580273,-0.324121446514673,0.119081287901486
"17937",-0.840487427301428,1.11082404530309,1.46754520278754,2.03256020071567,1.13218266045457,-0.736727988285314
"17939",0.670531974157352,-0.973987429191438,-1.62932299761105,-0.931584822846178,-1.72127219220646,0.119081287901486
"17940",-0.430840321609667,1.5897382004434,1.41187991062898,3.02214148464169,2.40076439327681,0.452228511730416
"17941",0.381927393587278,-0.973987429191438,-0.71057211411763,2.54967219492477,-0.338986380749598,0.119081287901486
"17942",-0.850079083038892,-0.973987429191438,-1.82983701151766,0.875452301552532,-1.75925880226346,0.119081287901486
"17946",1.4092771287717,-0.364219162365198,-1.29336972526988,-1.04110853367729,-1.25249259842466,1.64597172801596
"17947",-0.550791622129338,-0.973987429191438,-1.15707810950574,0.0619344953597109,-0.645467440296527,0.119081287901486
"17948",0.55021229845356,-0.973987429191438,-0.576549234119528,3.60732249338611,-0.761807555376316,0.119081287901486
"17949",-0.91322804224329,3.1478894909578,2.72398953472936,3.63524149608769,2.52749817040405,3.29339457417339
"17950",-0.20141208665464,0.0684183080558247,-0.333144741201324,-1.14599446221314,-0.0564458861211449,-1.48244985214423
"17951",-0.530530987002739,0.0684183080558247,0.273674435586308,1.19494187333402,0.338158204068431,-1.59265296787704
"17954",-0.871556051320604,1.84096642608922,0.957210110425249,-1.50121095428734,1.31139564032671,0.0880977077224581
"17955",1.06105832265073,0.403998001147492,-0.214167662653072,0.540001521463604,-0.278419008175034,3.44228586402634
"17956",1.57075751844452,-0.973987429191438,-2.1502371892256,-0.441403765352259,-2.59373601988992,0.119081287901486
"17957",-0.261325182637927,-0.973987429191438,-1.53215646610232,-1.79901036004646,-0.240567637840134,0.119081287901486
"17958",0.240214155303839,-0.973987429191438,-0.289561073701889,1.6402565889195,-1.16748267064598,0.119081287901486
"17960",0.789885533812225,-0.973987429191438,-1.86981960567877,-1.92049255067902,-1.70296832104033,0.119081287901486
"17961",-0.712529179383526,3.1478894909578,0.480305671748733,-1.4281148604575,0.265886176976289,3.03156027427187
"17962",0.499626740151197,-0.973987429191438,-1.60285980466362,-1.92049255067902,-0.856529062536934,0.119081287901486
"17964",-0.609863710616805,-0.364219162365198,-0.366164462591712,-1.52795273356012,-0.222326564730941,-1.81686871463534
"17965",-0.549304220442514,2.05617200522099,1.05284146750908,-0.967479808788813,1.02945617221621,0.58943364098501
"17966",-0.549686496576978,0.678186574882064,0.343922184461311,-0.167063808521703,1.42250315918596,-0.558818161022222
"17967",2.76889342599539,-0.973987429191438,-1.52785547161989,-1.92049255067902,-1.27274910279262,0.119081287901486
"17968",2.76889342599539,-0.973987429191438,-0.824449818135202,-1.8912257485817,-0.725996093146608,0.119081287901486
"17969",0.74036339821119,-0.364219162365198,-0.947389390226426,-0.156505939860892,-0.721015262858195,-1.48044711549892
"17970",1.18781413836387,-0.973987429191438,-0.206108751825848,0.0483584843503835,0.199425253513515,0.119081287901486
"17972",1.49132053770287,-0.973987429191438,-1.37609157267802,-1.57661514802611,-1.79924560807067,0.119081287901486
"17973",-0.409620520909321,-0.973987429191438,-0.627377096801206,0.221825257214208,-0.610336374569614,0.119081287901486
"17974",-0.680292875535441,0.0684183080558247,-0.0220403606967281,-1.63183232259777,0.179967124137296,-1.06202750464023
"17975",-0.771135586034463,1.95241544805075,1.50167567408252,-0.230272259227078,1.04563357531597,0.322258932880527
"17976",2.76889342599539,-0.973987429191438,-0.6653947616449,-1.34336579817615,-1.09103647554054,0.119081287901486
"17977",-0.631020957040601,-0.973987429191438,-0.756061894863156,-0.356762209291619,-0.107816932867896,0.119081287901486
"17978",2.73163978263484,-0.973987429191438,-0.720441788605562,0.352505097457538,0.178449493468174,0.119081287901486
"17979",-0.57039196211459,0.403998001147492,0.0105080025822206,-1.40814360513718,-0.0220518449104801,-0.87578039602496
"17980",0.730764791998554,0.0684183080558247,0.0947995236178701,0.442921463915811,0.415350536122025,-1.05497876387413
"17984",0.528936893951838,-0.973987429191438,-1.27658709241624,-1.9182284944809,-1.05167150676947,0.119081287901486
"17985",-0.701470973384754,-0.973987429191438,-0.111595369678767,0.569611013251475,-0.632102158863072,0.119081287901486
"17986",-0.361161808009614,-0.973987429191438,-2.1502371892256,0.130297001286428,-2.59373601988992,0.119081287901486
"17987",0.929958459955054,-0.973987429191438,-1.06139553109887,-0.232299111726599,-0.312435463753509,0.119081287901486
"17988",-0.81014860317532,1.11082404530309,-1.05093910610144,-1.41103555955514,-1.66763293146626,-0.567304758328239
"17990",1.44149953166944,0.0684183080558247,-0.112259856055356,0.183379040028928,0.0369184095957622,-0.448656082661788
"17991",1.32963858425006,-0.364219162365198,-1.67837286852633,0.00275678150684797,-2.06723951461186,1.64597172801596
"17994",0.290521694599319,0.403998001147492,-0.0567563529885322,-0.894476405650095,0.172348465509023,-0.470961987894356
"17995",1.89157060096199,-0.973987429191438,-1.84465735929716,0.853412762951488,-0.821733334724261,0.119081287901486
"17997",-0.181776994293528,1.2879548417083,0.821521391461865,-0.514209122713523,1.32896663854124,2.40323795828968
"17999",-0.551980153383763,-0.364219162365198,-0.528007110517562,-1.65237449028243,-0.445145904001139,-1.81686871463534
"18001",-0.802238962429499,-0.364219162365198,-0.45621257708585,-1.07012260079169,-0.064770066934981,-0.259570471562585
"18004",2.70173883844458,-0.973987429191438,-1.24897424280975,-1.63147858586083,-1.25249259842466,0.119081287901486
"18005",-0.890572551391401,-0.364219162365198,-0.953629237077346,-1.63032279054037,-1.14981736521499,0.753975305403775
"18006",-0.692490959462433,-0.973987429191438,-0.399713094131734,0.0964212377294441,-0.441701118517711,0.119081287901486
"18008",-0.221422504675044,1.44640373839476,0.883603019399156,1.60440988209662,1.05335485041571,0.281573810258812
"18009",1.43071239420238,-0.973987429191438,-0.881170504334864,-0.969851370698224,-0.868491103413878,0.119081287901486
"18010",1.6413743461928,-0.973987429191438,-1.16583853762121,-0.4654788488592,-1.41949211753438,0.119081287901486
"18011",2.76889342599539,-0.973987429191438,-1.59983900054434,-1.78068685788018,-1.29356064839624,0.119081287901486
"18013",0.629774387748304,-0.364219162365198,-1.10931200219173,-1.27153395862928,-0.245860857150927,1.64597172801596
"18014",-0.641863698309038,-0.973987429191438,-1.22698664273486,-1.38862779151198,-1.34822984000231,0.119081287901486
"18015",-0.881801051724242,-0.973987429191438,-1.47328263386301,-1.92049255067902,-0.696589560250936,0.119081287901486
"18016",-0.600974052871721,0.678186574882064,0.587981266849612,-0.500343221695275,0.725921758791569,-1.08667815796724
"18017",-0.111730105509355,0.0684183080558247,-0.266385653102637,2.71642055793919,-0.207032613880708,-1.24336151213362
"18018",0.157934430216814,-0.364219162365198,-1.4590485606508,-1.6448268491424,-1.48445252811068,-0.586997339845797
"18019",-0.41028776652584,-0.973987429191438,-2.1502371892256,-1.0106170489398,-2.59373601988992,0.119081287901486
"18022",-0.570669981121473,-0.973987429191438,-0.136223475436353,-1.76353721238114,0.43835308964595,0.119081287901486
"18024",0.600380828245598,-0.364219162365198,-0.507976125365338,-0.00413938448516258,-0.576758580605547,1.64597172801596
"18027",0.0607598368360324,-0.973987429191438,-1.50604358912827,-1.37254362501862,-1.22308606552899,0.119081287901486
"18030",-0.882551703042826,-0.364219162365198,-0.938632723593188,0.378448504428737,-1.33697668755499,1.06965816668244
"18032",2.42076587961344,-0.973987429191438,-1.87290908396083,-0.276889158848602,-1.68509516941918,0.119081287901486
"18033",-0.272376438161527,-0.973987429191438,-1.67428050014914,-1.92049255067902,-0.338986380749598,0.119081287901486
"18034",-0.710631699661549,-0.364219162365198,-0.449216547553236,-1.7453152389932,0.264531004632502,1.64597172801596
"18035",-0.570628278270441,0.0684183080558247,-0.0105556827048103,-0.287268437973278,0.297705442828114,2.72931773593378
"18036",-0.601495338509626,0.0684183080558247,-0.480331396118772,-1.62668369215227,-0.401538077466741,-1.16465004541356
"18037",0.619988118706022,0.910009710803488,-1.91230648746402,-1.77692372841292,-2.22946482631838,-0.142378175814846
"18040",-0.73146922422743,-0.364219162365198,-0.579670195600253,0.0109281923775437,-0.741137602446644,-1.6053338383828
"18041",-0.810419671707031,2.63214393769067,1.4275678138766,-0.843127744898513,1.71073802655601,1.3115794604979
"18042",-0.390124438051651,-0.973987429191438,-1.21282957863763,0.279111026137374,-1.86347319283305,0.119081287901486
"18043",-0.680786359272659,0.0684183080558247,-0.256558585504221,-1.55513271178512,-0.300926548164244,-1.61143486100562
"18044",-0.881641190795285,1.5897382004434,0.872800244494073,-0.146104603955756,0.730342181920395,-0.18980658979158
"18045",-0.470736049097377,-0.973987429191438,-1.14941955329179,-1.66022226019086,-0.793907003413984,0.119081287901486
"18048",1.10986455930905,-0.364219162365198,-1.17768181851555,0.330242899579699,-0.856529062536934,1.64597172801596
"18050",2.67144866764467,-0.973987429191438,-1.86301958412607,-0.262748021701432,-1.72127219220646,0.119081287901486
"18053",-0.218836927911032,-0.973987429191438,-0.722900440068533,-0.253331841265231,-0.202002304785828,0.119081287901486
"18055",-0.851608187576748,1.5897382004434,1.83999274380543,0.0163309470375278,1.38652059330959,-0.218749975075666
"18056",1.96081818510137,-0.973987429191438,-0.56497243097199,0.0320160998183889,-0.473281487088997,0.119081287901486
"18058",-0.829179004196462,-0.973987429191438,-1.18786743177949,1.33814322170677,-1.13255357896724,0.119081287901486
"18059",-0.692470108036917,0.0684183080558247,-0.705466963257829,-0.105542116256493,-0.321183052532201,1.68515690631323
"18061",-0.71020077020088,1.5897382004434,0.884854615575614,1.08523429360182,0.670767174142033,-0.13452421768746
"18062",0.809680487102295,0.0684183080558247,-0.00295300771535014,0.426789018474998,0.00323720189468031,-0.845352674419063
"18064",0.408554663971498,-0.364219162365198,0.0973803638105055,2.21765395293041,-0.0200763590187748,-0.749882658542553
"18065",-0.869992194406887,2.05617200522099,0.984740883310961,-0.0756019809151616,0.725921758791569,0.426674533671978
"18066",-0.17146943961334,-0.973987429191438,-0.675121775734661,0.637055490922333,-0.978579205410554,0.119081287901486
"18067",-0.521968001590743,-0.973987429191438,-0.494286464360162,-0.640447446924753,-0.55650207623759,0.119081287901486
"18068",1.9706670084202,-0.973987429191438,-1.60853380341187,2.0529173563153,-2.59373601988992,0.119081287901486
"18069",-0.662124333435637,0.678186574882064,0.84091298223797,-1.60158887536379,0.902476157105692,-0.968474888587218
"18071",1.65157764374541,-0.364219162365198,-0.384480429754633,-0.03242284852417,-0.315340147588534,-0.828055729065465
"18072",0.931473663542567,-0.973987429191438,-0.881004740255368,-0.354597254757294,-0.237934796738894,0.119081287901486
"18073",0.219480887865539,1.84096642608922,1.37839292367407,1.26940563753395,1.56506422594613,3.44228586402634
"18074",2.76889342599539,-0.973987429191438,-0.320627790500106,0.841010943969557,-0.55251480252931,0.119081287901486
"18075",-0.691858466221774,1.5897382004434,1.05681005524417,-0.0148614770574341,0.994993273438505,-0.0945333794191653
"18077",-0.84123112814484,1.72059231212933,1.04814680011712,-0.550805247766671,1.1681080103668,-0.0318095185777773
"18078",1.25016685113255,-0.364219162365198,-0.629597116104753,-0.550666603301174,-0.756587095670656,0.85154829095147
"18079",-0.471709115621468,0.403998001147492,1.32401872992072,0.541784354326101,2.21986157452789,-0.67135593987608
"18080",-0.738850628860174,-0.364219162365198,0.438016838363843,3.63524149608769,0.369510148629856,-1.59711474589389
"18081",-0.562225153787402,0.0684183080558247,-0.611906654161906,0.0958488340366015,-0.53288647785026,-0.0228592004331245
"18082",-0.670756823599355,-0.973987429191438,-0.0495380590331752,-0.749466050163034,0.328245190323484,0.119081287901486
"18084",-0.761335416041837,-0.973987429191438,-1.70381355557682,1.90940422575988,-0.177338647884086,0.119081287901486
"18085",2.38083539974987,-0.364219162365198,-0.0386073363122385,0.289805193007488,-0.300926548164244,0.791676887573136
"18086",1.82106498081646,-0.973987429191438,-1.61142576543949,-0.29462357494792,-0.992645790695733,0.119081287901486
"18087",0.0588554066388838,-0.364219162365198,1.41915544600819,3.63524149608769,1.74026476765528,-1.46798553273637
"18088",-0.310833417288618,-0.973987429191438,-1.20798331534435,-1.58091105692326,-0.985579936047842,0.119081287901486
"18092",-0.901158125078471,1.72059231212933,2.0817271313766,2.05521695496012,1.80452387022473,-0.0567679742787816
"18093",0.00859652066960885,0.403998001147492,0.879832869983188,1.37612086047119,0.956714130891736,-0.783483213968026
"18094",-0.10890126211432,1.11082404530309,1.17564271891272,1.00439647133464,1.40668745657315,0.118844703953786
"18095",2.20170080313998,-0.364219162365198,-0.181274153707812,0.468011972781856,0.046015211702848,1.64597172801596
"18096",-0.810871452593216,0.0684183080558247,0.132067979802687,-1.61653874056422,0.524935372218924,1.29031869301737
"18097",-0.850294547769226,0.910009710803488,1.07262267725711,0.35442139345554,1.09128290514177,-0.916980487019497
"18099",0.348829230817857,-0.973987429191438,-1.19681748018672,-0.854126860417987,-0.736056821648552,0.119081287901486
"18101",-0.811239827777336,-0.364219162365198,-0.968498282879509,-1.35941770340929,-1.14113642618821,-1.08034195558341
"18102",-0.91322804224329,3.1478894909578,2.72398953472936,3.63524149608769,2.52749817040405,3.44228586402634
"18104",-0.551222551590007,-0.973987429191438,0.0350998231656114,0.0755584254981397,-0.064770066934981,0.119081287901486
"18105",-0.550367643143842,-0.973987429191438,-1.5191044389883,-1.22607570278496,-1.6175329808186,0.119081287901486
"18106",2.37203609818202,-0.973987429191438,-0.442921847042231,-0.569327389711293,-0.862486535407515,0.119081287901486
"18108",1.62073838540691,-0.973987429191438,-0.806389114900077,-0.182505582913874,-1.16748267064598,0.119081287901486
"18109",-0.910485662759396,2.94012884578181,1.97902074616205,-0.0303649188880581,1.80058453425248,1.79295983818377
"18110",-0.73073247385919,-0.973987429191438,-1.06044693643317,-1.39529795909374,-1.28308360094871,0.119081287901486
"18112",-0.801689874890905,-0.364219162365198,-0.590105321475026,-0.369973827491192,-0.33003255725888,-1.252350691205
"18113",2.76231918004438,-0.973987429191438,-1.84231071286886,1.70079578415104,-1.28308360094871,0.119081287901486
"18114",1.98130123543348,-0.973987429191438,-0.977021198308604,-0.986484232037224,-1.48445252811068,0.119081287901486
"18116",-0.249662285299185,1.2879548417083,0.545376055068869,-1.75158072615241,0.570701051291039,-0.260523477009194
"18117",-0.670770724549699,-0.973987429191438,-0.681211253120003,-1.6044790167563,0.324494200492225,0.119081287901486
"18118",-0.820379702628615,2.94012884578181,1.6884928520382,-1.58851928475412,1.50471451808309,1.85695154706388
"18119",2.7525329110021,-0.973987429191438,-1.13865264285417,-1.23860563137044,-0.874543517087933,0.119081287901486
"18120",1.22046747072228,-0.973987429191438,-1.53603931639298,-1.18699428013806,-1.90952207309304,0.119081287901486
"18121",0.570264419324997,-0.364219162365198,-0.0834929011678384,0.145802044854918,0.0796223322782658,1.64597172801596
"18122",-0.84106431674071,0.910009710803488,0.747213518972778,-1.46544804963209,0.85971437389994,0.591040663694134
"18123",-0.681446654414006,-0.364219162365198,-0.18926426113225,-0.114538965067199,0.295104159815833,1.64597172801596
"18125",-0.630610879005449,0.403998001147492,0.368510924300682,-1.29771887855156,0.536400856285666,-1.17524209146243
"18126",-0.320272162572296,-0.973987429191438,-1.05175443700001,-1.73052061397052,-0.81048018227694,0.119081287901486
"18127",-0.731364967099849,0.0684183080558247,-0.603272888768481,-1.0314585550211,-0.564539970262489,-0.302185491692717
"18129",1.5105038491778,-0.973987429191438,-1.52582215440198,-0.96173324050634,-1.58587948840637,0.119081287901486
"18130",-0.771642970722024,0.0684183080558247,0.314146086255209,-0.243052639890325,0.558825330534332,1.82446982088535
"18133",1.20024853844671,-0.973987429191438,0.208299043790785,3.63524149608769,0.933460052650572,0.119081287901486
"18135",-0.633550930003236,0.678186574882064,-0.0482466643439248,0.720966919730018,-0.092471483736534,-0.0143787860519711
"18136",-0.291643155338519,0.0684183080558247,0.0668391706809715,0.121174081505299,-0.0300055709595364,-1.35723575607233
"18138",2.03071216343176,-0.973987429191438,-1.27674787704697,0.0284246536827609,-1.75925880226346,0.119081287901486
"18139",-0.749985290085838,0.910009710803488,2.02244146613999,1.25714021601071,2.00779626271121,3.44228586402634
"18142",0.650153180952828,-0.364219162365198,0.282583373523597,1.55899665051797,0.890672129387164,0.182355091884208
"18143",0.240297561005904,-0.364219162365198,0.266809641930035,-0.149636712160791,0.279306559603923,1.64597172801596
"18144",-0.850920090534713,1.84096642608922,1.13979803943039,1.54474609349356,0.929514205349938,0.0882961358081457
"18145",-0.800292829381318,0.403998001147492,1.13200944937992,-0.423651363930491,1.43828556245916,-1.22395680319333
"18146",0.480499032477647,-0.364219162365198,-1.2364766439683,-0.175654525328386,-0.716066881205846,-0.380020533639155
"18147",-0.470173060608439,-0.364219162365198,-1.14484010603097,0.378086116854812,-0.502499469928541,0.0290644988403168
"18149",-0.420254747922596,0.0684183080558247,-0.137082754990933,0.859907844542345,-0.18220772800089,-1.21430416356207
"18150",-0.602391949806824,0.0684183080558247,-0.200590971474673,-0.229378871866225,-0.130291172817766,-0.885379342812877
"18151",0.420676292671597,-0.364219162365198,-0.0834299687050887,-0.094043445807059,-0.0795605684111332,-1.25982003496814
"18154",-0.892588189191303,-0.364219162365198,-0.488379633376773,0.0239564603104328,-0.33003255725888,0.94529068920106
"18155",-0.170649283543036,0.0684183080558247,-0.547165998820983,-0.263935950135225,-0.298076361340787,-1.18013687141398
"18156",-0.800723758841986,-0.364219162365198,-0.0558429916311581,-1.3635786155828,-0.25119122216421,-1.81686871463534
"18158",-0.832383173250789,-0.364219162365198,-0.383755140695532,-0.389693434315187,-0.0816972052551916,-0.369605299288771
"18159",2.09093803079779,-0.973987429191438,-0.255224046323316,0.252143039221328,-0.788462005923606,0.119081287901486
"18160",-0.351764765576968,-0.364219162365198,-0.102902380043877,-0.152174501835649,-0.222326564730941,-1.17246998678963
"18161",-0.772477027742673,0.678186574882064,0.663006864893534,0.0976426941305473,0.547695843552329,-0.981624350778521
"18164",-0.55072906785279,-0.973987429191438,-0.487433526160802,-0.13151363315249,-0.576758580605547,0.119081287901486
"18165",0.850299064007902,-0.973987429191438,-0.716251713370806,0.576846201104101,-0.333005453019523,0.119081287901486
"18167",-0.692101732852797,0.0684183080558247,0.534601539274119,0.833515938311041,-0.0240324820098191,0.294172631744555
"18168",0.837802109648511,0.910009710803488,0.388826519303161,-0.845979353903145,0.308022394606972,-0.0383149024406596
"18169",-0.320265212097124,-0.973987429191438,-1.04472838844399,0.224324555054521,-1.40714105032514,0.119081287901486
"18170",-0.591451901885978,0.0684183080558247,0.250316756824925,0.386336163428241,0.0277113405367219,-0.991474876948688
"18171",-0.338996742685866,0.678186574882064,0.437889869162767,0.239286930813799,0.150600487971797,-0.851704195204155
"18172",-0.780205956134021,2.56218371487699,1.93211403344454,0.914129187301072,1.58487611865215,1.8673692479738
"18173",-0.0596779969456847,0.403998001147492,0.879957908421655,1.55889917259309,0.856610267016718,-0.631988192539741
"18174",-0.852657709327732,-0.973987429191438,-1.59029327880337,2.08039176436169,-1.55549248048465,0.119081287901486
"18176",2.66088394538312,-0.973987429191438,-0.343176324684644,-0.187115682434784,-0.25119122216421,0.119081287901486
"18177",-0.611531824658103,0.910009710803488,0.508036010257669,-0.0164311503196437,0.444799300022862,-0.272078912944131
"18178",0.361492996581377,0.403998001147492,0.648707261705756,-0.149348838184365,0.692694541254157,-0.942331538134816
"18179",-0.832410975151477,0.910009710803488,0.747264013073826,0.0794276630777988,0.939061655450735,-0.840014800242281
"18180",-0.879229375910574,0.910009710803488,0.77016016618956,-0.215711703796484,1.11776408623652,0.652719834727249
"18181",-0.681759425796749,-0.973987429191438,-0.557776726070086,-0.842960849249426,-0.821733334724261,0.119081287901486
"18183",1.34987836795114,-0.364219162365198,-0.110658183054843,-0.101597057448967,-0.0461673274206313,0.596989077406333
"18184",-0.771976593530284,-0.973987429191438,-2.1502371892256,1.17972495806118,-1.41949211753438,0.119081287901486
"18185",1.57079227082038,-0.973987429191438,-0.711408070898523,-0.0469719443368489,-0.580875522376374,0.119081287901486
"18188",-0.772518730593706,0.0684183080558247,0.837546692784549,0.492143427513625,0.823552462049314,-1.42525366694801
"18189",-0.150270490338511,-0.364219162365198,0.337764219737996,-0.17580445669048,0.273966826560975,-1.45825225412234
"18190",0.999838537335098,-0.364219162365198,-0.766611018135502,0.0211605449744055,-0.783055763192142,-1.13311134181598
"18191",1.69154982646001,-0.973987429191438,-1.02416064126931,0.554400790830612,-0.783055763192142,0.119081287901486
"18192",-0.209161866471504,-0.973987429191438,0.23135117430968,0.157771638147829,-0.114489660089869,0.119081287901486
"18193",0.729951586403422,-0.973987429191438,-0.893294999475456,-0.235322343977939,-0.874543517087933,0.119081287901486
"18194",-0.100567642383003,-0.973987429191438,0.244868821505579,2.43831801392234,0.357604357902692,0.119081287901486
"18196",0.0283428206334741,-0.364219162365198,-0.0425740895244472,-1.48261930907029,0.0674130745082658,-1.48096169666778
"18198",-0.881801051724242,2.33036057895557,1.65875594298354,0.721939215000443,1.77204914688805,1.01311091431084
"18200",0.137444429409537,-0.973987429191438,-1.28916910298458,-1.46769731043343,-1.00697779885326,0.119081287901486
"18202",1.07098360119646,0.0684183080558247,0.541778588928915,0.115642013248885,0.293800169972467,-0.269344134557875
"18203",0.650236586654893,-0.973987429191438,-1.23611942614731,-0.907511564226467,-1.66763293146626,0.119081287901486
"18204",-0.212018511767226,0.0684183080558247,0.82691038200098,-0.686117549612051,0.837714419521133,-0.39784844009455
"18205",-0.560918464455052,-0.364219162365198,-0.275298036018218,-0.166043284687771,-0.5446025028879,1.07310258554515
"18209",-0.640466652799451,-0.973987429191438,-1.35278014788313,-0.0808806810886229,-1.44481359219607,0.119081287901486
"18210",-0.910249346603546,0.910009710803488,1.05983994996697,0.0578045187074594,0.959978780174681,-0.54350369879408
"18211",-0.668845442927034,0.678186574882064,-0.153376205312519,-0.309926822138261,-0.0710736209311161,-0.737089547917807
"18212",2.34040448567391,-0.973987429191438,-0.992170858274381,-1.21751967179971,-1.09916033797674,0.119081287901486
"18213",1.44207642110872,-0.973987429191438,-0.932152243044474,-0.215338031227931,-0.401538077466741,0.119081287901486
"18215",-0.0315911267753294,-0.973987429191438,-0.724762967993866,0.250912464718003,-0.91190714257263,0.119081287901486
"18216",-0.612442336905644,-0.973987429191438,-0.333912078185292,-0.00617710768784639,-0.513752622375861,0.119081287901486
"18217",-0.63095145228888,-0.364219162365198,-0.12419418196781,0.0872487157657714,0.166198035976103,0.898049056241011
"18218",1.19080284268786,-0.364219162365198,-0.0979429062516971,0.648199843171929,0.232675471017536,-0.160492597824577
"18219",-0.900525631837813,1.5897382004434,0.865345211637249,-0.0300973681264112,0.613008443949081,-0.237065355613658
"18220",1.34253171569426,-0.973987429191438,-0.7086338048912,2.55258222020664,-0.237934796738894,0.119081287901486
"18221",-0.701582180987507,0.678186574882064,0.300219936391361,-0.158288615481945,0.527818009064696,-0.291154658754724
"18222",0.000659078023099117,-0.973987429191438,-0.402823407898021,0.265777033881778,-0.12347880520617,0.119081287901486
"18223",-0.879451791116081,2.05617200522099,1.80557272189863,0.29224664469739,1.52639944168422,0.456525531777122
"18224",1.71224834152245,-0.973987429191438,-1.24365373229532,-0.185891364785507,-1.31495851120166,0.119081287901486
"18225",-0.89123979700792,1.84096642608922,1.67071883246159,0.11105976326629,1.59858379808063,0.109164983075893
"18226",-0.480946297125156,1.72059231212933,1.62822158804601,0.175196544096655,1.64931637624468,0.348343166270661
"18227",1.25106346242975,-0.973987429191438,-1.67488871452649,0.00779170893274136,-2.19412943674432,0.119081287901486
"18228",-0.359069714982819,-0.364219162365198,0.062180333010487,0.395515570541293,-0.382225836414074,1.64597172801596
"18229",-0.809648168962931,2.56218371487699,1.9005028934069,1.03953141460281,1.39758702147098,1.1911911155919
"18230",-0.831152939145331,1.11082404530309,1.11710175973727,0.669778074681113,0.914099549904719,-0.45612374094792
"18231",1.00004705159026,0.678186574882064,0.866140247512214,-0.118123450347231,0.554207845814775,1.04723539049165
"18232",-0.109881279113583,0.403998001147492,-0.163162296292326,-0.176294320188896,-0.202002304785828,0.18668026611756
"18233",2.33352351525355,-0.973987429191438,-0.408406925375444,3.63524149608769,-2.59373601988992,0.119081287901486
"18235",-0.208564125606705,0.0684183080558247,0.748781980108829,-0.0885719212510052,1.05191307732125,-0.680628710323858
"18236",-0.628782904035193,0.910009710803488,0.163602333421894,-0.0399130742389584,0.0165134881438263,-0.16763393906634
"18237",-0.90098436319917,0.678186574882064,0.255995648553482,-0.164998362018391,0.345508976571231,0.36763278504208
"18239",1.26096788954996,0.678186574882064,0.633459574595647,-0.0569564709111055,0.531644585909372,0.0724549758217306
"18240",-0.460720414374417,-0.973987429191438,-0.441598662139182,1.60250683263758,-0.862486535407515,0.119081287901486
"18241",-0.830652504932942,2.33036057895557,0.866664551069883,0.0799875739280357,0.743451165148579,2.17288251464305
"18242",-0.200751791513293,0.403998001147492,0.927643726425107,0.51062289139063,0.718496734884872,-0.173558237573294
"18245",-0.851768048505706,1.11082404530309,1.04260144197247,-0.279347718541912,1.14675732459921,-0.713091715614924
"18246",-0.690384965485294,-0.364219162365198,-0.15883380763668,2.5230461078229,-0.654510093489157,-1.54441271187802
"18248",0.301100317811217,-0.364219162365198,0.0872332182228607,-0.0999630339172757,0.196463948019174,0.00306716037427102
"18249",-0.751813265056094,-0.973987429191438,-1.66118313451928,-0.518878898305535,-0.850617951792726,0.119081287901486
"18250",2.18150272228993,-0.973987429191438,-0.598107528312755,-0.132932468660404,-0.517541028718898,0.119081287901486
"18251",-0.051177565810237,-0.973987429191438,1.47012543557751,3.25505053500364,2.26763540704617,0.119081287901486
"18252",-0.420525816454307,-0.364219162365198,-0.273853503853736,-1.36824001598875,-0.395045953353471,-0.975054170205582
"18255",-0.0304164964712485,-0.973987429191438,-1.59580209983402,-0.092459506238671,-1.26255332692661,0.119081287901486
"18257",-0.531490152576486,1.2879548417083,0.965527667767913,0.0726693700929878,0.736196344981082,-0.00745107986223374
"18259",-0.68068905262025,0.0684183080558247,0.96586918954629,1.31560928834784,0.450129665036144,-1.61131218614564
"18260",0.800575364626877,0.910009710803488,1.06202599384729,0.069781336768394,1.00067525360256,0.0602426248310289
"18261",-0.491789038393593,-0.364219162365198,-0.659167440337424,-0.219756838995393,-0.751402270779913,0.388436819524885
"18262",0.478858720337037,-0.973987429191438,-1.29391683594793,-0.55978668186895,-0.585014899907927,0.119081287901486
"18263",-0.669192966685638,0.0684183080558247,0.425669820506078,0.0772771906316854,0.99706436919258,-1.23301819399249
"18265",-0.200939454342939,-0.364219162365198,0.0846613825245229,-0.0784119350550201,-0.179769286429304,-0.497133324157958
"18268",0.417492975042786,-0.973987429191438,-2.1502371892256,0.372481535597079,-2.59373601988992,0.119081287901486
"18269",2.7417318725847,-0.973987429191438,-1.19540805524457,0.304446000361484,-1.2425633864839,0.119081287901486
"18270",-0.541144362590498,-0.364219162365198,-0.770399129068403,0.383707662364094,-1.02899597520659,-1.61159572009557
"18272",-0.900942660348137,0.910009710803488,1.19219594839503,-0.00510937809654183,1.25056880151185,-0.411173766722175
"18273",-0.901172026028816,0.0684183080558247,-1.03928697058671,1.55957207835691,-1.2040957289775,-1.3531382594498
"18274",-0.622506624954809,-0.973987429191438,-1.16060834566004,-0.178736625853683,-1.13255357896724,0.119081287901486
"18276",-0.489829004395068,-0.973987429191438,-0.630256955994685,0.299703914748361,-0.568591040650164,0.119081287901486
"18277",-0.341561468024362,-0.973987429191438,-1.54171325793827,-0.350328546004545,-1.32588782058408,0.119081287901486
"18278",-0.190013307372437,-0.973987429191438,-1.17006557345365,0.0432216203155678,-1.34822984000231,0.119081287901486
"18280",1.85263403904802,-0.973987429191438,-1.13910602336294,-0.0363216842372857,-1.63386853293248,0.119081287901486
"18281",0.881367688027078,-0.973987429191438,-1.79572237839189,-0.555105666293579,-1.49813891455725,0.119081287901486
"18282",-0.850482210598872,-0.364219162365198,-1.15075237004118,-0.266072392762748,-1.01424650405576,-0.952905613452085
"18283",-0.890649006618294,2.24440155006565,0.855647855323354,-1.92049255067902,0.937385507884485,0.864079889214737
"18287",-0.499246898253229,0.0684183080558247,0.767266638095556,0.406958710516949,1.05575174068869,-0.801605379799489
