"CustomerID","PC1","PC2","Cluster"
"12346",2.00569503813018,3.57604365169326,"3"
"12347",2.40747124476835,-0.657767687858394,"3"
"12348",1.48151177396999,0.0679832031144764,"4"
"12349",0.401772086872641,-0.0126126371037593,"4"
"12350",-1.882023821699,1.08742740925573,"1"
"12352",1.61513626475183,0.113048668416418,"3"
"12353",-2.99032033537591,0.633423639470897,"1"
"12354",-0.687005397412891,0.750185351444605,"1"
"12355",-1.22677593576296,1.09938775652357,"1"
"12356",1.47896071149478,-0.512064537515675,"4"
"12357",1.61681582982793,0.622185974166631,"4"
"12358",0.248801516742438,-0.260034670707919,"4"
"12359",1.83194784902414,-0.526059703742868,"4"
"12360",1.15880842998951,-0.489314203499446,"4"
"12361",-2.37141935650311,0.930148044724295,"1"
"12362",2.74963400679454,-0.184972879187999,"3"
"12363",-0.409327536521644,-0.434815512731493,"4"
"12364",1.32457988206513,-0.263265677185532,"4"
"12365",-1.06528811787273,2.28731049929655,"1"
"12367",-1.19445368124285,-0.530632444617225,"2"
"12370",1.70640561843946,-0.812075384578329,"4"
"12371",0.79496995381929,1.23130167903873,"2"
"12372",0.597338944875228,-0.628679241122288,"4"
"12373",-1.80298376168779,1.30421254696245,"1"
"12374",-0.268514506484592,-0.0758250899030186,"2"
"12375",-0.412216300760944,-0.455067358361993,"2"
"12377",-0.152259734446603,1.79252975092631,"1"
"12378",0.899878281724386,0.331008993725532,"4"
"12379",-0.08783198498342,-0.282842835202618,"4"
"12380",1.49951474463896,-0.280046991520701,"4"
"12381",1.44960230697637,0.142621979332382,"3"
"12383",0.988514851599711,0.404154170539258,"4"
"12384",-0.546251909962718,-0.569010803194191,"2"
"12386",-1.1003307239996,2.70668501940366,"1"
"12388",1.87546762763798,-0.491908458051273,"4"
"12390",-0.625682310625335,-0.0427225706397624,"2"
"12391",-0.785478834077626,-1.20886120618036,"2"
"12393",0.87958456812212,-0.523809994213636,"4"
"12394",0.505338955566177,-0.20127673661984,"4"
"12395",2.55113286250385,-0.161803381901506,"3"
"12397",0.970566131496945,-0.630484440865026,"4"
"12398",0.560043705678581,-0.0634867249983638,"4"
"12399",0.733548332241975,0.022472829599271,"4"
"12401",-3.60409659981003,0.884423958489246,"1"
"12402",-2.39674480237448,1.16072786624405,"1"
"12403",-0.901284567341581,1.01500847914239,"2"
"12405",0.0961167844235971,0.782344233826576,"4"
"12406",1.35670392600242,-0.650510245307781,"4"
"12407",1.3908421260076,-0.35309095936314,"4"
"12408",1.71231790170952,-0.299069151736616,"4"
"12409",2.6457393653487,1.25442482374667,"3"
"12410",-1.0272988591289,2.30258977431411,"1"
"12412",0.651642331232895,0.0117131110974978,"4"
"12413",-0.0923964005399927,-0.957466410124973,"4"
"12414",-0.544740998360296,0.976723960824944,"1"
"12415",4.93979322415391,2.55428250946376,"3"
"12417",2.31666555344484,-0.558062403969883,"3"
"12418",-0.575822788286207,0.21650352711154,"2"
"12420",-0.509686008430794,0.0255359769254331,"2"
"12421",0.50044455828335,-1.16419240136862,"4"
"12422",-0.0452250260663172,-0.693838643724265,"4"
"12423",1.82563110933563,-0.895081464997887,"4"
"12424",0.544560770197592,2.27038908076229,"2"
"12425",-0.291859390367488,0.135436999190224,"2"
"12426",-1.11458080626599,0.577777175425686,"1"
"12427",0.384416761740109,-1.08825517068509,"4"
"12428",3.02706871453165,0.19948349956234,"3"
"12429",1.79620088228037,-0.646730825364586,"4"
"12430",-1.23833077903856,-0.0206451601926885,"2"
"12431",3.22230652658673,0.543781054501525,"3"
"12432",2.198681937734,0.799865057054262,"3"
"12433",3.57490590127954,-0.407254462072817,"3"
"12434",-0.251987640358445,-1.00825677353957,"4"
"12435",1.87193296179563,1.00729445551617,"4"
"12436",-0.842038983203639,0.501736767395195,"2"
"12437",3.38680560839524,0.591323363440137,"3"
"12438",1.1452949378644,-0.585961153361381,"4"
"12441",-2.6064995096656,1.15032087776119,"1"
"12442",-1.17303270668124,-0.583409432548545,"2"
"12444",1.98374367297056,0.154980238045267,"3"
"12445",-1.65409548252103,0.116098472102708,"2"
"12446",-0.275747867772242,-0.0931045926326896,"2"
"12447",-1.51139494444969,0.749953305844352,"1"
"12448",-0.715708800562282,-0.0860709231197967,"2"
"12449",1.7734249674173,-0.413652891643268,"4"
"12450",-1.26472350403776,1.48317973176719,"2"
"12451",2.87947142228187,-0.675259383594354,"3"
"12452",-0.308191437185964,0.712589827763505,"2"
"12453",-0.595143932986245,0.188366002142988,"2"
"12454",1.13974207410611,1.92204680765566,"4"
"12455",1.8025099018038,0.0742587487558716,"3"
"12456",1.39905549947154,-0.645186564558571,"4"
"12457",1.66148843151212,0.776703108292326,"3"
"12458",0.0220385467571721,-0.849712080392511,"4"
"12461",-0.215208253853478,0.268026949235576,"2"
"12462",0.275278861670615,-1.40665156994449,"4"
"12463",0.82383895654136,-0.656181940783999,"4"
"12464",0.782138300846556,0.0710530368276712,"4"
"12465",0.0375090628567095,-1.24334342865184,"4"
"12468",-0.636187583428192,-0.203164613182342,"4"
"12471",4.98325589891624,1.73082131051728,"3"
"12472",2.68155899268519,-0.575498425530559,"3"
"12473",2.10363662437297,-0.0592778929791161,"3"
"12474",3.66587602260923,0.50080603329832,"3"
"12475",-0.217187625472915,-0.0348191708102573,"2"
"12476",2.97594129927246,0.0900340496403577,"3"
"12477",3.01114751127626,0.0659485819735043,"3"
"12478",-0.4078961834658,-0.305524793282751,"2"
"12479",-0.36940730234208,-0.365034630448346,"2"
"12480",1.62361588267696,-0.917995355272912,"4"
"12481",2.88705644032066,-0.079760463428425,"3"
"12483",1.96140982780232,-0.124086216815466,"3"
"12484",2.08456481880195,-0.912939234555,"4"
"12488",0.813245005217524,0.300686104355573,"4"
"12489",-2.2077006863328,1.30439899103159,"1"
"12490",2.88986638103472,-0.211821825382751,"3"
"12491",-0.678811276318184,-0.216868704667046,"2"
"12492",-0.8100653749372,0.106656443225152,"2"
"12493",-0.799134903778264,1.30716876736666,"2"
"12494",1.24166393338707,-0.900213383733435,"4"
"12497",0.397729858742884,1.08912591492984,"4"
"12498",-0.161084085997698,1.00754820098603,"2"
"12500",2.93666416803515,0.882897217886499,"3"
"12501",-0.287528667997961,1.07932533846782,"1"
"12502",1.37887688130709,0.00678071677932818,"4"
"12504",-0.393625723444965,1.48259153302448,"2"
"12506",-3.40324327424786,-0.566010718772092,"1"
"12507",0.603672081332248,0.581037761706864,"4"
"12508",-0.404762835200755,-0.0957822732389952,"2"
"12509",-2.5504462590558,1.12413379287145,"1"
"12510",-0.320134748401322,-0.302185234008553,"4"
"12512",-1.50285536950862,-0.170602527938661,"2"
"12513",-0.582321091879346,0.125323437245158,"2"
"12514",-0.901587501928984,0.958612928657043,"1"
"12515",-2.10621253022337,1.44054722446684,"1"
"12516",0.549552946877048,0.225267241298981,"4"
"12517",1.51888135901262,-0.783001552031215,"4"
"12518",1.6786671807509,0.0146411791200683,"3"
"12519",-1.06162928910129,-0.0489935202863972,"2"
"12520",1.46218308132596,-0.270723252292147,"4"
"12521",-0.876880328199414,0.189370864242628,"2"
"12522",-0.761467170016409,0.627044054017999,"2"
"12523",1.87437887680175,-0.2422515136453,"3"
"12524",2.73330294656356,-0.187801637738644,"3"
"12526",0.822289937734655,-0.365687673351817,"4"
"12527",-0.571364753064992,-0.889236493199541,"4"
"12528",1.42477288681966,-0.720263304460429,"4"
"12530",0.989502055233493,-0.613344038444457,"4"
"12531",-2.01494585035199,-1.00733766184489,"2"
"12532",-0.954884756663127,-0.111267730059132,"2"
"12534",-0.249862857738011,0.229450058982339,"2"
"12535",-0.462674300132734,-0.313347355530539,"4"
"12536",2.67773142895757,2.36029930286323,"3"
"12538",-0.879824386867879,-0.285839042557406,"2"
"12539",1.95271801427254,-0.955528214963237,"4"
"12540",4.06604620381842,0.67824880305384,"3"
"12541",0.503477411279294,-1.11302843034382,"4"
"12544",-1.01184190920229,-0.159557138313145,"2"
"12545",0.0219379995936496,-0.908773173818078,"4"
"12546",0.498832290179307,0.73044756526681,"2"
"12547",-1.54183408766646,0.387001736388794,"1"
"12548",-2.49812347773938,0.343460563657609,"1"
"12550",-0.180863952448784,-0.0259903475699903,"2"
"12551",-2.65602650317897,1.15402676597877,"1"
"12552",-0.660451447357852,0.90156919314096,"2"
"12553",2.50667543218518,-0.304779179304524,"3"
"12556",-0.422067506249926,-1.56939339327159,"4"
"12557",3.24060989347968,1.2944354926255,"3"
"12558",-0.872019126917175,-0.14705244774885,"2"
"12559",-1.01001906186676,2.30021776337392,"1"
"12560",1.21266120858114,-0.660971786499891,"4"
"12561",-2.0914484078555,0.832810111328804,"1"
"12562",2.28207005312441,0.01728226415911,"3"
"12564",-1.71090845076713,0.95782144561331,"1"
"12565",-2.56971057018333,0.806286925155451,"1"
"12566",-0.955174405249563,0.0191590871226572,"2"
"12567",3.19729334654072,-0.215499737933222,"3"
"12569",3.66039305589299,1.92974821121079,"3"
"12571",-0.100928202998613,-0.668099070115937,"4"
"12572",0.374620159988043,0.0782915183223879,"2"
"12573",-2.44460659828918,-0.190988037046042,"1"
"12574",-2.56179141675582,1.1024919447568,"1"
"12576",1.07890797674052,-0.922757918715492,"4"
"12577",-0.10697411644645,-2.27292695782247,"4"
"12578",1.00985379598525,-1.1995977528642,"4"
"12579",-0.826482791529228,-0.149324025495672,"2"
"12580",-1.50159329881069,0.71385602440328,"1"
"12581",-1.30157631186205,-0.469372343898078,"2"
"12582",-0.895735510299022,1.12481019907648,"1"
"12583",3.61654189115922,0.326291812701429,"3"
"12584",1.65748001258777,-0.118602427380257,"3"
"12585",0.209293671606364,0.283922013187698,"4"
"12586",-1.4634443399452,-0.345590784333046,"2"
"12587",-1.63328462766224,0.111421304990316,"2"
"12588",-1.63353772261523,-0.103360365717599,"2"
"12589",-0.194059396037169,-0.880523412724502,"4"
"12590",2.00680949925019,3.26820654809452,"3"
"12591",-1.73069772599486,1.04707328736491,"1"
"12592",-0.579264521649738,-0.44346580391991,"4"
"12593",-0.540911686647707,-0.0589486146669632,"2"
"12594",2.39625454084548,0.246353706745505,"3"
"12596",-0.131174745313108,-0.967183364800602,"4"
"12597",1.83097911245705,-0.902389878956406,"4"
"12598",2.27316460723938,-0.258438483363925,"3"
"12599",1.26630988173236,-0.596798067062815,"4"
"12600",2.00645242967925,0.251634980984106,"3"
"12601",-0.255518160251475,0.631952810797375,"1"
"12602",-1.48552024048829,-0.420547865564666,"2"
"12603",-0.487019135385269,2.03409993196045,"2"
"12604",-1.03019958134845,-1.12327435242938,"4"
"12607",0.408309097057266,-0.147928753717591,"4"
"12609",0.376561613225721,-0.856562040415161,"4"
"12610",1.55792315410142,0.323354270105638,"3"
"12611",0.183757334236694,-0.0807993593880866,"4"
"12612",-0.49512394311261,0.517636220075195,"2"
"12613",1.73040745658334,-0.244279008286849,"4"
"12614",-2.20957723676936,0.78030577119419,"1"
"12615",1.5398262797352,-0.52606837919153,"4"
"12616",-0.438404890053936,-0.805928570616968,"4"
"12617",-0.9617940021631,-0.784714786687139,"2"
"12618",-1.46352132098112,-0.409853123197523,"2"
"12619",2.76766492097255,0.518404031656615,"3"
"12620",0.906787776502383,-1.16147398496605,"4"
"12621",4.32906798793096,0.772188327414874,"3"
"12622",-2.33378290001687,0.568893325274268,"1"
"12623",-1.83868121049909,0.818721128183281,"1"
"12624",-0.364714907443822,-0.127755141948865,"2"
"12625",0.562166531030737,0.473246418782284,"4"
"12626",2.88810686775856,-0.146755968262211,"3"
"12627",2.57523637193231,0.44719735123961,"3"
"12628",0.523371155558311,0.225496397901723,"2"
"12630",0.618875290914441,0.549973887210867,"2"
"12631",-0.612528961645968,0.00192859458876916,"2"
"12633",1.20389856172398,-0.577377273797932,"4"
"12635",0.627155016833947,-0.0657789100701133,"4"
"12637",2.50001922430916,-0.151990462108469,"3"
"12638",-0.172609641741787,-0.24420274876333,"2"
"12639",-1.43276951241343,0.865031829130046,"1"
"12640",0.518351879314137,0.496671545580071,"2"
"12641",-1.86848630043776,0.128151596949455,"2"
"12642",0.609295392549209,0.00135026334514735,"4"
"12643",1.96147662449492,1.67198272951379,"3"
"12644",-0.916088894355239,0.0998428615607381,"2"
"12645",1.17332688691197,-0.770731027124814,"4"
"12646",0.872797419700789,0.429293418949086,"4"
"12647",2.55102180083848,0.226971602344104,"3"
"12648",-1.47668622514994,0.182951773571138,"2"
"12649",0.0744418078385013,0.0108697765939993,"4"
"12650",-0.753327799942948,-0.485580488690613,"2"
"12651",-2.89090121237593,0.825047950176757,"1"
"12652",-1.12462987896662,1.21555381904336,"1"
"12653",0.517097364765705,0.308874188067389,"4"
"12654",0.291996174475948,-1.07903506807014,"4"
"12656",2.03135382275981,-0.183256223242667,"4"
"12657",1.47677782294009,0.995073477397042,"3"
"12658",-0.333351546915419,-0.233242014729017,"2"
"12659",-1.73057344733431,-0.317437191071363,"2"
"12660",-1.14561002082425,-0.325617129074482,"2"
"12662",2.60586948239864,-0.503229141308112,"3"
"12664",2.65559866786392,1.06756429098974,"3"
"12665",-3.33901359588166,1.11822624331767,"1"
"12667",-0.436564586191674,-0.0689156091459506,"2"
"12668",1.73922149721572,-0.980562614938515,"4"
"12669",0.895219681657485,0.499741972544799,"4"
"12670",1.83383766241201,-0.248404177296841,"4"
"12672",-2.47778370771921,1.26144109918819,"1"
"12673",-0.196569313274219,-1.73239458979922,"4"
"12674",1.27588319809384,-0.324044175961193,"4"
"12676",1.21514751025235,-0.368374652840902,"4"
"12678",4.22495896655972,1.46926654659039,"3"
"12679",0.618763941484285,-0.536969965533013,"4"
"12680",0.660241053580455,-0.348875901583687,"4"
"12681",4.33958339048714,0.795714160993302,"3"
"12682",4.51296280351872,1.28739199527161,"3"
"12683",3.64960150741503,0.244510362667526,"3"
"12684",2.08316359324954,-0.137884634280927,"3"
"12685",2.07424455746166,1.33010409832449,"3"
"12686",-2.99578550319415,0.971470735643427,"1"
"12688",1.18716360313835,0.594357046069246,"4"
"12689",0.408092813645743,-0.799251105297109,"4"
"12690",-1.65939421598222,0.777067349575239,"1"
"12691",0.871349177709773,-0.415508276571356,"4"
"12693",-0.0474384228524446,-0.134877550803655,"4"
"12694",0.0376117373310173,-0.476482242969593,"4"
"12695",0.134696368189386,-0.76625099717537,"4"
"12697",0.471963296113139,-0.51131687076127,"4"
"12700",2.12442697373081,-0.797608282629136,"4"
"12701",-0.023401426149798,-1.03665960991338,"4"
"12702",-1.58037503264146,-0.312655629751662,"2"
"12703",-1.24078826709755,-0.287156376383402,"2"
"12704",2.00842792111027,0.503371309956287,"3"
"12705",2.95999623922948,-0.379130908907702,"3"
"12707",-1.45591134053091,0.980164895909006,"1"
"12708",2.1011930246903,-0.364922561669518,"3"
"12709",3.68071219335672,0.822490055498997,"3"
"12710",0.493152948595036,-0.223053439441906,"4"
"12712",2.56727984080516,0.433222955141981,"3"
"12713",0.0357375829150155,-0.187306287806631,"2"
"12714",2.23832265990082,-0.885758183448521,"4"
"12715",-1.17861018292969,0.0566019631432981,"2"
"12716",0.412181896551462,-1.19989542091339,"4"
"12717",-0.18909906642486,-0.104284659523403,"4"
"12718",-1.24424554305954,-0.351093741498509,"2"
"12719",0.0402808183199898,-0.409335828815516,"2"
"12720",3.86643358265095,0.630107707024491,"3"
"12721",1.83044345845056,-0.839513715112736,"4"
"12722",0.649992705486643,0.899080599808281,"2"
"12723",0.801158508452116,0.532884197834783,"2"
"12724",0.619431407819478,-1.18572109511218,"4"
"12725",-2.06919751845149,1.29968775387558,"1"
"12726",2.18274422445632,-0.562133258491647,"3"
"12727",2.32891613010675,-0.332672624842484,"3"
"12728",0.277257190655027,-0.788321535846249,"4"
"12729",-0.998921697315034,0.114439311796078,"2"
"12731",4.13186679749321,0.940195358565186,"3"
"12732",-1.80541377041483,0.473883259433625,"1"
"12733",-1.71568902962439,0.662616823030397,"1"
"12734",-2.79929321467451,1.47300422117494,"1"
"12735",-0.834558948435147,2.05293543349074,"1"
"12736",-2.00019672156054,1.98388168137259,"1"
"12738",-2.60116419253458,1.07461636515405,"1"
"12739",0.296712865641394,1.26542285639328,"2"
"12740",-0.707288900977745,-0.189332030933232,"2"
"12743",-0.637009339117016,0.190806218200665,"2"
"12744",3.49233698838323,1.00105013716418,"3"
"12747",2.58941890036132,0.186912021076173,"3"
"12748",4.94221437666543,1.23659848966664,"3"
"12749",1.95396128846561,-0.546464546618897,"4"
"12750",-1.48125390826071,0.198530413289994,"2"
"12752",1.30422789906544,1.24242049246349,"4"
"12753",3.76357845365897,0.591801222491607,"3"
"12754",1.50127232475003,1.75550277883033,"3"
"12755",0.874144408079023,2.90064578811954,"4"
"12756",-1.64944121880196,0.265355316813601,"2"
"12757",3.24521225953739,0.884240155999502,"3"
"12758",0.977832804783444,-0.316656266756111,"4"
"12759",0.723524224861809,-1.02282477579209,"4"
"12762",1.21134209014047,0.993787495440791,"3"
"12763",-0.689506685552169,-0.54591815875954,"4"
"12764",-0.799311515959064,1.68471233437697,"1"
"12766",2.7737048736094,-0.657917190290682,"3"
"12769",-0.740704797512608,1.26722402059362,"1"
"12770",-0.0827027887893952,2.01251275921223,"1"
"12772",-0.161738757006302,-0.15140381724091,"2"
"12775",1.17019678889282,-0.829583406902782,"4"
"12778",1.00531959408372,-0.870871977636884,"4"
"12779",2.30662811051086,-0.205374584544161,"3"
"12781",0.145077620391414,-0.703807646642732,"4"
"12782",1.52896854415182,-0.942797396732784,"4"
"12783",1.72348535892829,1.28073052905342,"3"
"12784",-0.132217068865175,0.160053229266933,"2"
"12785",-2.25007373021422,1.42531955386305,"1"
"12787",-0.0883269550473747,-0.865425393043511,"4"
"12789",-2.67385758786968,0.0265939547363481,"2"
"12790",-1.58331141433345,0.37275655342116,"1"
"12791",-2.36904461098488,2.52213633455168,"1"
"12792",-1.60299318919661,0.701307745344339,"1"
"12793",-1.15982495324195,1.97066952611619,"1"
"12794",0.257910979601864,0.292115359750742,"2"
"12795",-1.09161173004248,0.104349455940944,"2"
"12797",-2.40893878241121,1.32314358696896,"1"
"12798",2.8095235589213,1.4742765215207,"3"
"12802",-1.16619670095583,0.42999916861698,"1"
"12808",-0.395384241339726,-1.33518247363572,"4"
"12809",-1.196354779281,0.497056105975452,"1"
"12811",-0.714864727688862,2.39781140586362,"1"
"12812",-1.22158661898375,-0.33072915164438,"2"
"12814",-1.95259937712055,0.955483587850584,"2"
"12815",-0.15650670121707,0.702778248636106,"2"
"12816",-0.783560989379806,-0.199736069310622,"2"
"12817",-2.5022387034115,1.47888776973345,"1"
"12818",-0.116739414622111,2.23437359758224,"1"
"12820",0.752215395228674,-1.33923543747253,"4"
"12821",-2.57006434060407,0.407366448921675,"1"
"12822",0.304897609517526,1.03554719661498,"2"
"12823",1.02201377363215,1.84025747589735,"4"
"12824",-0.882569539573556,-0.207370384129205,"2"
"12826",1.52306475618174,-0.984025392367223,"4"
"12827",-0.00906504021010276,0.800099199356404,"2"
"12828",1.09907022671064,0.0960646725217461,"4"
"12829",-1.28013899360095,2.3769977496949,"1"
"12830",3.40462744515585,1.99964783576664,"3"
"12831",-2.03239783283537,0.989093704331248,"1"
"12832",-0.591995365949025,-0.533199768068755,"2"
"12833",-1.31119787731024,0.257190834946183,"2"
"12834",-2.06876737771344,0.869195783421764,"1"
"12836",1.18303492408655,-0.898008047556209,"4"
"12837",-2.73317500064964,0.0159619719294308,"1"
"12838",-0.389057747441396,-2.25745450847792,"4"
"12839",3.24427818837556,-0.125354798730027,"3"
"12840",1.28510899218126,1.04159097931933,"3"
"12841",3.39297772679477,0.244556291841829,"3"
"12842",0.168660925484841,-0.694457710780978,"4"
"12843",1.44402965320121,0.124272685548947,"3"
"12844",-1.01276665289143,-1.55051822171189,"2"
"12845",-0.758273306482392,2.6851921198894,"1"
"12847",0.0545313697193537,-0.66987848826381,"2"
"12849",0.225636798387404,-1.20806375927102,"4"
"12851",-2.05406124602798,-1.17056484500179,"2"
"12852",-1.98192820806043,0.96177620855273,"1"
"12853",1.1100840713842,0.518133506262701,"4"
"12854",0.363873987796697,-1.16492870311326,"4"
"12855",-3.74052446042204,0.948224649617531,"1"
"12856",1.77501855686851,0.816531011334318,"3"
"12857",-0.482399774276595,0.379160314178632,"1"
"12863",-0.519557785547705,1.18522664868775,"2"
"12864",-1.45842768674104,0.934379633728651,"1"
"12865",0.663721561186595,-0.777891825655145,"4"
"12866",-1.59869794809679,1.05974210219129,"1"
"12867",2.35103233826067,-1.29562858631514,"3"
"12868",0.814492938447287,0.320180101460477,"4"
"12871",-0.709483051538793,-0.235811455945522,"4"
"12872",-1.20802074983871,1.20524549854224,"1"
"12873",-1.65679840551986,2.13836794790614,"1"
"12875",0.180990143349636,0.857007202233233,"4"
"12876",1.0426023581473,-0.575818413590442,"4"
"12877",1.96189218678611,-0.753816366237554,"3"
"12878",-0.351910091729486,1.6965864034612,"1"
"12879",0.386263656182575,1.57832805300029,"2"
"12881",-2.57985738330924,1.51055501909534,"1"
"12882",0.6637569269229,2.06134225110618,"2"
"12883",0.26205512960421,0.532081491563501,"2"
"12884",-1.61307339392651,0.679405716914167,"2"
"12885",0.626290059200123,0.409936561763841,"2"
"12886",0.340135588992958,-0.935449570708823,"4"
"12888",-1.3138618554786,2.10230480216667,"1"
"12890",-0.918203338864852,-1.19847019355813,"2"
"12891",-0.0208123392811618,1.58726055312444,"1"
"12893",-1.67735669129614,-1.09116007085291,"2"
"12895",-0.513985958449738,0.141278374506445,"2"
"12897",-1.53060284505826,0.823443280644593,"1"
"12901",5.24375937920204,3.15947107104136,"3"
"12902",-2.60828044736837,0.581921712151794,"1"
"12904",-0.468478551516609,-1.83812370625247,"4"
"12906",2.1798083301423,1.59693876367497,"3"
"12908",0.368584780252048,1.93161696508345,"4"
"12909",1.50783200378894,-0.32457919054549,"4"
"12910",2.3007744210073,0.514217787461363,"3"
"12912",1.76250166878735,2.7841861478146,"3"
"12913",1.78893787221803,-0.376006556205098,"4"
"12915",-1.43416150340022,-0.865974434794848,"4"
"12916",1.10352375731618,0.223562894081353,"4"
"12917",-0.739830783926727,2.34388340340724,"1"
"12919",1.34401018725509,0.109073470027368,"4"
"12920",-1.51760097345637,-1.12067310161744,"2"
"12921",4.88890613028116,1.64269818383058,"3"
"12922",-1.05996269985631,0.189770103495769,"2"
"12923",-1.90795545260202,-0.882665261559674,"2"
"12924",0.416211060066134,-0.240028819259625,"4"
"12925",0.191089859968872,-0.640026716640875,"4"
"12928",1.5095423796017,-0.687921057390491,"4"
"12929",-3.06863203586913,0.83511792777198,"1"
"12930",-0.638048434685897,-0.561199179026886,"2"
"12931",4.74307920763927,2.51188243029779,"3"
"12933",0.000370898688157303,-2.01487911478296,"4"
"12935",1.94523450700625,-0.820937828551701,"4"
"12936",0.914308240915751,0.622019390151838,"2"
"12937",1.04177296454978,-1.25861763709155,"4"
"12938",-1.55970338568994,-0.5914347778676,"2"
"12939",3.43944672772171,1.88113052545165,"3"
"12940",0.0714692579986593,0.242773455524491,"2"
"12942",-0.621327525726237,-1.09472909967549,"4"
"12944",-0.335762049211412,-1.35644511547895,"4"
"12945",-1.72607510984894,1.02359537144235,"1"
"12947",1.03935280473359,-0.0264588177455264,"4"
"12948",1.69952438586116,-0.461440959076501,"4"
"12949",2.42934283762849,-0.0157590335530314,"3"
"12950",1.75134035623288,2.45229549807384,"3"
"12951",0.95267159584195,-0.967679586945704,"4"
"12952",1.10598474770452,0.333365751310043,"3"
"12953",-1.16750696135627,-0.293385860009505,"2"
"12955",3.06246638425791,0.251422220042843,"3"
"12956",-3.26296537388122,0.148981092193737,"1"
"12957",2.43287712065499,-0.659482470087346,"3"
"12962",-0.872382562737291,-1.02354646551156,"2"
"12963",1.67041955561928,-0.672187086365689,"4"
"12965",-0.732072226906408,-0.597065641105253,"2"
"12966",-1.56629753765988,-0.47364167567962,"2"
"12967",-0.32359652820023,3.46826495327138,"1"
"12968",-1.93227938287018,0.376302343151542,"2"
"12970",-0.271120794395841,-2.42474546833242,"4"
"12971",4.85329379973223,2.36246347955412,"3"
"12974",-2.71088389381019,0.477850827948618,"1"
"12976",-0.667569604536313,1.06914205120795,"1"
"12977",-3.49305114154711,-0.741621194653714,"1"
"12980",2.43025103371883,3.11162144707065,"3"
"12981",-0.526974698529689,-0.808359735015659,"4"
"12982",-1.47157268524525,0.533863556957234,"1"
"12984",-2.17460504942795,-0.145868649779314,"2"
"12985",1.05002278770752,0.554935080219263,"2"
"12987",-0.549665223657757,-0.678291896879257,"4"
"12988",-1.98847666283749,0.20892819071326,"1"
"12989",3.58598104211385,1.34779070319938,"3"
"12990",-0.319530930592569,-0.830451264255678,"4"
"12991",-0.162615745336703,-0.78006294374883,"4"
"12993",-0.124835791995333,-1.20469944912425,"4"
"12994",0.400262276157442,-1.37899689338225,"4"
"12995",-1.32894007874288,0.990543042846601,"2"
"12997",0.819125369151858,-0.983645129899687,"4"
"12999",-0.496501543574773,1.25671965689279,"1"
"13000",-0.295609093984434,-0.873438807526492,"4"
"13001",3.67072948161037,0.33978143328406,"3"
"13002",-2.7861245127194,0.978892298123763,"1"
"13003",-1.23662210098113,0.0472299241196282,"2"
"13004",3.51535962192204,0.150938124262746,"3"
"13005",-0.974563807390248,0.260290983198709,"1"
"13006",-2.12050379524594,-0.118659637707937,"2"
"13008",-2.17361591704253,0.993776930806997,"1"
"13011",-4.01977912411233,1.15732186391254,"1"
"13012",1.60833977073865,-0.475067479281581,"4"
"13013",2.92677827221877,-0.090382168582827,"3"
"13014",2.26251016560195,0.280670007298787,"3"
"13015",1.71993837050816,-0.315844847337671,"4"
"13016",0.363415259084751,0.718940773162769,"2"
"13017",-1.21956374740889,1.44834949267439,"2"
"13018",4.15197513548634,1.33904176411253,"3"
"13021",2.11525766430075,-0.535849603529913,"3"
"13023",-0.253739722423884,-0.203188355914566,"2"
"13026",1.3490787529583,-0.759208936193787,"4"
"13027",3.15617636391779,1.94975109835512,"3"
"13028",0.41096051449617,0.546021579077569,"2"
"13029",0.234455488649406,0.192241760224552,"4"
"13030",-0.213688856348451,-2.09812837102833,"4"
"13032",0.152717947332281,0.450939976910851,"2"
"13033",-2.66922128895228,1.18410713162471,"1"
"13034",-0.299557847872436,-1.37632562194357,"4"
"13035",0.159216931351625,-0.53631300557278,"4"
"13037",-0.0353807360746961,-0.0171486857969165,"4"
"13038",0.132726420373446,-0.360170441867702,"4"
"13040",0.153449900724932,0.53870773103718,"2"
"13043",-1.34152828466102,1.46304478013568,"1"
"13044",-1.29064410322714,0.917388062852595,"1"
"13045",-1.15169568039906,0.00815611019152375,"2"
"13046",-0.339252847364369,-1.34541397141081,"4"
"13047",2.21123355662579,-0.294669659241956,"3"
"13048",1.20125048236898,-1.35636954400464,"4"
"13049",-0.286136692767448,-0.511483671901025,"4"
"13050",3.36533019629497,0.0882891086076903,"3"
"13052",-1.47111949356093,0.628532383502325,"1"
"13055",0.577411853313704,-0.514256237791586,"4"
"13058",-0.926037929424202,-0.210664327159687,"2"
"13059",-2.6041857677933,0.89967808422708,"1"
"13060",-1.90174148024214,0.856318077163745,"1"
"13061",-1.38063515450517,0.158345013252616,"2"
"13062",-1.14481934555079,0.890681462823568,"1"
"13064",0.659111983318931,-1.25657993981925,"4"
"13065",-2.74753264686093,1.12427651702991,"1"
"13066",-0.177725139657687,0.25473327001092,"2"
"13067",-2.42038206285355,-0.669074449239496,"2"
"13068",-0.303441814586361,0.116235931387446,"4"
"13069",3.73596832120077,0.214449038829528,"3"
"13070",-1.82900775392647,0.719435579564115,"1"
"13072",-2.39477571260502,1.0444204875812,"1"
"13075",-0.302067723307909,0.871612209938605,"2"
"13077",0.572295233931693,-2.06282284827761,"4"
"13078",4.45287224838929,1.32221906529108,"3"
"13079",-0.485063995027862,0.228132482009646,"2"
"13080",-2.50858550167864,-0.115005988858604,"1"
"13081",4.07208441487399,0.0355847067215624,"3"
"13082",2.52686539056012,1.31661119310662,"3"
"13083",-0.59826042536711,-0.633287171129604,"2"
"13085",-1.00475002755198,-0.429658244579372,"4"
"13089",5.16235099281778,2.29657870459522,"3"
"13090",3.40863944847309,0.807512283619731,"3"
"13091",-0.5465011467729,-0.336297245900736,"2"
"13092",0.0255275205696622,-0.693253828021279,"4"
"13093",2.36384947148654,3.03834936382555,"3"
"13094",2.48627409646835,0.906045673337893,"3"
"13095",-1.90194294507608,-0.4259491444235,"2"
"13097",2.66368886916215,-0.411529277588589,"3"
"13098",5.09600968507893,1.9610178268078,"3"
"13099",-0.814974011519601,1.87011337168732,"2"
"13101",-2.44063165766976,0.356944759409058,"1"
"13102",3.87792283620337,0.767139312406428,"3"
"13103",-1.34762084015347,0.160938857113368,"2"
"13104",1.16324918637299,-0.183562605866758,"4"
"13106",-2.64913339455162,1.22774474092915,"1"
"13107",1.15071444059338,-0.68447339606428,"4"
"13108",-1.8113817624945,1.78325513878752,"1"
"13109",0.0033026149996027,-0.657172652038477,"4"
"13110",0.982251773027735,-0.924846862982539,"4"
"13113",4.20715273181454,1.59176897351318,"3"
"13115",1.53495229181716,-0.621674367149315,"4"
"13116",-0.958366707223241,0.201835471258985,"2"
"13117",1.30600653270372,-0.929433098818443,"4"
"13118",0.748027932314622,-0.986039901630131,"4"
"13120",-3.49311991281873,0.99998829825562,"1"
"13121",-1.89660496558775,0.0188713074256776,"1"
"13122",-0.043656222790713,-0.808565106288134,"4"
"13124",1.33365039060463,-0.894411660305668,"4"
"13126",2.05735859381548,-0.89422524650498,"4"
"13127",-1.36857865239716,-0.0835710574165453,"2"
"13130",-2.50624669384109,0.378492393386747,"2"
"13131",0.478211299440988,-0.632083856724714,"4"
"13132",-3.23274122298263,0.995647718496958,"1"
"13133",-2.57392200126216,1.62140024931146,"1"
"13134",1.01053985819102,-0.21543205126923,"4"
"13135",1.24579610402389,2.88693151856529,"3"
"13136",1.56554463864296,-0.0104272468912231,"4"
"13137",2.16302482456764,-1.36483810000548,"3"
"13138",0.808635873394289,-1.0519443819242,"4"
"13139",2.51560997053894,-0.0125290386230165,"3"
"13140",-0.790726589667056,-1.30739317139498,"4"
"13141",1.40918325575734,-0.409045566023998,"4"
"13142",-0.839541709165358,-0.531360033443692,"2"
"13144",-3.24718800591935,1.61005018666903,"1"
"13145",0.0807613576052136,0.18987749173545,"4"
"13146",-1.20347833838943,-0.506222578143253,"2"
"13147",0.510665833074476,1.78392941501319,"2"
"13148",2.5068940621228,-0.400803600985197,"3"
"13149",1.2503323520207,-1.00438287002097,"4"
"13151",-1.00898112094277,0.983820737974183,"1"
"13153",-0.249786753713848,0.0783488693945853,"2"
"13155",0.454096997193908,-1.46053305974396,"4"
"13157",1.20528960210628,-0.749131940132613,"4"
"13158",0.600713509954775,-0.675128611637682,"4"
"13159",1.17278146423964,-0.464187097564875,"4"
"13160",-1.9216995159428,-0.180673707336904,"2"
"13161",-3.19797283497446,0.811210371590115,"1"
"13162",1.03165856975228,-0.23961158806695,"4"
"13165",0.524089375258346,-1.14818837550166,"4"
"13166",-1.7508700145374,0.502708591956649,"1"
"13167",0.727945737297065,-0.623714396228324,"4"
"13168",0.695190851867735,-1.38865420393822,"4"
"13169",-0.194332445297577,-0.240965559394043,"4"
"13170",-1.75977098258593,-1.42406614234746,"2"
"13171",-0.344352618992607,-1.68778349424976,"4"
"13173",-0.619705490902507,-2.1677884590932,"4"
"13174",1.15908424417966,-1.8096810645864,"4"
"13176",-0.602097821455243,-0.818083142259121,"2"
"13177",-1.42410437180812,-0.164254170652527,"2"
"13178",2.97633068131035,-0.0565937188986122,"3"
"13182",-1.47888793004325,-0.599406908092823,"2"
"13183",2.61904348183286,0.138057746613591,"3"
"13184",1.97258054725126,-0.659112203418687,"3"
"13185",-3.32060481800034,1.78780137061047,"1"
"13186",0.892941420374076,-0.0667026214473612,"4"
"13187",-2.59693440331065,0.403031634268478,"1"
"13188",-1.95585788980994,0.471007815799297,"2"
"13189",-0.245520517193319,-1.34389452953409,"4"
"13192",-0.0388772535087957,-0.693125258677391,"4"
"13193",-2.29131296312119,-1.1244184238352,"2"
"13194",-2.82997085536255,0.22643362548252,"1"
"13196",1.25637619494228,-1.07394710668585,"4"
"13198",2.11538045180096,-1.06026316492618,"4"
"13199",4.70921664277941,2.60032928272623,"3"
"13200",0.690995218150886,-0.104958611476181,"4"
"13203",0.760878750103759,-1.11132964316002,"4"
"13207",-0.852754609248866,-0.718441216751777,"2"
"13208",0.948086070404934,-1.01130536174492,"4"
"13209",2.75176542561704,-0.488807441298241,"3"
"13210",-0.929325744473457,-0.0513978314820088,"2"
"13211",0.686943889435734,-1.34258587451479,"4"
"13212",0.210813717606174,-0.0125210936861326,"2"
"13213",1.3158111943353,-0.0786688937920687,"4"
"13216",-1.36994345482203,1.80193666443165,"1"
"13217",0.14756623006036,3.10350663938822,"2"
"13218",-2.37629546016758,-0.16505259714768,"2"
"13220",0.116782933035068,0.25888765352388,"4"
"13221",-0.973769440755131,-0.180019852123878,"1"
"13223",-1.62713475033003,1.78558339644332,"1"
"13224",0.925354743011539,-0.408462122839911,"4"
"13225",3.06828046343827,1.00612037718117,"3"
"13226",-2.78044832793577,0.10730680804419,"1"
"13227",-1.83135296437684,0.856687003784104,"1"
"13228",-0.677976422893573,1.70917006644322,"2"
"13229",-2.39902226715817,0.519605375246542,"1"
"13230",2.38228309676767,-1.05643521257954,"3"
"13232",1.24008564059842,-1.11958353583899,"4"
"13233",-0.0154945317908415,-1.38280938405077,"4"
"13235",-0.717742474056374,0.623169815890601,"1"
"13236",0.0685773649857345,-0.497697731906549,"4"
"13238",0.259925620293968,-1.06996654075778,"4"
"13239",-1.54587834327779,0.695565961556214,"1"
"13240",-0.149437783544099,-1.14132761703367,"4"
"13242",-0.916861740361798,0.0647869240816568,"2"
"13243",-1.28526393364084,0.161906992536404,"1"
"13244",-2.43967050080933,-0.972533551106015,"2"
"13245",-0.9815748741562,0.147107340465244,"2"
"13246",1.63851074820021,-0.983145992905971,"4"
"13247",0.370024594870205,0.602871507656742,"2"
"13248",-0.611170477373983,0.082141149715033,"2"
"13249",0.163951593162919,-0.189025961629862,"4"
"13253",0.250895266118447,-0.274843279533152,"4"
"13255",-0.560997513086491,-1.18375331183869,"4"
"13258",0.0636303786227707,-1.03860148997213,"4"
"13259",-1.50570480174397,-1.23100108849153,"2"
"13260",-0.699825408629992,0.926245608229209,"2"
"13261",-0.527635980562298,3.16967101156804,"1"
"13262",-2.14114376473036,0.790247213156483,"1"
"13263",4.04609180519595,0.536394021247117,"3"
"13265",1.55657102797481,-0.314871295592905,"4"
"13266",3.05993819231213,0.327326489190409,"3"
"13267",3.18936079917555,0.416834215454654,"3"
"13268",2.63415134086341,-0.529282491569746,"3"
"13269",3.24803171062894,-0.0913987063812278,"3"
"13270",-1.3462885077943,3.59103972619082,"1"
"13271",-1.30321242351673,-1.41976812811522,"2"
"13272",-0.959341616452592,-0.211667312428309,"2"
"13273",-1.80422527663268,-0.44463625331887,"2"
"13276",-0.425972829876006,0.665222099065874,"2"
"13277",-0.2085122537611,0.0922998469697057,"2"
"13278",-0.380708150351158,-0.495403898214879,"2"
"13279",-1.89558419063396,-0.200098828716193,"2"
"13280",-0.115933636163361,-1.06761287926693,"4"
"13282",0.381754495140129,-0.646079089474307,"4"
"13283",-1.72290729659896,-1.13804295902047,"2"
"13284",-2.53040568916566,0.982231389103143,"1"
"13285",1.58298055467524,-1.13263239240865,"4"
"13291",-1.35704761808575,-0.207820466015546,"2"
"13292",-0.291096712198649,-1.30797097880791,"4"
"13294",-0.401609656197362,0.435665321939952,"1"
"13295",-2.63389346717816,1.30631851146871,"1"
"13296",-2.2612829704772,0.140814392163266,"2"
"13297",1.59240017704253,1.1842581094396,"3"
"13298",-0.686943981535676,1.35301026445775,"2"
"13299",-2.81048559871022,1.13415764439947,"1"
"13300",-1.33149685072624,0.407554989015467,"1"
"13301",-0.146007766798909,-1.00056659047926,"4"
"13302",-2.99132213650723,1.18197711158985,"1"
"13304",-2.0486928368115,1.03669486560632,"1"
"13305",2.07326422336043,-0.32537541782733,"3"
"13307",-3.18560970124269,-0.064888113470673,"1"
"13308",0.850470143655582,-0.667952652520799,"4"
"13309",1.38771701289833,-1.21010288995027,"4"
"13310",0.471171342295568,-1.34017629140116,"4"
"13311",-0.133764394575354,-1.0072153614754,"4"
"13313",1.17598056490457,-0.897592341700855,"4"
"13314",0.518520737738642,-0.348137759828367,"2"
"13316",2.53659951767525,0.265758566624227,"3"
"13317",1.4061137529664,-0.518736402471389,"4"
"13318",0.474563327302804,1.37683181235024,"2"
"13319",4.23826209424529,1.01364367011016,"3"
"13320",0.960518903352916,-0.27611097422928,"4"
"13321",0.0547829283419166,1.70078323154038,"2"
"13322",-1.42255167759895,-0.920005671638852,"2"
"13323",0.610663224133708,1.02986615707168,"2"
"13324",3.35223971936779,1.03721729972575,"3"
"13325",-0.507704852999959,0.86345336750949,"2"
"13327",2.20493094151379,-0.0121469127530893,"3"
"13328",-0.569989750440757,2.20538537539829,"1"
"13329",0.121645799800653,-0.74162765402113,"4"
"13330",0.419723897356995,-0.643063928632671,"4"
"13332",-0.875479462937632,-0.381907967777426,"2"
"13334",1.23138912012069,-0.986014405587384,"4"
"13336",-0.280829092946956,-0.105499464545472,"2"
"13338",-1.02411618463738,0.603256350582818,"1"
"13339",-0.897459256045778,0.481961508492087,"1"
"13340",3.26990577832105,0.959116005269636,"3"
"13341",-1.16565637971212,0.858673082437646,"1"
"13343",-1.54740470661581,0.444490760315286,"1"
"13344",0.966134522301767,-0.667039165472911,"4"
"13345",-1.86951895071065,0.98714472033209,"1"
"13347",-0.883292965292099,0.566332055636299,"2"
"13348",-1.34547606784644,-0.175540748230217,"2"
"13349",-0.938824870102268,-0.476960095942248,"2"
"13350",0.135532244699689,-0.107336523657175,"2"
"13351",-1.15031008302445,0.108321928339746,"2"
"13352",-0.746979556016213,-0.173956084996632,"2"
"13354",-0.2688205023992,-0.185542765589518,"2"
"13355",-0.700739584867186,0.315005646098345,"2"
"13356",-0.501745731719094,0.0259782664691436,"2"
"13357",-1.3863891826685,0.13067453491627,"1"
"13358",-1.50277728967472,0.718508102862832,"1"
"13359",-0.970420686716058,-0.0456211197278407,"2"
"13362",1.56674024972208,-1.03501198586479,"4"
"13363",0.58249823816839,0.63222765040262,"2"
"13364",-1.9102554611663,-0.323762852263311,"2"
"13365",0.861107248642979,-1.16382057428084,"4"
"13366",-1.7171943847088,0.582767247807009,"2"
"13368",-0.923750032684263,0.599638876179899,"1"
"13369",-2.20923428689791,1.42006877991808,"1"
"13370",-1.50265178675617,1.3869508082565,"1"
"13372",-1.15741949561092,-0.044321871816159,"2"
"13373",1.33134815804673,-0.730690977292467,"4"
"13375",-0.378243000597928,0.164690562214544,"2"
"13376",0.212282081418938,-0.288462505495662,"4"
"13379",0.142697768730742,-1.27591064854145,"4"
"13381",2.04871821608839,-0.467691060621372,"4"
"13382",-2.16654245769597,0.727634631749326,"1"
"13384",2.4462188632021,0.598601383776241,"3"
"13385",-1.63515595444433,1.01560407323286,"1"
"13388",-0.343359396910616,1.25253364133916,"2"
"13389",0.270391675727322,-1.25689846589357,"4"
"13390",-0.655933858208149,0.59679751179768,"2"
"13391",-3.20124562108783,1.35092683496344,"1"
"13394",2.22933177672016,-0.679453450812449,"3"
"13395",-1.30613370434429,0.293407910052138,"1"
"13396",0.421724712346105,-0.988647706739588,"4"
"13397",0.849931077094872,0.00582701512711181,"4"
"13398",-1.19724545305082,0.481739894204466,"1"
"13402",-0.46797902522515,-1.01418006798637,"4"
"13403",-2.0771194479139,-0.14917060694917,"2"
"13404",-0.949676618625854,-1.29049552097878,"4"
"13405",-0.449714425197611,-0.823816330750709,"4"
"13408",5.26171776686205,2.74062190977862,"3"
"13410",0.881748883580345,-0.335413079166269,"4"
"13411",-1.84700707641874,-0.224364555793715,"2"
"13414",0.854161264867617,0.531219024485634,"4"
"13416",-0.229060363774058,0.997627894424655,"2"
"13417",-0.387138517920323,-1.20010371307718,"4"
"13418",3.51529730145355,0.361162064218769,"3"
"13419",-1.1125061884463,-0.323939767160626,"2"
"13420",-1.46530533415075,1.28469959243452,"2"
"13421",0.692185517263664,-1.27795076509632,"4"
"13422",0.697391351817938,0.102783373270471,"4"
"13425",0.698521731867544,-0.446469252219941,"4"
"13426",2.59128692900002,-0.328825692967171,"3"
"13427",0.248048427922732,-0.970361878344911,"4"
"13428",-1.41572467303059,-1.54273706181938,"2"
"13429",1.24989233293574,0.397443754786642,"3"
"13430",0.252997164622462,-0.61910852554762,"4"
"13431",0.574044960412984,1.25094314012049,"2"
"13434",-0.060895379680751,1.73472688462233,"2"
"13435",2.45630597444218,0.429613798287376,"3"
"13436",-1.43676729307854,-0.48087551253526,"2"
"13437",2.07887138510247,0.0686197079596816,"3"
"13439",-1.87443838101967,-0.0945376974859415,"1"
"13441",-1.12297781465848,0.188756910115878,"2"
"13447",0.878612522944377,1.454178724074,"2"
"13448",1.94642023730843,-0.901356418872507,"4"
"13449",-0.916879431622578,-0.412564001138014,"2"
"13450",1.89325475399128,0.0551665396897082,"3"
"13451",1.65236296085084,-1.59770509917676,"4"
"13452",-1.66952809727872,3.91163560868049,"1"
"13453",-1.26782048513267,-0.241394141259594,"1"
"13455",0.058219807262431,-1.27897206927852,"4"
"13456",1.47045838716101,0.00511374351849236,"4"
"13458",3.68361539923436,0.227700866881062,"3"
"13460",-0.651671744029141,0.291221644789305,"2"
"13461",1.10801538633332,0.286640952554912,"4"
"13462",-2.52139260843357,0.672515179597896,"1"
"13464",-0.411452380327646,-0.160552507225402,"2"
"13466",-1.37460253520385,0.443960592356086,"1"
"13467",0.496339361554655,0.310310984515237,"2"
"13468",3.87054482762977,1.37208854979363,"3"
"13470",-1.3067530684937,0.917020440623811,"2"
"13471",1.75666110083724,0.660972265560974,"3"
"13473",-0.6124844414715,-1.21452520729852,"4"
"13474",-2.20989973211148,-0.416303529832578,"1"
"13475",0.55837182561764,0.612668816290177,"4"
"13476",-0.271516405898897,0.0470585373451604,"4"
"13477",1.32072869491386,-0.540380855612312,"4"
"13479",-1.27389239672622,1.36096046803694,"1"
"13481",1.29908755833934,-0.562651007040899,"4"
"13482",-2.11015599046254,0.584747649821851,"1"
"13483",-1.53972229230113,-0.325310825155683,"2"
"13484",-2.15800662636542,1.29058839732923,"1"
"13485",-1.33329457608269,0.753470788380146,"1"
"13486",0.512858028462386,0.129083840076218,"4"
"13487",-0.247524871808586,-1.18560257203813,"4"
"13488",3.44240555485961,0.0580159537497905,"3"
"13489",0.12101043751194,0.0205293554052826,"4"
"13491",1.48912062998229,-0.389382812943358,"4"
"13492",0.229309245163758,0.70889641552209,"4"
"13493",-0.551829867492569,2.94098023327119,"1"
"13494",-2.00780488637299,1.00849686885568,"1"
"13495",1.44869819631619,-0.479360240550453,"4"
"13496",-0.157201909122365,-1.52350927006206,"4"
"13497",-1.59267089885747,0.513464396610093,"1"
"13499",1.32921535088537,-0.509356361521805,"4"
"13500",0.6609389174115,-0.357235580773059,"4"
"13501",-0.713720455546872,1.25682619217625,"1"
"13502",-0.418099869066977,-1.46234048654978,"4"
"13503",-1.20340893410303,-0.344965149631948,"2"
"13504",-1.16496767891974,-0.319173928945084,"2"
"13505",1.81929476726435,-0.182895121864157,"4"
"13506",-1.24344689799182,1.19189873771486,"1"
"13507",1.59886095835089,-0.613139019663236,"4"
"13508",-3.09488570595787,0.193726749238099,"1"
"13509",1.42064474918913,-0.487033576806485,"4"
"13510",1.3705853131937,-0.880501516135543,"4"
"13512",-1.9884321524871,0.728495686423945,"1"
"13513",-1.68182665196712,0.253452840030209,"2"
"13514",-1.9305785841371,0.460231006870294,"2"
"13515",0.516349282170067,-0.573981801835932,"4"
"13516",0.933444229115197,-0.655969502507743,"4"
"13517",1.07696693350792,-0.495985237300293,"4"
"13518",-0.553524287627182,0.0014950212516904,"2"
"13519",-2.40376064892212,-0.197218307315558,"2"
"13520",1.94399200482024,-0.0339118737635599,"4"
"13521",0.758220688054675,0.137974633929909,"2"
"13522",-1.89057576541362,-0.0572000913269413,"2"
"13523",1.86894122320122,-0.728722642969799,"4"
"13524",0.456485672037133,-0.154109106948543,"4"
"13525",0.162534894140753,-0.0961434407948689,"4"
"13527",1.74892125461583,-0.943592631704778,"4"
"13529",-1.26995204168787,-0.672501730914029,"2"
"13531",-1.18456601818964,-0.196588579213336,"1"
"13532",-1.54193594073025,-1.43127828032295,"2"
"13533",-1.21803099788484,-0.613884082664318,"2"
"13534",3.72586245835408,0.822051662000701,"3"
"13536",2.50746824876065,1.29821149029407,"3"
"13538",0.806315102123043,0.335726836349556,"4"
"13539",-0.204285079333799,-0.874409287711139,"4"
"13544",-1.31102887975096,-2.36438085082016,"2"
"13546",-0.0373267224581014,-1.77096807716042,"4"
"13548",-0.474056872539516,-1.59199032114034,"4"
"13549",0.976414236268824,-0.296999936524418,"4"
"13551",-3.57449346323615,1.18800566811101,"1"
"13552",2.46982630668806,0.943882552094857,"3"
"13555",1.90376081820287,0.352207110024644,"3"
"13557",-0.081893052486508,-1.43005569534221,"4"
"13558",0.255543421723028,-0.576832655772668,"2"
"13560",-1.76035871481888,-1.23563883501915,"2"
"13561",-2.38008103483151,0.13473156655094,"1"
"13562",0.7018046919244,-0.417728241958681,"4"
"13563",-0.385765510408736,0.0217545483859874,"2"
"13564",0.352286813444786,-0.391440880126411,"4"
"13565",-1.07727660482845,-2.29529598244192,"4"
"13566",0.100843331832598,-0.588873313587199,"2"
"13568",-2.31928416005748,-0.604546686141485,"1"
"13569",-1.00918110118366,-2.53471296738542,"4"
"13570",-1.99768451343874,0.195036499973901,"1"
"13571",2.22943335487908,-0.518435291410068,"3"
"13572",-0.347598599942075,1.24416038399794,"1"
"13573",-0.759500849080535,-1.53769883047485,"4"
"13575",0.634407695212116,-0.388168723639485,"4"
"13576",3.55560608942035,1.08137521536669,"3"
"13577",1.05185088873966,-0.730445723590776,"4"
"13579",-0.576940150675149,-1.4576336311673,"4"
"13581",-3.17714598622319,0.668283198111016,"1"
"13583",-0.469190161176407,0.208530707914468,"2"
"13584",-3.10084890666608,0.192312340720656,"1"
"13587",-0.461417643155335,1.13394132236464,"2"
"13588",2.32575775877993,-0.289560444986232,"3"
"13589",-0.820303435698064,-1.23923572598078,"4"
"13590",1.80842425352633,-0.622199265901786,"4"
"13591",0.324418683121618,-0.780399907077249,"4"
"13592",-0.80178282717425,-1.02214079938318,"2"
"13593",0.920790499215402,-0.372422930546572,"4"
"13594",-0.687770748164867,-0.270573301449908,"2"
"13596",0.00593005705960584,-0.326802547682863,"2"
"13598",-2.03095089948635,-1.1567830194831,"2"
"13599",3.55054125447013,0.53953507317376,"3"
"13600",-1.95889455385627,0.68571929306205,"1"
"13601",-0.16727574715706,-1.74760099969277,"4"
"13602",-0.784134074716291,-0.0643023152281204,"2"
"13603",-1.44383333132289,-1.07452223042787,"2"
"13606",-0.590539003016871,-1.95837381956068,"4"
"13607",-0.611868031361351,-0.844613455407048,"2"
"13610",0.90003522658686,-1.48635188194244,"4"
"13611",0.375032282867537,-0.994298201997082,"4"
"13614",0.714765428417227,-1.65325995308659,"4"
"13615",-1.84079337566151,1.07998600180278,"1"
"13617",-0.135380531960642,-0.942970809792282,"4"
"13618",-1.64853418968897,0.158830614410366,"1"
"13621",-1.25769154371511,-0.230043974306152,"2"
"13623",0.266173324767421,-1.29921764406943,"4"
"13626",-1.82903287245289,0.537156393975414,"1"
"13627",1.21891876750863,-0.761670700045482,"4"
"13629",3.50859582952671,1.38125485086848,"3"
"13630",1.89097893440559,-0.291892271173526,"4"
"13631",2.15436200076844,3.1504298419219,"3"
"13632",1.3805226128513,-0.775160838091242,"4"
"13634",0.930114571113452,-1.4085061450792,"4"
"13635",-0.0182564383756204,-0.0606800527509692,"2"
"13636",0.739789190761546,-0.859928015452138,"4"
"13637",0.0307900138915065,-1.35137222698195,"4"
"13638",-1.62781111945265,-0.494080765611905,"2"
"13639",0.0720133721582781,0.263244706616239,"4"
"13642",-1.87449134093705,-0.241377791875502,"1"
"13643",-0.11162894406608,-0.780988103983411,"4"
"13644",1.78609659234538,0.138644039430222,"3"
"13645",-1.2745508520266,0.904918653121006,"2"
"13647",1.14530688191393,-0.810787390799153,"4"
"13649",-1.62691642541441,0.0287927265168979,"1"
"13650",1.46634911179879,-0.582947480259447,"4"
"13651",-1.78009472719875,0.564150911900784,"2"
"13652",0.397649973882186,-1.236452836592,"4"
"13654",1.88276462852251,-0.471661606095971,"4"
"13655",-0.0833423159355238,-0.620238311309839,"4"
"13656",-0.895088170351766,-1.19160079977394,"4"
"13657",-0.526974449537374,-1.14525140434142,"4"
"13658",1.62386290447065,-0.338338073346362,"4"
"13659",-0.024737835099076,-0.16495862416628,"4"
"13662",0.177191264469478,-0.675912244265383,"4"
"13663",-2.03029235091283,0.243492095383296,"1"
"13666",-1.97541169185228,-1.72078859663487,"2"
"13667",-1.72103407713643,-0.80929843104851,"2"
"13668",3.62402374100363,0.2657984915707,"3"
"13669",-0.80160294320144,-0.502566339056508,"2"
"13670",-0.936703902700551,-0.23490018785414,"2"
"13672",-2.10114760295277,2.26625786291241,"1"
"13673",-0.724438153141845,-0.062061269394738,"2"
"13675",-0.733203979084774,-0.403462399054455,"4"
"13678",-0.903215705257574,0.110272284928975,"2"
"13680",1.80148510359646,-1.17274775586634,"4"
"13681",0.447574798946126,-0.605104161353972,"4"
"13682",-3.32228588079179,0.452660047695068,"1"
"13684",-3.44840675371471,-0.338021414783473,"1"
"13685",3.09793266044756,2.80258156653126,"3"
"13686",-2.65201145453588,-0.135110982742991,"1"
"13689",0.158584661842802,1.54668917370114,"4"
"13690",-1.72814994899899,-0.110912853970927,"2"
"13692",1.02590707125372,-0.709873139369517,"4"
"13694",5.36282318524911,3.25597723700312,"3"
"13695",2.65371799305718,1.06599973843281,"3"
"13697",-1.38636336634046,-0.521453018098099,"2"
"13699",-1.79057141717948,0.464608803161246,"1"
"13700",2.21108140723098,-0.543340168025365,"3"
"13703",-3.29957052588188,2.29186876157221,"1"
"13704",2.3676366024665,1.45408184356209,"3"
"13705",0.201851025237277,-1.21500238204584,"4"
"13706",-1.90326172086969,0.925372456387472,"1"
"13707",-0.77335679691344,1.08784055961779,"1"
"13708",-1.82612370337685,0.0446220061103317,"1"
"13709",3.23150739927826,0.0372590149527698,"3"
"13710",-1.19479424474426,-0.120952016092077,"2"
"13711",-1.37874534370164,1.60151663131906,"1"
"13712",-1.56743008502356,0.881034206430964,"1"
"13715",0.0131792629873332,1.19082397942967,"1"
"13716",-2.44136875977651,0.0813473622855075,"1"
"13717",1.55347655459148,-0.803697850953064,"4"
"13718",-1.35803953085595,1.22674444853474,"1"
"13719",0.906421906557334,-0.730170901487707,"4"
"13720",0.253245350621568,0.0202905050961454,"4"
"13721",-0.525581838965237,-0.179830920155255,"2"
"13722",0.947423432660769,0.0720565735182899,"4"
"13723",-2.310580611988,1.03289893629925,"1"
"13725",1.55957605207983,-0.160159496712982,"4"
"13726",0.638430585967865,0.0484479887128472,"4"
"13727",-0.544202269252575,0.637255022273215,"2"
"13728",0.807114335961898,-0.729027491020824,"4"
"13730",-0.104169679995999,1.2007886887461,"2"
"13731",-0.736249375342971,1.51389225076867,"1"
"13732",-0.37667306527942,-0.388913295858927,"2"
"13735",1.39397229807842,-0.912487481032623,"4"
"13736",-0.157233317163354,-2.54543061969102,"4"
"13737",-1.75359346994597,0.18985219456577,"1"
"13739",-1.35352559721921,0.710389343689787,"2"
"13740",-1.34170204847477,0.580478478513,"1"
"13741",-0.216082506423102,-0.488710956852506,"4"
"13742",2.23671846842056,-0.463287099250521,"3"
"13743",1.84678839418268,-0.139028048282124,"3"
"13744",0.277190311530363,-0.970087625792249,"4"
"13745",-1.10847060817896,0.0409294168360837,"2"
"13747",-3.61493977316881,2.34143062479823,"1"
"13748",0.523232306529199,-0.0877216217211427,"4"
"13750",1.09827888378483,0.267390021653559,"4"
"13751",-1.88174306322011,1.36276788663722,"1"
"13752",0.948485687835535,0.612163576614685,"3"
"13753",-1.04495646921092,1.07553115118048,"1"
"13754",-1.14364199122403,-0.442811739778529,"4"
"13755",2.14568962926394,1.07122140268487,"3"
"13756",3.25272292522097,0.401608814085161,"3"
"13758",2.14608460318568,-0.518934454878708,"4"
"13759",-0.000443141496149768,0.671277381568116,"2"
"13760",-1.07245324518195,-2.08268587380008,"4"
"13761",0.214652143528941,-0.979533327958072,"4"
"13762",-1.3380809526695,1.25620518491807,"1"
"13763",0.540724297728469,1.3640404055818,"4"
"13764",0.532643098238557,-1.60865747977655,"4"
"13767",4.9318168089388,2.10902327493653,"3"
"13769",2.18125036032557,-0.435868449583261,"3"
"13771",1.40101503354091,-0.318360323854732,"4"
"13772",0.31446822831752,-1.70256218467866,"4"
"13774",-1.1023471282968,-0.122553852788404,"2"
"13777",5.30370545089254,2.68631520041754,"3"
"13778",-1.84434132490134,0.119005797750444,"2"
"13780",-0.561412299780675,-2.01183281076425,"4"
"13781",-2.99945152336674,0.0901397680893874,"1"
"13782",0.632452565043502,-1.46208676730658,"4"
"13784",2.72410787279316,0.83968898233714,"3"
"13786",-2.31980646794604,1.71108433100483,"1"
"13787",-0.821601965175438,-1.69489757034113,"4"
"13790",-0.379366690896787,-0.980706222271991,"2"
"13791",0.873037755583757,2.28488697542063,"3"
"13792",-1.4394769984762,-1.33822758802704,"2"
"13798",5.3589769273772,3.19004545607222,"3"
"13799",-0.41484923003301,-0.81110420808278,"4"
"13800",-1.46222084682333,0.999062341560106,"1"
"13801",-1.14659508395564,-0.268880337839843,"2"
"13802",1.61296310933305,0.781556668414598,"4"
"13803",-1.99782210709844,0.692028117576282,"1"
"13804",1.87911401991298,-0.377802319086327,"3"
"13805",0.889354863915121,0.623287377909796,"4"
"13806",-1.59016057470619,0.146924545139744,"2"
"13807",-3.28423172485202,1.15179922119848,"1"
"13808",1.46617406000662,0.53702411786465,"3"
"13809",-3.04056896397149,0.730459864960423,"1"
"13810",0.861594240689803,2.09683519930329,"2"
"13811",-0.652173786716745,2.05736164708192,"1"
"13812",0.0512138660330776,0.132907772505126,"2"
"13813",0.878203058505824,0.200948665876762,"4"
"13814",0.605014151830422,0.779751551396002,"4"
"13815",1.9163280773572,-0.857363823233428,"4"
"13816",-0.110535544276443,0.328050817240775,"2"
"13817",-0.682222933178245,-1.57889235557471,"4"
"13819",0.236640494596746,3.09524213193928,"1"
"13821",-1.27491058719044,-1.11186287493475,"2"
"13822",0.191676380630045,-0.324529264398531,"2"
"13823",0.26407083041432,-0.280016727659662,"4"
"13824",1.25009775470696,-0.282256628253201,"4"
"13826",-2.02097891655022,0.421372250028595,"1"
"13827",-0.712935687228726,-1.03943760844388,"2"
"13828",-0.939357178582707,-0.50827578278884,"2"
"13831",1.49244669772154,-0.533549596732794,"4"
"13832",-2.47906295842571,-0.424646636357652,"2"
"13833",-1.55116740777014,0.14662559755492,"1"
"13835",0.469081285675314,-0.864903335819035,"4"
"13837",-1.47496398672024,-0.175689960496486,"1"
"13838",-0.0367948042806432,-2.34145549310123,"4"
"13841",-2.32917362940894,1.84722633103239,"1"
"13842",2.13791958279168,-0.266949891483797,"3"
"13844",-0.80244676807281,-0.337126291980916,"2"
"13845",-0.982591889047747,0.382313360028605,"2"
"13846",0.186775085983745,-1.4363056980339,"4"
"13848",1.48880716852628,1.07866850768742,"4"
"13849",0.567839639450711,-0.89633879897821,"4"
"13850",0.0755730044193462,0.237663355257284,"4"
"13851",1.20207410912322,-0.171098440790823,"4"
"13853",-0.128099689321341,0.648695813887946,"2"
"13854",3.9554306148991,1.84928654185734,"3"
"13856",-0.161051292962954,2.06907890319387,"2"
"13858",-1.56978497659915,-0.0888871996581394,"2"
"13859",-2.48989790716607,0.421814864368763,"1"
"13860",1.17525237647374,0.353799887561545,"3"
"13862",1.96284156860735,-0.644108326142564,"3"
"13863",-1.68695135402678,0.611024494663234,"1"
"13865",-0.198211853482393,-0.836822538753693,"4"
"13866",-1.907870561526,0.0107269886718283,"2"
"13867",0.393706693601177,-0.981417701627218,"4"
"13868",1.83152874991462,1.90700298097751,"3"
"13869",1.17257269638336,-0.818079637201094,"4"
"13870",2.10180795312579,-0.295363296444615,"3"
"13871",3.09804493210385,0.251793787326828,"3"
"13873",-0.860945339461414,-0.627227837304326,"4"
"13874",-1.8057769410773,1.64687241742348,"1"
"13875",1.30902254096377,-0.652491772235666,"4"
"13876",-2.15558863656375,-0.170773166040814,"2"
"13877",-1.69120758300702,0.517120519420883,"2"
"13878",0.068711357271989,0.44157654743405,"2"
"13880",2.59112758387249,-0.0232568830955516,"3"
"13881",4.77526740923206,1.94531235150376,"3"
"13882",1.43206928130434,0.948180694471428,"3"
"13883",1.69550555273131,-0.741636222159501,"4"
"13884",0.453402694265104,-1.17691737454707,"4"
"13885",-0.866337770767775,1.45543238750519,"1"
"13886",-1.39755483753038,-0.206823336850774,"2"
"13887",-1.61474225050628,0.557804753293267,"1"
"13888",-0.63994225300844,-0.468926608860249,"4"
"13889",-1.07753718946312,0.360927514324329,"2"
"13890",1.84409593326246,-0.576237653610271,"3"
"13892",0.714900570405301,-0.692279451930842,"4"
"13893",-1.33836879034164,1.58986781136661,"1"
"13894",0.0167179898694043,-1.17173972539473,"4"
"13895",1.52993110394765,-0.185995841860061,"4"
"13897",-0.997985239215406,-0.158638212896522,"2"
"13898",-2.50085111603947,0.816534011048483,"1"
"13899",-0.703936618371183,-1.38256744280537,"4"
"13900",-0.221234611916685,0.587831440177268,"1"
"13901",1.58690007240142,-0.453467026210224,"4"
"13904",-0.615174987244036,-1.63826840333819,"4"
"13908",1.27021712073255,-0.419714573383663,"4"
"13911",2.2382229244799,-0.00746273755376273,"3"
"13914",0.164523358070387,0.683672303504727,"2"
"13917",-0.828771738551303,-1.13091342448043,"4"
"13918",0.620366405884139,-0.556766351988533,"4"
"13919",-0.321649323648235,-0.369774553568627,"2"
"13922",-2.59306949114466,1.40847051732357,"1"
"13923",-0.992598428454081,-0.167538258877598,"2"
"13924",1.94100059282744,0.930295044723093,"3"
"13925",0.312508947667646,1.54606075659421,"2"
"13926",-1.29734079439596,-0.218536839884965,"2"
"13927",-1.01957383525546,-0.112613016301765,"2"
"13928",-0.158061722945967,-0.407637981043412,"2"
"13929",-0.651917900626543,0.777225984322869,"4"
"13930",-0.575077933083193,-0.378144758797097,"2"
"13931",0.188315589430309,-0.762756268825032,"4"
"13932",-2.27249496663223,0.999857337917754,"1"
"13933",-0.446820134652519,0.979632431811966,"2"
"13934",-0.918828548477015,1.23208195141188,"1"
"13936",-1.20415428352412,0.270330187047655,"1"
"13937",-1.92287574721378,0.324240083938304,"1"
"13938",-2.11299420552508,-0.719198818101036,"2"
"13939",0.295634733208901,-1.54555973653117,"4"
"13940",0.63820919265565,-0.395197974709176,"4"
"13941",2.398234754802,0.393136151462598,"3"
"13946",0.0875569938432351,0.0292568621695889,"4"
"13947",-2.21276343990705,-0.156672523233084,"2"
"13948",-3.14483288699321,1.66636696440894,"1"
"13949",2.18187083580186,0.491758371301256,"3"
"13950",0.368221514937653,-0.870460448050166,"4"
"13951",-0.274050724250741,0.0970436039310169,"4"
"13952",0.747899610529584,1.87471186129383,"3"
"13953",2.6700055306421,0.917313105514466,"3"
"13954",-0.499536550532212,-0.560797001332289,"2"
"13955",-1.35328839315842,-0.992482134529487,"2"
"13956",0.678336284300902,-1.5984746506006,"4"
"13959",-0.330001576350517,-1.72078783694748,"4"
"13960",-0.817052823448426,-0.0565083668031077,"2"
"13962",-1.3642827858723,-1.53962290631654,"2"
"13963",-0.385856674865084,2.05328183750345,"1"
"13967",-2.44000177212644,0.797208689663881,"1"
"13969",3.71474225991736,0.140049036991863,"3"
"13971",2.14550673281797,-0.344966707471464,"3"
"13972",-1.16242059258105,-1.12175588113012,"2"
"13973",-2.11251389164285,1.12144564682033,"1"
"13974",-0.811200236512897,-0.304169856695554,"2"
"13975",1.65392340877729,-1.14311999188988,"4"
"13976",-1.48833734025551,1.06225424567826,"1"
"13978",-0.505185537152621,0.321174452286644,"2"
"13979",-0.167027528220365,-0.0958585359208327,"2"
"13980",-1.29343835120312,-0.140978311050594,"2"
"13982",1.12516191375778,-1.10550843959401,"4"
"13983",2.25525059252401,0.101690532087712,"3"
"13984",0.995461735338816,-0.167127099770731,"4"
"13985",3.44935985496397,0.556973035594149,"3"
"13986",-0.511273891628592,-0.0945474237266238,"2"
"13988",2.30425538993924,-0.519261188908168,"3"
"13989",0.609333228320257,-0.591279074084542,"4"
"13990",-1.58671943504177,0.63195432334391,"1"
"13991",1.1780294272371,-0.312258191330431,"4"
"13992",-2.03847596416192,-0.44869650148181,"2"
"13993",2.02871449606727,0.151146130046593,"3"
"13994",1.66555629482389,-0.151085230744877,"3"
"13995",1.16896307490347,-0.813587911236932,"4"
"13999",2.71720806266752,-0.20825852643376,"3"
"14000",-0.601310799426194,1.23227305701894,"1"
"14001",1.05939942458365,-0.392292987351963,"4"
"14002",-0.0873766797416098,0.854868951279624,"2"
"14004",2.39555886258234,0.0161410672649717,"3"
"14005",2.06889768112348,-0.147633166425353,"3"
"14006",0.272194687009264,-0.160367399284357,"4"
"14009",-0.488085389755072,1.44505124795535,"1"
"14012",-1.79110847877476,1.24675007074324,"1"
"14013",-0.27351828798309,-0.696515780926322,"4"
"14014",-0.247911630632213,-0.268777481377839,"2"
"14015",-0.116284591136989,0.590802759633625,"2"
"14016",1.45183683169815,0.234303644825326,"4"
"14019",0.924007045935402,-0.0206234155557465,"4"
"14020",0.037586163938059,-0.566480894918757,"4"
"14021",-0.479124144774825,0.5448303537813,"1"
"14022",-1.12623812975455,0.544642598337059,"1"
"14023",-0.176864207449589,-1.43803047037798,"4"
"14024",-0.880491087581264,1.21206432127012,"2"
"14027",-1.99993409407333,-0.199208704225192,"2"
"14029",-0.512177447535764,-0.0218918759197152,"2"
"14030",1.85014816514957,-1.09070025564147,"4"
"14031",4.40121264261129,1.38087533190168,"3"
"14032",2.518322360676,-0.326886561046922,"3"
"14034",0.0749600090143044,-1.32772994764181,"4"
"14035",1.08903619534929,-0.678792594162285,"4"
"14036",-1.41150918029666,0.874650420191895,"1"
"14037",-2.37667642550486,-1.48315349442385,"1"
"14038",0.73658871783779,-0.411438136376344,"4"
"14039",-1.52017676044015,-0.0314266306267029,"2"
"14040",2.42102532250024,0.027672844051191,"3"
"14041",-2.57210306690488,0.086558980007254,"1"
"14044",-0.0681696049369074,-2.23854537297433,"4"
"14045",0.988081189896332,1.47032977825532,"4"
"14046",-1.88022754739389,0.505491253329013,"1"
"14047",0.921749057789625,-0.531779171194855,"4"
"14048",-1.82763872401335,0.0987725279383495,"1"
"14049",2.13955086120679,-1.36776599386926,"4"
"14050",0.199231888659129,-0.665047610761495,"4"
"14051",4.39249490658108,1.68559277808006,"3"
"14052",-1.58060944727738,-1.34853656452625,"2"
"14053",-0.697113797772836,1.8317120748325,"2"
"14054",-2.09205255173865,-0.27567807719653,"2"
"14055",-0.564783248000379,1.1743768350732,"2"
"14056",3.84757681445947,0.387363125225775,"3"
"14057",3.54130945539885,0.496020545669143,"3"
"14059",-2.14570349588272,0.969626869342674,"1"
"14060",3.78191069334785,0.679416938149367,"3"
"14062",3.79236602655452,1.03563085472728,"3"
"14064",1.38658200025291,-0.765313154703525,"4"
"14066",-2.65514179808514,0.927748989951914,"1"
"14067",-0.437795090282016,0.0620459826224554,"2"
"14068",-2.50839205520707,0.713453611557981,"1"
"14071",1.44847066331696,-1.4021069857654,"4"
"14073",-1.50177475157238,-0.606255104797249,"2"
"14075",0.637021822007031,-1.13415628013698,"4"
"14076",-2.33566987038,-1.02399690542856,"2"
"14077",0.0876334043420273,-0.98561736833164,"4"
"14078",0.434408109881413,-0.419899169558731,"4"
"14079",-0.927039236514593,0.583261666165427,"2"
"14080",-2.37771019650896,-0.671625566742418,"2"
"14081",-0.830723053558543,0.145798803701503,"1"
"14082",-2.75292341321319,0.502551533066929,"1"
"14083",1.22563324134921,-1.5032471900045,"4"
"14085",3.20345412994473,-0.230082094453483,"3"
"14087",-1.20747927434718,-1.58544370800843,"2"
"14088",4.42928737937763,1.25928060434914,"3"
"14089",-1.5485969707819,-0.457470477538704,"2"
"14090",-2.7818581924868,2.09121290290481,"1"
"14092",2.85350911030435,-0.0164028951920329,"3"
"14093",-0.653659344815505,-1.3077104006526,"2"
"14096",4.59013173259154,1.63340601350024,"3"
"14098",-1.69222729929799,-0.93583083097828,"2"
"14099",2.44768840044769,-0.548561030540266,"3"
"14100",-2.11971734227423,-0.394568847630869,"2"
"14101",2.96636515552479,1.37284349898264,"3"
"14102",1.41928888454109,1.80825443805362,"3"
"14104",-1.58466580477847,0.849684071872157,"2"
"14105",-0.48541379388241,0.726322457803212,"1"
"14107",1.9024329572991,-0.371470007360101,"4"
"14108",-0.091974825862489,-0.446787515323263,"2"
"14109",-1.77288414681983,-0.191790470733519,"2"
"14110",3.10291610416507,0.650238222026508,"3"
"14111",0.658770464290333,0.0491226434636137,"4"
"14112",2.00586031000647,-0.420158457297874,"3"
"14113",1.25243921380367,-0.446249982785656,"4"
"14114",-1.59127166243561,1.1852642198779,"1"
"14116",1.21937217309319,0.292215544669643,"3"
"14117",-2.21713189062796,0.569268848589378,"1"
"14121",1.95083960675069,0.757194828929941,"3"
"14124",0.106129109851817,1.13955174300224,"4"
"14125",1.53666954429188,0.0314869388941266,"3"
"14126",0.810303632290086,2.02527243020841,"2"
"14127",-0.272945643860412,-0.612371231273503,"4"
"14128",-0.158730946008587,-1.30288176610033,"4"
"14129",0.991336498851035,-0.78332389728102,"4"
"14130",-1.79338156289654,0.44395038140669,"1"
"14132",2.91103567468244,0.50803399900912,"3"
"14133",-0.289448937287542,-0.367764993879634,"4"
"14135",3.33887632793461,0.425853769543902,"3"
"14138",0.459064796096576,-0.275554657957665,"4"
"14139",-0.49579522764707,-0.264880792293535,"2"
"14140",0.634792092027679,0.452655032344821,"2"
"14141",0.658447888503044,0.0147732882868005,"4"
"14142",-1.98550365455945,1.11140162043993,"1"
"14143",-2.51051575199305,0.105487040316435,"1"
"14145",1.80206805087935,1.76020715796915,"3"
"14146",2.08855028487636,-0.980926027283467,"4"
"14147",-0.709191995520499,0.189703665151703,"4"
"14148",-2.78898197745885,1.440513234031,"1"
"14149",-1.42552128451711,0.539883789513095,"1"
"14150",-0.0425990043059094,-1.18648354621746,"4"
"14152",-0.126172033276935,-1.17667947467765,"4"
"14154",-0.168363231943335,1.99570253007189,"1"
"14155",-3.01362731262272,0.846502767992446,"1"
"14156",5.29139554435089,3.04737641856099,"3"
"14157",-0.574895059230948,-1.94949852915832,"4"
"14158",-0.251089517400366,-0.468094661094848,"2"
"14159",2.73088914127403,-1.30242397138845,"3"
"14161",-0.311842505819091,-0.302894250354711,"4"
"14162",-1.45432110289649,-0.61518583248257,"1"
"14163",1.22731269001089,0.533637386595692,"4"
"14164",0.964898534941382,1.810816724558,"3"
"14165",-2.946454865428,-0.07024878501516,"1"
"14167",-0.295925965477889,-1.37549226805115,"4"
"14171",-1.33087655175737,-0.680580334302304,"2"
"14173",-0.200063695757065,-1.02781373241925,"4"
"14174",-1.80571542376809,-1.15589149562365,"2"
"14175",1.27296055210469,-0.858637841590426,"4"
"14176",-0.768467643467277,1.72521402048138,"1"
"14177",-0.157713129848822,0.113141527420658,"2"
"14178",1.61503024878093,-0.962080801473672,"3"
"14179",-0.170918519715753,-0.173497646864881,"2"
"14180",3.02319020708975,0.828775707036365,"3"
"14184",-1.06477087559402,-0.038465256386343,"2"
"14185",-3.10547196043723,2.07654007089777,"1"
"14188",1.62609845196047,-0.24840670776562,"4"
"14189",3.23502731366387,-0.0633901082621431,"3"
"14191",3.18414786388017,0.486599071170923,"3"
"14193",-0.0919674886288952,-0.993589919738239,"4"
"14194",4.15631903735243,0.834220815291304,"3"
"14195",0.210970553004287,2.34469607735068,"1"
"14196",-1.1237772750119,0.937063540939431,"2"
"14198",0.253423527768051,-0.914157192618475,"4"
"14199",-2.35239979080922,1.80987070186918,"1"
"14201",0.833899342374236,-0.41344380275176,"4"
"14204",-1.79116324007574,-1.47313332570084,"2"
"14205",-0.518951736430213,-1.39162914113419,"4"
"14206",-1.53060057156404,0.626911153549817,"1"
"14208",-1.73204442314835,-0.129841717324326,"2"
"14209",1.42831974622495,-0.669701940318931,"4"
"14210",1.0778471037934,-0.246398280461153,"4"
"14211",1.89648473586607,0.118816085003371,"3"
"14212",0.428575175957699,1.48374141584766,"4"
"14214",0.883153252849384,-0.882451732518529,"4"
"14215",1.56439710524762,-1.03001244787806,"4"
"14216",1.46488832436714,2.03281207727868,"3"
"14217",2.28692816925756,0.165102379668774,"3"
"14218",-1.37302977345704,-0.414980413496032,"2"
"14219",-1.8240335937045,-0.688569490294514,"2"
"14220",-0.94564615160425,0.518237110247169,"1"
"14221",2.30621172890405,-0.242699501817769,"3"
"14222",-0.659563801911631,0.390526967447672,"1"
"14223",0.240553976512315,-0.647101552260911,"4"
"14224",0.196871959781402,-0.92981308057283,"4"
"14226",1.59747316995832,-0.235041580009221,"4"
"14227",2.40259017846871,0.0319698236311819,"3"
"14229",0.690575328364633,-0.523366186520778,"4"
"14231",-0.176292701917496,0.323928409322462,"4"
"14232",1.58686984697496,-0.56949400542053,"4"
"14233",0.932358212147817,-0.263039671512492,"4"
"14234",0.907751332660273,0.73654799486609,"2"
"14235",1.81961528711304,0.385509854381562,"3"
"14236",-0.48156336698393,-0.784268748002779,"4"
"14237",-3.09281939520275,1.2569918400713,"1"
"14238",-2.55013344275288,1.06776860500659,"1"
"14239",2.03300103845163,0.220337188499817,"3"
"14240",0.0427766816676157,-1.11066904891312,"4"
"14241",-1.74133162540523,0.5447331063925,"1"
"14242",-1.64697921184829,0.194254842069601,"1"
"14243",2.12875011744731,-0.476848279848239,"3"
"14245",0.150231906951338,0.980478271856215,"1"
"14246",0.540070585182846,-0.204264139545083,"4"
"14247",-2.9042410060464,0.154265529168517,"1"
"14248",-2.11723625214564,1.60812523847573,"1"
"14250",1.23662787754746,-0.214542163452101,"4"
"14251",2.19580832277087,1.68401381169215,"3"
"14256",-0.701004380228927,0.284510393434856,"1"
"14257",1.69925907066499,-0.205527711745451,"4"
"14258",3.77190552971808,0.956562043555127,"3"
"14259",-2.13975922648907,0.410976820549137,"1"
"14261",0.357341001641937,1.01744237148505,"2"
"14262",2.13203486846457,-0.237274386780137,"3"
"14264",-1.49367001745735,-0.072656104004057,"1"
"14265",-0.385884943801149,0.641737441567932,"2"
"14267",0.298331080351238,0.625242316712629,"4"
"14270",-1.80613174628746,1.0997058684269,"1"
"14271",-2.4809368124333,0.239362037327982,"1"
"14272",-0.35021876182066,-1.25207465776926,"4"
"14273",0.0251944386392456,-0.594167645020939,"4"
"14276",0.368687859846466,-0.655311443071177,"4"
"14277",1.6625310197469,-0.936627209318047,"4"
"14280",-2.44864905978983,0.407349624223693,"1"
"14282",3.01886858894177,0.168007956653255,"3"
"14284",-0.395871779550725,-0.119720864765576,"2"
"14285",1.2096421652001,0.508106983905278,"4"
"14286",1.96682022685288,-1.07146971455223,"4"
"14287",-0.547516572560142,-1.07750986173935,"4"
"14288",-1.40010774899096,0.882460641309184,"1"
"14289",0.700641258637153,-0.750103906953948,"4"
"14290",1.43495385315689,-0.896014652654916,"4"
"14291",2.77365181029492,-0.144205774786784,"3"
"14292",2.64776866623126,0.456489312734331,"3"
"14293",0.792897335374354,-1.35689643872532,"4"
"14295",-1.49887014595334,0.206860763487608,"2"
"14297",0.986475894181023,-0.894678243816952,"4"
"14298",5.13145314435699,2.26007118221687,"3"
"14299",2.5269191010703,-0.263390182957827,"3"
"14300",-2.45329050907713,-0.565803096349269,"2"
"14301",-0.305154140417286,0.916991354165562,"2"
"14304",-1.62842180422143,0.796300116086445,"1"
"14305",1.00899524767763,0.42721706351153,"4"
"14306",1.15293893188576,1.62812437136234,"3"
"14307",1.71867714801285,-0.453877776995137,"4"
"14309",2.13211094804832,-0.506882125571978,"3"
"14311",-1.83328434132976,0.602436036968644,"1"
"14312",1.31455639670092,-0.616878296109816,"4"
"14314",-1.49642595848257,-0.102618484100364,"2"
"14315",1.60045240770603,-0.127589212881741,"4"
"14317",-0.706260612050898,0.0395409695899365,"2"
"14320",-0.97408084957162,-0.281248810313517,"1"
"14321",1.55733510978762,-1.31355796692763,"4"
"14323",-0.496295809293138,-0.614493166797503,"4"
"14326",-2.14652163697835,0.861443636628184,"1"
"14327",-1.48983385892742,0.618404638911545,"1"
"14329",2.49863767296573,-0.590162284769314,"3"
"14331",-0.559793840709159,1.0847202525291,"2"
"14332",0.470437086584978,-0.162072862989794,"4"
"14333",-1.36181731084476,0.249309114940805,"2"
"14334",2.03124682339013,-0.735509357703441,"4"
"14335",-0.315550603967316,-1.2485200035357,"2"
"14336",1.34807058361418,-1.01762773816202,"4"
"14338",-0.478719628450638,1.1263717063076,"2"
"14339",-1.72237706090761,0.859768852767295,"1"
"14340",-2.43531505167062,0.721784642499649,"1"
"14341",1.81169649251606,-0.324325231129852,"3"
"14342",0.402195152685737,-0.34374621776556,"4"
"14344",0.657599498696676,-0.0645927257997868,"4"
"14345",-1.98417835284685,-0.26801700837567,"2"
"14346",-0.091618897363507,-0.795875483450638,"4"
"14348",-1.62051877730061,0.977573777043064,"1"
"14349",-1.78756554319821,-1.37758035194547,"2"
"14350",-1.89436796931358,0.750821480583705,"1"
"14351",-3.1486779366861,1.04440120773608,"1"
"14352",0.332342343302194,0.580640721672721,"4"
"14353",-2.62329602950491,0.394499107399533,"1"
"14354",-0.663588749459227,0.552597169260366,"2"
"14355",-2.70998334726112,1.15114006239046,"1"
"14356",-0.136318370501091,1.08624404806443,"2"
"14357",-1.41812733241354,-1.0297981040559,"2"
"14359",0.414246559150884,0.0234595056037915,"2"
"14360",1.4644285927763,0.716873136968132,"3"
"14362",-1.73611604046036,-1.34755401128854,"2"
"14364",2.33888768967942,2.22028927703291,"3"
"14367",3.69030862125484,0.544059163229696,"3"
"14368",-2.94309766786385,1.08681131746586,"1"
"14371",-3.03237749560749,1.14300239391434,"1"
"14373",-3.68988319761347,1.22040944952151,"1"
"14375",-1.87214062853995,-0.664852595778738,"1"
"14377",-0.687804027647865,1.15800716597817,"1"
"14379",-0.747892595878926,-1.95903438798211,"4"
"14381",-1.55909990324559,-1.27249513757057,"2"
"14382",-0.0651284150614027,-1.1567551276939,"2"
"14383",0.748918847199946,-0.416016885116354,"4"
"14385",-0.41482870837123,1.09668133192209,"2"
"14386",-2.73094880534048,1.00980410364995,"1"
"14387",0.898419649607955,-0.25305047610461,"4"
"14388",2.2098199624362,-0.740735185539684,"3"
"14389",0.26985458680597,-0.584956497515305,"4"
"14390",2.50266137633832,-0.646861705615911,"3"
"14393",-3.40112103454753,0.326493416407736,"1"
"14395",2.22879454637021,-1.07040046359313,"3"
"14396",-0.805282685228203,-2.00962430986812,"4"
"14397",3.09767204757055,1.51153412147657,"3"
"14400",-0.705585838542347,0.490334463803242,"2"
"14401",3.1341910339818,-0.0303530578432349,"3"
"14403",0.739908511803114,1.34222061620201,"4"
"14404",1.17630181576157,-0.985295231164826,"4"
"14406",-1.92344364708424,0.174160705378945,"2"
"14407",1.51863289581645,0.599979368609638,"3"
"14408",2.03248992246749,-0.266642052579657,"3"
"14409",1.52835034512519,0.0237982149904842,"4"
"14410",0.957505512850771,-0.440242481243855,"4"
"14411",-1.14870068561956,2.16520864377556,"1"
"14412",0.432336936558819,0.785286076371279,"2"
"14413",-3.14618523554684,0.385808648539657,"1"
"14414",1.59782744503054,-0.323047268066937,"4"
"14415",3.02194101947537,-0.602430287103435,"3"
"14416",0.0507033339786874,1.17352647048189,"2"
"14418",1.34860909724692,-0.588954222060913,"4"
"14419",0.739167912889321,-1.85177080037404,"4"
"14420",-0.913764312424523,-0.153752360432991,"2"
"14421",-0.0735983311430093,-0.586742376000096,"4"
"14422",2.35809314723673,-0.66945477509089,"3"
"14423",-1.61937732217617,1.78381784132828,"1"
"14424",-0.97590617569309,1.87073594146373,"2"
"14426",2.69126235003014,-0.0766363115816731,"3"
"14427",-0.406213960488063,0.92095158042587,"2"
"14428",0.719510075669543,-1.54954723091845,"4"
"14431",-1.81508099224156,1.32569655194255,"1"
"14432",1.93136668482958,0.102225195927319,"3"
"14434",1.54730218163294,3.09767718665256,"3"
"14436",-1.99976697475254,-0.445869155582877,"2"
"14437",-3.37112700950685,0.932264359780991,"1"
"14438",-2.68375297046386,0.808951871620558,"1"
"14439",-0.353004924829798,2.32068640209403,"1"
"14440",1.37262888243969,-0.453222092534683,"4"
"14441",0.973204278030949,-0.597003633767061,"4"
"14442",-0.176246520004084,0.229269700778927,"4"
"14443",0.860323670019746,-1.10386626990096,"4"
"14446",0.701146602633653,-2.14890252445263,"4"
"14447",0.889252890538964,-0.904324770299438,"4"
"14448",-0.88101737975469,-1.54794226879736,"4"
"14449",0.456946700133039,-2.34474624241204,"4"
"14450",-0.77762306275862,-0.323201352857224,"4"
"14451",-0.403790296353558,-1.62203067990849,"4"
"14452",-1.10508625523206,-1.70494123229882,"2"
"14453",-2.66659875011119,-0.405678752355805,"1"
"14456",2.38733883249437,-0.522499094605468,"3"
"14457",-2.63334995183524,1.30456568060941,"1"
"14459",0.127790082481158,1.15605492775372,"4"
"14460",0.03355272578091,-0.368011744643384,"4"
"14461",0.490560312227703,-0.208186736942858,"4"
"14462",1.71334398351654,-0.340624077068805,"3"
"14463",-0.21277334145133,1.05700675086865,"4"
"14465",-0.368300897355765,0.868270323762741,"1"
"14466",1.71375159986217,-0.295599103537478,"4"
"14467",-0.0148728446950668,-1.84151384836085,"4"
"14470",-0.626890715955983,-1.89043094644591,"4"
"14472",1.33024014704215,-0.595226441133615,"4"
"14473",-1.27442498676416,-0.67097135136838,"4"
"14474",-0.868932557840234,-0.119449843699373,"2"
"14475",0.189355778405485,-0.75901967281389,"4"
"14476",-2.26042089730888,0.421782357943925,"1"
"14477",1.19297460711349,0.434683068887717,"4"
"14479",-1.70550591251664,0.108030785586174,"1"
"14480",-1.01878981772087,-0.224601564148252,"2"
"14481",-0.478126647132666,-0.207579131828269,"4"
"14482",1.71112348561087,-0.628225756407332,"4"
"14483",-2.50509098151969,0.724352783262295,"1"
"14484",-0.927301308972558,0.0103984695235329,"2"
"14485",-1.90669117415782,-1.35646044499142,"2"
"14487",0.956785577416871,-1.4341940745656,"4"
"14488",0.0915888196715378,0.152172927001121,"4"
"14489",-1.23931107885631,0.456088287611363,"1"
"14491",-1.35728455510021,-0.540953483673863,"1"
"14493",1.68909137096962,-0.201455959250823,"3"
"14494",-1.5691635360497,-0.2494947021894,"2"
"14495",-1.57596532273304,-0.314793662032985,"2"
"14496",-1.39194586534284,1.34922932168427,"1"
"14497",-1.67734529510548,0.968475519489657,"1"
"14498",1.20700002381917,-1.28364746831451,"4"
"14499",0.0805164694287253,-2.16192598576935,"4"
"14500",-0.606634676814943,0.63644576192415,"2"
"14501",-1.39631317689157,-0.118459666905668,"1"
"14502",2.03038707406022,-1.1345270376445,"3"
"14503",2.19648810137001,-0.12488671823029,"3"
"14504",-0.00573944255799294,-1.55693533812569,"4"
"14505",2.47563508571395,-1.22287497684553,"3"
"14506",1.04457758621097,-1.75715417694175,"4"
"14507",1.08567292225577,-0.777816555499064,"4"
"14508",-1.0418673130058,-1.35151359798351,"2"
"14511",1.23528328958941,0.00735517995827806,"4"
"14512",-1.43905480962554,0.525740207672556,"1"
"14513",-0.211696749919062,-0.107220581322049,"4"
"14514",0.270672162739445,-1.20903993436204,"4"
"14515",1.64145663337265,-0.261545809686151,"4"
"14517",-0.995396804586147,-0.834709471643768,"2"
"14518",-1.25378345160067,-0.501984466495889,"2"
"14520",-0.655910946086728,-0.623747626299135,"4"
"14522",0.834011973141524,0.209630704342356,"4"
"14523",-1.21197320972522,0.159113351239979,"2"
"14524",1.47063242443401,-0.891525275067074,"4"
"14525",2.50741065665489,-0.616956354095121,"3"
"14527",3.90547669625472,1.31308285911087,"3"
"14528",-0.731977435958673,-0.138608799939435,"2"
"14529",-0.164922282553546,-0.474285477552687,"2"
"14530",1.73726946693655,-0.849541484561523,"4"
"14532",-0.34299157512116,0.60804603777654,"1"
"14533",2.22922524993496,-0.298010277777405,"3"
"14534",3.02818110018088,-0.102873892531242,"3"
"14535",1.18505634080107,-1.26803380236322,"4"
"14536",-2.76349687238211,0.306489509537366,"1"
"14537",-1.06452313965627,0.376491518876793,"2"
"14538",-0.857123935098606,-1.01212526324372,"4"
"14539",0.110460840708243,0.603424725152352,"2"
"14540",0.290106130895027,-1.55405341217905,"4"
"14541",1.24491095160446,-0.374682087610398,"4"
"14542",-2.88966191152273,0.50211552961591,"1"
"14543",2.55419752689367,1.04507572181678,"3"
"14544",0.903323545247285,-1.43127984431862,"4"
"14546",1.49963933678814,-1.51762711642969,"4"
"14547",2.73389657194987,1.47190577290772,"3"
"14548",-0.379606011683155,1.0561690985569,"4"
"14549",-2.29940733338585,0.155800125912724,"1"
"14550",0.211260193586296,0.375362262456482,"2"
"14551",-1.18844014838026,-1.31172197269284,"2"
"14552",-2.21640455000494,-0.90544959406315,"2"
"14553",0.550685654489029,-1.63123015002217,"4"
"14554",1.68631277888486,0.945800150877521,"3"
"14555",-1.07637569548445,-1.34078578525529,"4"
"14557",-0.167745298256829,0.784027163701758,"2"
"14560",2.87481062337814,0.93330572713104,"3"
"14561",0.613065063300013,-0.330271328385881,"4"
"14562",3.09644531404335,0.210438751943374,"3"
"14565",1.35311576456231,-0.409219560351159,"4"
"14566",0.517151745756465,2.44276178344172,"4"
"14567",0.418378978357615,0.40182284863592,"4"
"14569",-1.33361470456186,-0.368972676187468,"2"
"14570",-1.9629780472685,1.20802709885287,"1"
"14572",1.88081334871865,-1.13073911418143,"4"
"14573",0.853361222059972,0.263825587613187,"3"
"14576",-3.93276154745149,1.70615190010264,"1"
"14577",0.258077458985993,-1.92788980552853,"4"
"14578",-1.17627794631201,-1.08536058329507,"2"
"14581",-1.32997353734908,-0.934285396703704,"2"
"14582",-1.81211759770838,-0.22565466618055,"2"
"14583",0.774609130662855,-1.81220786236383,"4"
"14584",0.291109316880674,2.13739407745756,"2"
"14585",-1.8029610060608,-1.03954623747463,"2"
"14586",-1.65757233881926,0.579794561855524,"1"
"14587",1.38896271386519,-1.42718440329224,"4"
"14589",-4.08688471522472,0.984505618117337,"1"
"14591",1.01420702346611,-1.42381966674771,"4"
"14592",0.127852316694817,0.323249974763905,"2"
"14593",-0.159420860765838,-1.9702628074654,"4"
"14594",-0.80977979352189,-2.26006151211399,"4"
"14595",1.4173233111235,-0.8060753002689,"4"
"14597",0.204939613563812,-1.25714071959478,"4"
"14598",-1.3595026710344,-1.17923693580861,"2"
"14600",-2.01052098308539,0.915432622455025,"1"
"14601",-1.01453963814226,0.0177025573410052,"2"
"14603",-0.707243063793292,3.09156289408556,"1"
"14606",4.41465289163951,0.879895704471606,"3"
"14607",4.57278333358823,2.36078796793826,"3"
"14608",1.09902143592443,-0.0733108854454385,"4"
"14609",1.6248462593775,0.889484333361473,"4"
"14616",-0.934736811177793,2.45857903990741,"1"
"14618",0.00909171771309183,-0.935075962473278,"4"
"14619",-1.6829000200376,0.804684217698849,"1"
"14620",-1.1419476703615,0.159760820264849,"1"
"14621",1.36002423969061,-1.09239314293089,"4"
"14622",-1.61508094648826,0.326851452410009,"1"
"14623",0.487663211860745,-1.25518780455451,"4"
"14624",-0.814999063133469,0.776987687356751,"2"
"14625",-0.651514226756532,-0.411689232506255,"4"
"14626",1.53929106882805,-0.601857765404089,"4"
"14628",-0.408441900304972,-0.480821018864033,"4"
"14629",0.141012382176183,-0.631157101180872,"2"
"14631",0.447081049414587,-0.813617394327405,"4"
"14632",-2.53193583903143,0.583131264885407,"1"
"14633",-2.02219990011451,0.796534350840663,"1"
"14636",-0.379428894209432,-1.17297759103623,"4"
"14638",-0.849194111029841,0.169399960772125,"2"
"14639",1.69451323356487,-0.660263521356831,"4"
"14640",1.51917180793706,-0.278724939155573,"4"
"14641",-1.70450051128749,-0.451387770653543,"2"
"14642",-1.78916680053973,0.536706053455367,"2"
"14643",-0.283585361349497,-0.427670873632355,"4"
"14644",-0.262718326151712,-0.725371488590474,"4"
"14645",-0.586379253896352,-0.267280357342327,"4"
"14646",5.39711817314063,3.37185339184544,"3"
"14647",-2.09249839899659,-0.0291405446105998,"1"
"14649",0.993430480118476,-1.50881001216093,"4"
"14651",-0.460105219251412,-1.6044490566272,"4"
"14652",-2.30063716203096,-1.13180817452864,"2"
"14653",1.50833276779389,-1.38622671994558,"4"
"14655",1.40914739493199,-0.302447710504544,"4"
"14656",-1.66425671796301,-1.36550693044592,"2"
"14657",0.352217101939972,-1.85311461959001,"4"
"14658",-1.41112768740519,-1.55065225644366,"2"
"14659",1.95005441288479,-0.860528126384957,"3"
"14660",-0.766108237425209,0.492293688319394,"2"
"14661",-2.0247456470664,-0.0299763268578822,"2"
"14662",0.296940096547807,-1.99494184923923,"4"
"14664",0.06373337174476,-0.035215895865643,"2"
"14665",1.08848137845403,-0.497697367428525,"4"
"14666",-1.24477413125643,-0.499001229363198,"2"
"14667",4.10310744022417,0.723558339954757,"3"
"14669",-0.0996215912449712,0.134155531006886,"4"
"14670",-1.31704728460362,0.686921374262359,"1"
"14672",-0.733334152803482,-0.0998558956735713,"1"
"14673",1.37157354024429,-0.959744499345937,"4"
"14675",-0.538715045893556,-1.0450848972404,"2"
"14676",2.14908374615679,0.354945323343897,"3"
"14680",4.58824066796098,1.66436692466738,"3"
"14681",-0.560303410831121,0.500462606369312,"2"
"14682",-2.15016976275031,1.59076887791341,"1"
"14684",0.762604410659385,-2.18355833226153,"4"
"14687",-0.404006879974115,0.746342078078162,"2"
"14688",3.56816278917605,0.425271627566674,"3"
"14689",-2.51628181602782,-0.0172084891557829,"1"
"14690",-0.893699606784846,-1.41987330307425,"2"
"14691",1.34259247268767,-0.0353042529091962,"4"
"14692",-0.370690978425651,-0.73728830346201,"4"
"14693",-2.70416860767791,0.921341988259973,"1"
"14696",1.84239867899715,-0.983190328916226,"4"
"14697",-1.52866445759334,1.00062018324164,"1"
"14698",1.14466711269375,0.545820639411053,"3"
"14699",-2.47850777396715,0.326268004600065,"1"
"14700",1.14721149975792,-0.89754121245645,"4"
"14701",1.79910617868468,-1.02442438733315,"4"
"14702",2.69065170776152,-0.344786747330566,"3"
"14703",-0.933450447172874,-0.491236597122829,"2"
"14704",1.61570289724943,-0.741515863915912,"3"
"14705",-1.68348788825031,2.21036253319048,"1"
"14708",0.716157548889106,-0.872121409142496,"4"
"14709",2.96619170326639,0.167159747949374,"3"
"14710",0.374463782884018,0.154025611972249,"2"
"14711",2.08797002376747,-0.491742210545799,"3"
"14712",0.405519924975349,0.401918879941614,"4"
"14713",2.20567118287694,-0.965213630646415,"3"
"14714",-1.16978478123942,-0.412694664271335,"2"
"14715",0.471247472169866,-1.40369715294218,"4"
"14716",-0.5419729280138,-1.56130845602849,"4"
"14719",1.19698029325092,-1.5548498574294,"4"
"14720",0.027162679993254,-0.678670325046322,"4"
"14722",-1.95574735250346,-0.475417573502093,"2"
"14723",0.876382427618444,-1.98354162777867,"4"
"14725",-0.176591985763491,-0.439201759176085,"2"
"14727",-2.26889345805474,1.14808781271548,"1"
"14729",-2.33962886255958,0.322075975255734,"1"
"14730",1.5950911054406,-1.50559535095971,"4"
"14731",-0.462397424006814,-1.34400875105429,"4"
"14732",2.02963388708659,-0.624530957281954,"3"
"14733",3.45863424772777,0.556261316573719,"3"
"14735",3.89278429507674,1.5839340017258,"3"
"14737",0.578519970535621,-0.438680617591258,"4"
"14738",1.20001920762301,-0.236806357473646,"4"
"14739",2.69709756559339,0.104528387169044,"3"
"14740",0.224694093886539,0.539555450832004,"4"
"14741",1.31398970045457,-0.786032953519374,"4"
"14744",1.2856263106008,-0.191670119953189,"4"
"14745",0.885527281518799,-0.0201111917216125,"4"
"14747",-2.0296114865288,0.758019383387221,"1"
"14748",1.21419532885846,-1.08864053093806,"4"
"14752",-0.535013615661822,0.904403807396509,"2"
"14753",-0.836896051644353,0.0622383303504085,"2"
"14754",-0.161533845822297,-1.41994800966225,"4"
"14755",2.78526213999829,-0.113932456433502,"3"
"14756",-0.178742107770858,-0.231261636945883,"2"
"14757",-1.01165628086062,0.113506035759944,"2"
"14758",0.406548701837842,0.485894826544575,"4"
"14759",0.729776756575035,-1.25781834306463,"4"
"14760",-3.08215349733068,0.892830044852511,"1"
"14761",-1.13680519560399,-1.14617871694173,"4"
"14762",-1.59194774449941,0.633065624636957,"1"
"14764",-0.90744511132571,0.508593306214275,"2"
"14765",-0.860898644141601,-1.51982546991494,"2"
"14766",1.73383751902544,-0.955595296399487,"4"
"14768",-1.2897307902862,-0.399683055034628,"2"
"14769",3.21816095459027,-1.1040142831507,"3"
"14770",-0.574582634726151,0.212402735874508,"1"
"14772",-1.96330809768697,-0.0364007017633506,"2"
"14775",0.601644739085983,-1.19465467170759,"4"
"14776",2.51113921217039,0.326222002221854,"3"
"14778",-0.51252156327795,-0.644535342018578,"4"
"14779",-1.49018880310537,1.46117213538643,"1"
"14780",-0.242167173904792,0.763781513018406,"2"
"14782",-2.28223821306272,1.49505593906738,"1"
"14784",-0.718795676655801,-1.45708272868306,"4"
"14785",-1.32943741078086,0.796714677556335,"2"
"14788",0.285363903083898,0.797595092314608,"2"
"14789",-1.25142677369231,0.154070190525815,"2"
"14790",0.619044251042985,-1.05743499280576,"4"
"14792",-3.20556345785702,-1.35829267679435,"2"
"14793",-1.36753061558474,-0.385146185132001,"2"
"14794",1.30334541010347,-0.893694634730155,"4"
"14795",-2.74722303495307,0.472071980446002,"1"
"14796",3.62903476446709,-0.513261468385479,"3"
"14798",-1.01073620892755,-1.30419687550769,"4"
"14799",-1.49642512083154,-0.487151392327033,"2"
"14800",2.76662711102731,-0.293896211407979,"3"
"14801",-1.56426886765124,-1.28722239246869,"2"
"14803",-0.207118750189883,0.0278277933118161,"4"
"14804",-0.920398803704298,0.0108999582506622,"2"
"14805",-0.319924530317119,-1.46187888529767,"4"
"14806",-1.10362214975262,-0.104140662250773,"2"
"14808",2.17778724598174,0.353362061122869,"3"
"14810",1.81568046764466,-0.712545466686208,"3"
"14813",-2.63253755266735,1.3600931860244,"1"
"14815",0.399262571206751,0.567504953805369,"2"
"14816",-2.48247332069408,1.50516348061558,"1"
"14817",-0.207630599022085,0.276313565466368,"4"
"14818",-0.15007643495785,-0.924384658774655,"4"
"14819",-1.11812436707128,-0.745120582823377,"2"
"14820",0.0853912404385954,-0.584333462011199,"4"
"14821",-3.78833125953423,1.41453275395447,"1"
"14823",-1.21820577947695,1.12838952739496,"2"
"14824",1.01139327160619,0.777279467839816,"3"
"14825",2.14731249874426,-0.322369687172325,"3"
"14828",1.09971578993283,1.56717192088389,"4"
"14829",0.335952904923897,-1.24374552311528,"4"
"14830",-1.50912999356641,-1.09134125325455,"2"
"14834",1.40361387784978,-0.240670746789637,"4"
"14836",-1.20233612593362,1.1927664110468,"2"
"14837",1.10437796755666,0.0342486396803195,"4"
"14840",-3.25243313872246,0.646319115806916,"1"
"14841",1.87527551604383,-0.406199375587429,"4"
"14842",1.34832012169336,-0.814224094696151,"4"
"14844",1.59762686847977,-0.210347490103996,"4"
"14847",-1.51337398671303,0.486394475024848,"1"
"14849",4.06610918869356,0.962913204922417,"3"
"14850",-1.77445050044338,0.915830145794733,"1"
"14851",-0.3196422527047,-1.37469879003888,"4"
"14852",1.81586706521747,-0.0680512444823703,"3"
"14853",-0.725754140023212,-0.456996234419063,"4"
"14854",1.88729994538867,0.255140081192417,"3"
"14855",-0.263268560134235,1.57380849111333,"2"
"14856",0.978362233993028,1.54653523687407,"3"
"14857",0.173472343165533,-0.429474702638248,"4"
"14859",0.967402353225979,-0.593392433725855,"4"
"14860",-1.12441646073135,-0.457017346163019,"2"
"14861",-1.60627489932536,-0.0972591286393188,"2"
"14862",0.295171901944368,-0.971097126648121,"4"
"14863",-1.11610040797994,-0.0540159181726463,"2"
"14865",-1.795976657389,-1.93161052921497,"2"
"14866",4.07903954968913,1.38319656198002,"3"
"14867",-0.430882250522413,0.00540810098096883,"4"
"14868",2.15933159991107,-0.15856768656806,"3"
"14869",0.0974074365807564,-1.21454404495369,"4"
"14870",-1.8833065871633,1.04808007711331,"1"
"14871",-0.265480905066906,-2.17900828211935,"4"
"14873",-1.40303210554648,0.613888130491102,"1"
"14875",0.191027671100037,-0.305416951209689,"4"
"14878",1.5409936279623,-0.864608098044776,"4"
"14880",-0.0960473604249881,-0.959264274439235,"4"
"14881",-0.822878997992389,-0.457432219709327,"2"
"14882",-0.105110070366945,1.52805938237626,"2"
"14883",0.994035593458624,-0.548003555352698,"4"
"14885",-0.197097152461395,1.01738926768374,"2"
"14886",-1.71766989338271,0.851649788715437,"1"
"14887",0.851687258278915,2.20316518683275,"4"
"14888",-1.51003293831475,0.576025072699797,"1"
"14889",-2.75091688202599,0.892938399382512,"1"
"14890",-2.67645863593464,0.714488852779054,"1"
"14891",-0.334439900601411,0.80160657826738,"2"
"14893",0.76200602250466,0.625369951700676,"2"
"14894",-0.603527134269917,0.368528862233216,"2"
"14895",4.05143647197645,0.983106166412374,"3"
"14896",-1.11348172124294,-0.710929104841078,"1"
"14897",0.808151669686669,-0.897567210262708,"4"
"14898",1.1924945022261,-1.22583049043004,"4"
"14901",1.47630361557281,-0.771287795562815,"4"
"14902",-0.859980044631211,-0.338728411031812,"2"
"14903",1.56606536461025,-1.35120865411916,"4"
"14904",1.05090724394765,0.48084275966228,"2"
"14905",-0.538975520975784,0.597793912623629,"1"
"14907",2.14128412071204,-0.740895499762651,"4"
"14908",-1.21950357904694,0.333624448127155,"2"
"14910",0.227310791058332,0.651383142245527,"2"
"14911",5.12795233921994,2.10828184780448,"3"
"14912",0.476001544019288,-0.95928643251631,"4"
"14913",1.09496053689001,-1.27340338337357,"4"
"14915",-1.15013668737703,-0.716135511296243,"4"
"14916",0.859573017343211,-0.824763576076532,"4"
"14918",0.500078320944943,1.28135782692073,"2"
"14920",-0.245124490831156,1.55261705300598,"1"
"14921",0.527600440528544,-1.18320365641369,"4"
"14923",-0.31640457447537,-0.166170450438889,"2"
"14924",-2.06690547596522,1.13111806606834,"1"
"14929",-1.22055921303881,-0.179867975052993,"2"
"14930",0.874700804312401,-0.412288616312854,"4"
"14931",0.956041883454501,-0.417371904112336,"4"
"14932",-2.3899101242134,1.41203467673388,"1"
"14934",0.572512705712429,-0.838231247638938,"4"
"14935",-0.0968251149711016,2.77552211365747,"1"
"14936",2.94724817244425,0.0323055524236415,"3"
"14937",0.802488586687698,0.899615005718335,"4"
"14944",3.07292489233354,0.710457076153039,"3"
"14946",-2.15897610684512,0.0780395646689652,"2"
"14947",-0.812717380656982,0.0576601508574931,"2"
"14948",1.10654396178495,-0.380216901110052,"4"
"14950",-0.954377855385225,-0.240047320863002,"2"
"14951",-0.946354571261908,-0.145864403893865,"2"
"14952",3.16421124161619,0.973851757889362,"3"
"14953",-1.08614682259792,-1.14155881388963,"2"
"14954",-1.33140378719148,-1.39808614490859,"2"
"14957",-3.36923731473308,-0.228088826063835,"1"
"14958",-0.868704958558719,-0.119190665345572,"2"
"14959",0.231967998265744,-1.05296762969102,"4"
"14960",-0.893164744395677,-1.85572364336251,"4"
"14961",2.9695410651066,-0.354893829257791,"3"
"14962",-2.7379238177396,1.0475445365374,"1"
"14963",1.25300849747139,-1.08060556921924,"4"
"14964",-2.03868379182831,0.617707004258252,"1"
"14965",-0.320524165067657,0.398877529466855,"2"
"14966",-1.34334439187751,-1.24066167615011,"2"
"14967",-0.729400384839762,0.939974976297784,"2"
"14968",-1.66720607896723,-1.33024684630038,"2"
"14970",0.523876817586927,-0.0194890576947223,"4"
"14971",0.710464174641214,0.803846479567376,"2"
"14972",-2.66549101201682,-0.585098568651019,"2"
"14973",0.31915137881143,0.461039459677838,"4"
"14974",-2.3683464182377,-1.13913673142996,"2"
"14975",-0.758941681249379,0.105408142519816,"2"
"14976",0.416680761363728,-0.75076665011239,"4"
"14978",0.797200696394907,-1.05358053165068,"4"
"14981",-2.53922628897697,0.420094373890112,"1"
"14984",-1.57405469299686,-2.09898648251604,"2"
"14985",-1.49762872449517,-1.50607390914673,"1"
"14987",-0.647054842566016,-0.428723608979329,"4"
"14988",-1.79655329657802,0.02819805767367,"1"
"14995",-1.42463453982845,-2.41920105627311,"2"
"14997",0.468493713557678,-0.483474207671621,"4"
"14998",-1.07955596523109,-0.622740805134821,"2"
"15000",-0.906626782229043,-0.887541145897698,"2"
"15002",0.682872898466831,-0.700739328077726,"4"
"15004",-0.39393363647323,-0.238573980027711,"2"
"15005",3.78139019884903,0.214431360519395,"3"
"15006",-0.895983886909137,-1.22915970741258,"2"
"15007",-2.17140041741442,0.0653230601075793,"1"
"15009",0.851464082265161,0.69875531476141,"2"
"15010",-1.00828464402805,-0.34998600046237,"2"
"15012",-0.941713378732993,-2.5175781695044,"4"
"15014",-1.09503691241703,-1.57843495938174,"2"
"15016",-2.20796118348381,-0.172961555611505,"1"
"15017",-1.96991113015801,-1.02949268519684,"2"
"15018",-0.399601161218653,-1.37591919986976,"4"
"15019",-2.20106771534617,-0.245851420655697,"1"
"15021",1.51608991392546,-1.61371153401499,"4"
"15022",0.801480387917958,0.870924048604263,"2"
"15023",2.93213586918431,-0.673930363825466,"3"
"15024",1.71376985104765,-0.882143895220127,"4"
"15025",-1.08470908325583,-1.07667684737217,"2"
"15026",-0.474475433242303,-1.38594567044319,"4"
"15027",0.758681310098318,-0.397347130873079,"4"
"15028",0.327510025312594,-1.54788739354472,"4"
"15030",-0.194147524280344,-0.0200495499856418,"4"
"15031",0.21122842386495,-1.93691709266663,"4"
"15032",1.3805605176158,1.91583836986715,"3"
"15033",2.08976389201157,-1.28113063147954,"3"
"15034",2.34816255669881,-0.962553509687478,"3"
"15035",-1.25037026612957,-0.471584049381791,"2"
"15036",-0.472107287921086,-1.35935147501842,"2"
"15038",0.065257243122936,-1.50833463871455,"4"
"15039",4.92296637482414,1.68121705149467,"3"
"15041",-2.18811502684155,-0.814945780071176,"2"
"15042",-2.59395254357386,0.780087112313147,"1"
"15043",-0.154508397946417,1.50059869694586,"2"
"15044",3.38016248296184,0.288774862608943,"3"
"15045",-0.769303984795856,0.665902746881114,"1"
"15046",3.2646720876,0.387759028240302,"3"
"15047",-1.71279747166006,0.733685404405204,"1"
"15048",-0.604522691655945,-1.98776476574752,"4"
"15049",-2.55085756706707,1.40362451302224,"1"
"15050",1.29287424464177,0.887692349671429,"3"
"15051",0.813728104349754,-1.05094783554404,"4"
"15052",-2.64319627519798,0.416773513711173,"1"
"15053",0.481883241496928,-1.76056272067092,"4"
"15054",-0.687282993465256,-0.554621507375386,"2"
"15057",-0.0303276603325726,2.34526865716495,"1"
"15058",1.9057417379873,-0.638950149808382,"3"
"15059",1.19664730154514,-1.08450866124457,"4"
"15060",-0.0300757955292857,0.550496255474753,"2"
"15061",5.39043116923097,3.38298075042169,"3"
"15062",0.578171878738252,-0.889524404075148,"4"
"15063",-1.78550489740096,1.65192737592469,"1"
"15065",1.50003868789315,-0.771045206222753,"4"
"15066",-0.324622017773157,0.0220969434815596,"2"
"15067",0.764504542898167,-0.630245405983666,"4"
"15068",-0.495692257704317,-2.07051899775123,"4"
"15069",-0.51920251301548,0.392472817861339,"1"
"15070",-3.01490833547508,2.56986515976373,"1"
"15071",-0.21809992571167,-0.344519618191513,"4"
"15073",0.507685685380292,-0.93180750649745,"4"
"15074",-0.498532674606331,0.121902157181757,"2"
"15075",-0.289029614979192,0.341045634138693,"2"
"15076",-0.541696470912931,0.43927499159544,"2"
"15078",4.36387696026484,1.33660056971586,"3"
"15079",-0.150059615239311,0.37412931857238,"4"
"15081",0.0128654561430011,-1.20642825106966,"4"
"15083",-2.96449385849729,0.697542135551827,"1"
"15087",-1.46048845689027,0.973900320478631,"1"
"15088",0.409739042907733,0.185294344355038,"2"
"15089",1.87362514403015,0.221593633057627,"3"
"15090",-1.82090263230855,0.961052496385064,"1"
"15091",-0.662014531964178,-0.156389309836315,"2"
"15092",-1.28025197166955,0.437829631807064,"1"
"15093",2.52803084564958,-0.245990933020851,"3"
"15095",0.97652164258453,0.708495120715014,"4"
"15096",-1.31971085619933,-0.147942396531757,"2"
"15097",-1.09588503577674,-0.818857400881397,"2"
"15098",1.44582878803408,4.58975949748925,"3"
"15099",-0.780023007596019,-0.00928553032149379,"2"
"15100",-0.765368195243962,4.43493155649617,"1"
"15101",-0.495496555734412,-1.01151022719001,"4"
"15103",-0.0201136793813137,-0.0384275562139166,"2"
"15104",-0.298038584169856,0.0157771377034412,"4"
"15105",1.96127762539057,0.732266840638066,"3"
"15106",1.25888325544251,-0.980529538883641,"4"
"15107",-0.776415289212784,2.69653620380118,"1"
"15108",0.485672114649847,0.867223883854803,"4"
"15109",-1.66988056688917,0.722133394099567,"1"
"15110",0.368536821898928,-0.751259603282493,"4"
"15111",0.707278065476837,-1.27139633115963,"4"
"15113",2.01086721655874,1.24196726628978,"3"
"15114",2.4597302674534,-0.253493592001294,"3"
"15115",-0.961238034927823,-0.387414959755594,"2"
"15116",0.978563111057015,-0.359927738945082,"4"
"15117",1.59093981263012,-0.542147888185255,"4"
"15118",-0.185546450135456,2.15622988126005,"1"
"15119",-2.08452349997958,0.759733092989741,"1"
"15120",-1.081100945538,0.177258273384362,"2"
"15121",-0.682107953224297,-1.34529061966607,"4"
"15122",0.537137626625842,-0.435640122176883,"4"
"15123",0.952370253386753,-1.19836223855197,"4"
"15124",-0.94680772728237,-1.54223313912659,"4"
"15125",4.08630447155352,1.89450921953052,"3"
"15127",-0.788327059866715,0.165472167497998,"2"
"15128",1.06616088162221,-0.543385678771795,"4"
"15129",2.54190876602786,0.924640376964156,"3"
"15130",-1.43084122138739,0.245862190597946,"1"
"15132",0.910326107655384,-0.764804651842737,"4"
"15133",0.284876798454391,0.031940444451902,"4"
"15134",1.58397657969098,-0.180093579551808,"3"
"15135",-2.67150608627785,0.547035533487194,"1"
"15136",1.11556079164144,0.0083517119666075,"4"
"15139",-1.69961277668131,-0.0444344265431963,"1"
"15140",1.88637219541127,0.259387688506257,"3"
"15142",-0.521384270860742,-0.119790500988656,"2"
"15143",-1.81454944609357,0.643222013526476,"1"
"15144",3.50250799028037,0.822746960963554,"3"
"15145",0.918770848083833,-1.04143857746119,"4"
"15146",0.238216260266783,-0.472046932583348,"4"
"15147",-1.08379670362587,0.889290651589146,"1"
"15148",-0.928893394369088,-0.48317071264128,"2"
"15149",-1.20800609273929,0.410041220976208,"2"
"15150",2.89296569527368,-0.109074528097347,"3"
"15152",3.07861319577149,0.830881050345841,"3"
"15153",-0.940110571731152,-0.388879494992341,"2"
"15154",-1.73960461893461,-1.15719726979637,"2"
"15156",0.862443418702848,1.14987505662595,"2"
"15157",1.35533580671344,-1.53745285216131,"4"
"15158",-0.688227697539255,0.684190568252856,"2"
"15159",5.00178619924756,1.36236660369902,"3"
"15160",-2.61738444783081,1.78463299222954,"1"
"15163",-0.82375951266117,-1.65946939006737,"4"
"15164",-0.114268121391544,-1.58225062172919,"4"
"15165",-2.01812045603189,1.31702542192968,"1"
"15167",-2.92895447895905,0.0181472473279386,"1"
"15168",-1.90726328851003,-0.212262220100637,"2"
"15171",-0.777675877815685,3.20249798515056,"1"
"15172",1.49491814127633,-0.898679546598574,"4"
"15174",-2.52546992352374,0.757878926344859,"1"
"15175",-0.984693370642758,-0.536969026459407,"2"
"15178",-3.34558919205014,0.49426966845733,"1"
"15179",1.71396391315555,-0.731768575331347,"4"
"15180",-3.41197955138025,1.06696416871909,"1"
"15181",0.274156752808041,-0.205221655862325,"4"
"15182",-0.708726621986956,-0.181806402406985,"4"
"15184",-0.774287134898289,-1.87583197255501,"4"
"15185",-0.615741822882008,-0.22996124448684,"2"
"15186",-0.493543770410595,-1.06251585802593,"4"
"15187",3.29679370473287,1.67086771762458,"3"
"15189",4.97100771737505,2.87312356591782,"3"
"15192",0.348903424036969,-0.626878213049815,"4"
"15193",-0.897544841806598,0.18344966878676,"2"
"15194",3.65689149221895,0.217367450133242,"3"
"15195",1.57900951653741,2.01932939038362,"3"
"15197",0.530364248012967,-0.943623491841087,"4"
"15198",-1.12562483000666,0.909095430654781,"2"
"15199",0.758395402286209,0.476606236758982,"4"
"15201",1.05685462337688,-0.0393878573921918,"4"
"15203",1.61430173457701,-0.956758177356353,"4"
"15204",-1.87255776280335,1.72859280051002,"1"
"15205",-0.160172378191707,0.461135163321837,"2"
"15206",-0.0523798707505101,-0.410168540149177,"4"
"15208",0.583175584535832,-1.06896629468182,"4"
"15210",-1.55275955430997,0.571422292488535,"1"
"15211",-0.347408977882275,-1.33324852973068,"4"
"15212",-2.84615327110799,0.741870572148544,"1"
"15213",-1.4000037906715,1.81634446430867,"1"
"15214",1.80554906852492,-0.478296085211226,"3"
"15215",0.116533119791988,0.760140039317117,"2"
"15216",-2.28533593540424,0.680047521299384,"2"
"15218",3.0948764270454,0.321560506668297,"3"
"15219",-1.95324652876039,0.883820282420866,"1"
"15220",1.47244711238386,-0.501009986178761,"4"
"15221",-2.38174944201107,2.42223651503632,"1"
"15222",-1.04875516175629,2.49214455194011,"1"
"15223",-0.634791691115857,2.18750793758473,"1"
"15224",-1.70435269787263,2.38011748782202,"1"
"15225",-1.4819287491572,0.677464166845886,"1"
"15226",-2.64293210491337,1.037692978814,"1"
"15227",0.986360781139654,-0.709404384541871,"4"
"15228",1.68409963684063,-0.343660903909616,"4"
"15230",-0.847483952289247,1.69335616585808,"1"
"15232",0.0388140178141026,1.17257341453615,"2"
"15234",-2.05398395628037,0.660260136174383,"1"
"15235",1.65223064343235,1.75658951028967,"3"
"15236",-1.71939028407662,1.09100710663762,"1"
"15237",1.11890625989668,-1.14526661427475,"4"
"15238",0.6200618095043,-0.653604912911829,"4"
"15239",0.269987050076631,-0.554488820721197,"4"
"15240",1.36512107756802,-0.585661988516951,"4"
"15241",1.77649574471776,-0.0104659108839402,"3"
"15243",-1.14389236172604,-0.221367545638316,"2"
"15244",-0.264317721674216,-1.02944274577937,"4"
"15245",1.08533046360959,0.25591332587318,"4"
"15246",-1.15811412651463,-0.0851599800495739,"1"
"15247",-1.09581437764353,1.05714773386345,"2"
"15249",3.23200088007542,0.642794028893288,"3"
"15251",3.83179388022887,1.47573541960511,"3"
"15252",0.0167892764140883,-1.08654469449293,"4"
"15253",1.0408132954015,-0.352537466593325,"4"
"15254",-1.17238286063561,0.122037016165249,"2"
"15255",-0.214748299310708,-0.00614421668304668,"2"
"15256",-2.39702588576634,0.154606557438326,"1"
"15257",-2.26186251275245,1.59206804708108,"1"
"15258",-0.894077447704232,0.670991285865462,"1"
"15260",1.29171157071987,0.0241229173427198,"4"
"15261",-1.3155975210536,-0.00816353446326577,"2"
"15262",-2.62354971592709,1.04995196645791,"1"
"15263",-1.88382515099768,-0.179796859828214,"2"
"15264",-0.838616434279406,-0.131791204450601,"2"
"15265",0.07019165556723,0.00970074332867399,"4"
"15266",-3.39352128959573,1.1818221162843,"1"
"15267",1.68233884369276,1.31079474119107,"3"
"15269",-1.20679004032996,1.56768605749207,"2"
"15270",2.06841310601147,0.242520541637364,"3"
"15271",2.38021200155367,-0.480432224898112,"3"
"15272",-0.0944354608921854,0.539577554654473,"2"
"15274",0.41441174506063,0.495374481429035,"2"
"15275",-0.307640082847218,-0.329457300064563,"2"
"15276",-2.17958997870263,-1.30618630800849,"2"
"15277",-1.03835674403168,-0.0754339056817179,"2"
"15279",-2.15785927845741,1.09878523300684,"1"
"15280",-2.13232019033572,-0.327428927163151,"1"
"15281",1.83729013581134,-0.138858701349017,"3"
"15286",-1.39326039890856,0.93701233038641,"2"
"15287",0.0109702653215725,0.210713517845932,"2"
"15288",1.28255605875317,-0.58852001133435,"4"
"15289",0.632303918917754,-1.14256695573843,"4"
"15290",3.82130778885032,0.856321782799985,"3"
"15291",3.05909813588711,0.818444616926183,"3"
"15292",-2.43777630068383,-0.127782641852227,"1"
"15296",1.90748881044169,-0.491971914090714,"4"
"15297",0.238231366399067,0.309895100383662,"2"
"15298",3.01201642845408,-0.0685023115950164,"3"
"15299",2.73718281049194,1.88578912638382,"3"
"15300",-0.689235955299009,-0.0944493861776191,"2"
"15301",2.80723849767262,0.189591906886983,"3"
"15303",-1.48492224236708,0.981132592158612,"1"
"15304",0.267711958985411,-0.00508447927545783,"4"
"15306",0.679383768683222,0.114999201286067,"4"
"15307",-2.03134309888482,-0.0134184694529655,"2"
"15308",-1.86486205512321,0.784710058439209,"1"
"15311",5.13003091388772,2.11600622401348,"3"
"15312",0.398096955285963,-0.756251761337664,"4"
"15313",-2.6720827709898,0.806442690430089,"1"
"15314",-1.36661735066941,0.311466995766519,"1"
"15315",0.127586877591359,-0.0242708708146006,"2"
"15316",-2.18722353959676,2.72927895942374,"1"
"15318",-0.458077100062292,-0.851364360457548,"2"
"15319",-2.12194212448581,0.625562699056822,"1"
"15320",-0.984138661997418,-0.836286309481472,"2"
"15321",1.12438982195827,-0.471101669167754,"4"
"15322",-0.494386083885387,-0.047904860325228,"2"
"15325",-1.66565857384451,-1.09681093521895,"2"
"15326",-1.81653818472205,0.750143925742577,"1"
"15327",-1.38374602656028,-0.0716006491865155,"2"
"15329",0.428141691399323,-0.572108189831574,"4"
"15330",0.822271076712677,1.57021669156089,"2"
"15332",0.259429745556424,4.16671336673058,"1"
"15333",-0.601015243390097,1.56605175799249,"1"
"15334",-0.670356693545176,0.862497971510278,"2"
"15335",-1.84932021424258,-1.08923061707493,"2"
"15339",-0.476585307518091,-1.91803541182836,"4"
"15341",0.604071915805832,1.48102860992649,"4"
"15342",-1.03092039564295,0.159068059085094,"2"
"15343",-1.41585493824584,-0.0130422504704892,"2"
"15344",-0.17975046000448,0.0107388685948721,"2"
"15345",-1.22790164694109,-0.10856868414384,"2"
"15346",-2.25713679309168,0.970797934897668,"1"
"15347",-2.36164305462177,1.85096582084375,"1"
"15348",-1.73587896562676,-0.120321170446498,"2"
"15349",-0.719517246612653,0.588669410561745,"2"
"15350",-3.08374767572934,1.42480396824618,"1"
"15351",1.3763068602738,-1.33730552414406,"4"
"15353",-0.9284531734779,-0.0918738918082626,"1"
"15355",-1.11736768352374,0.764233003280357,"2"
"15356",2.01789291957967,-1.15318898483308,"3"
"15358",4.06156083447201,0.429189195780645,"3"
"15360",-0.679918088351438,0.242990665208924,"2"
"15361",-1.56913249704619,2.16179319415438,"1"
"15363",-2.22289504462653,1.38294962488483,"1"
"15364",-0.0304656284821074,-0.394420179379833,"4"
"15365",1.71770678809059,-0.478074290395752,"4"
"15366",-0.224248244127636,-1.42833049271686,"4"
"15367",1.09844562638291,-0.607659804107137,"4"
"15368",-0.385923025518179,1.08616183752728,"2"
"15370",1.60451366079063,-0.249151279975298,"4"
"15372",0.843620323445787,1.37411113928722,"4"
"15373",1.89056800839295,-0.292511854482622,"3"
"15374",-1.56010657229524,1.00060353775536,"1"
"15376",0.464479737508169,-1.2417884266179,"4"
"15379",1.7815712725915,0.638496056269369,"3"
"15380",1.05579196075607,-0.399381900769691,"4"
"15381",-0.794063138275882,1.77486527546965,"1"
"15382",2.58987458215902,-0.621577825027214,"3"
"15384",-0.498578122416834,-0.700554424120918,"4"
"15385",-0.984226368236377,0.0677072315767163,"2"
"15386",-1.10571794316734,0.208519947178553,"1"
"15388",-2.50600395958405,0.617391926948331,"1"
"15389",-0.45233802688475,2.68906266800754,"1"
"15392",1.2119322836402,-1.27207476384051,"4"
"15393",-0.96154025328941,-1.46522586690661,"4"
"15394",1.27046747356833,-0.965069314039097,"4"
"15395",-3.45647384535489,0.928708763081134,"1"
"15396",-1.43380939077941,0.210679531764455,"2"
"15397",-3.3232480616641,0.770807667431867,"1"
"15398",0.636073881413315,-0.285050055374262,"4"
"15399",0.603529454897811,-0.255899379210766,"4"
"15400",0.503021560299759,0.68988668597574,"4"
"15402",-0.20692374785805,0.446491687273304,"2"
"15405",-1.31567981703872,1.12907095210762,"1"
"15406",-0.555240234856848,-1.86105791395749,"4"
"15407",0.477809458866153,-1.64681034872334,"4"
"15408",-2.208989981227,0.216662685366341,"1"
"15410",1.97487885781974,0.797533430729721,"3"
"15411",0.765565304353253,-0.711970600601882,"4"
"15412",-1.88910282023334,0.400581371352331,"1"
"15414",0.3090657269697,-1.12827409767895,"4"
"15415",-1.32261020957439,0.761169163568017,"1"
"15416",1.69603041275524,-0.501114993611405,"4"
"15417",-0.760289436364973,0.0214606854171208,"2"
"15419",-1.23324752915277,-0.37892481070299,"2"
"15421",0.453146539866031,-0.823082993782651,"4"
"15422",-2.72331112621704,1.90905182804955,"1"
"15423",-2.00116358498717,-0.182791623329229,"2"
"15424",-0.737727497604965,1.89089168158341,"1"
"15426",0.822427597534922,-1.93627124123305,"4"
"15427",0.952490138664088,0.564916841289038,"2"
"15428",-1.70653704377977,-0.49698514089348,"2"
"15429",-0.391747545990866,-0.931718926665787,"2"
"15432",-1.63256314655273,-0.357364640232619,"2"
"15433",-0.657894170628393,0.488107447760153,"1"
"15434",0.98699244050213,-0.565906881621719,"4"
"15435",-1.94193836721329,-1.20014284387911,"2"
"15436",0.306923942685032,-2.21916188389301,"4"
"15437",-2.52968727190455,-0.180504361845539,"1"
"15438",-2.24464668305167,-0.570645448231516,"2"
"15440",-0.626080586313574,-1.45922913646525,"4"
"15442",-1.16589180690632,2.89371376242437,"1"
"15443",1.9757211198065,-1.27589423761834,"4"
"15444",0.652072959760651,-0.0848579165276908,"2"
"15445",-2.67239664981367,0.929734070680092,"1"
"15447",-2.65712235721533,1.04595405442357,"1"
"15448",-1.66462638812193,1.04012764880815,"1"
"15449",0.566032830064698,-1.19621804800967,"4"
"15450",-0.564054257170683,-0.414151310595058,"2"
"15452",-0.234046910748996,-1.59471357506075,"4"
"15453",1.32052623847247,-1.09901098759139,"4"
"15454",-2.8333326526796,0.581178515606057,"1"
"15456",-0.777654699591717,0.482677275799083,"1"
"15457",-2.25831493059864,-0.227587039683037,"1"
"15458",-1.26720329115853,-0.13756036086165,"2"
"15460",-2.72296643572624,0.148341680128124,"1"
"15462",-0.786838141983588,0.0870760561101335,"2"
"15463",-1.58687367234831,-0.312441079555242,"2"
"15464",-1.40030553562584,0.520256919019077,"1"
"15465",3.32576598164731,1.45275981819762,"3"
"15466",-1.17573607433825,-0.790870288223939,"2"
"15467",-0.0616444195907716,-1.24992621734059,"4"
"15468",-0.466922142719452,0.874512889606005,"2"
"15469",-0.537686254772904,-0.162099858264634,"2"
"15471",-0.719328665525409,-1.11457309857633,"2"
"15472",-1.24482612095557,-0.775635181112467,"2"
"15473",2.1105204307498,3.47797497015408,"3"
"15475",-0.759129681115518,-0.130454346368954,"2"
"15478",0.673483752717977,1.24007257273261,"2"
"15480",-0.56886647061168,0.270252216301746,"2"
"15482",3.77734536290197,1.23902523730184,"3"
"15483",-0.905700029579462,-0.706046019134327,"2"
"15484",2.18965201818152,0.337531650662971,"3"
"15485",1.24017870054535,-0.88760987136763,"4"
"15488",-1.95705920845031,0.651241630849487,"2"
"15489",0.603803860851278,-0.80164979368486,"4"
"15491",1.75802514713282,0.520755168898386,"3"
"15492",0.138406373470397,0.126115775384834,"2"
"15493",0.935963441507038,-1.3566910894256,"4"
"15494",0.602080298488591,-1.16297793444637,"4"
"15497",0.600803609596999,-0.32575235471536,"4"
"15498",4.50039226020397,1.15129280606878,"3"
"15500",0.941141051868997,0.291313173056958,"2"
"15502",3.54887514034807,0.567083786093219,"3"
"15503",-3.13359218085005,0.0533810780266304,"1"
"15504",-2.84129499378586,-1.13389484102895,"2"
"15505",2.13157754981125,0.96847475174059,"3"
"15506",0.527128010767039,-1.30711948137439,"4"
"15507",-1.41066961275588,0.0275583515157807,"1"
"15508",0.528509207761904,2.24091918186078,"3"
"15510",-2.77944369231892,3.10323178638567,"1"
"15511",0.548022994273275,-0.123309786110044,"2"
"15512",-2.06442338107819,-0.812236757068399,"1"
"15513",4.18671124281627,1.31815789090116,"3"
"15514",2.66094161433317,-0.112839082864619,"3"
"15516",-1.95164574909443,0.360761640959787,"2"
"15517",-1.6551871911858,0.226923711471555,"1"
"15518",1.55824543714798,-0.659793456664794,"4"
"15520",-0.591465444890879,-0.34917278353026,"2"
"15521",2.11903334076779,-0.0728161251910752,"3"
"15522",-0.213134984562583,-0.803308363822773,"2"
"15523",-1.0312106587101,0.617143534756058,"2"
"15524",-1.37791043886256,2.02914575710454,"2"
"15525",0.00712069696221251,-2.4225278212059,"4"
"15526",-1.55907238724367,1.21758870699957,"2"
"15527",1.77047231716965,-0.744823795285329,"4"
"15528",-2.16509936888383,0.240375817973457,"1"
"15529",2.61313029053715,-1.03229374653982,"3"
"15530",1.01833024981688,-1.06120380163333,"4"
"15531",1.00422503394106,0.19396405951065,"2"
"15532",0.622772598684868,-1.88274873605579,"4"
"15533",0.172654107743672,-0.397865029636412,"2"
"15535",-0.850944807599414,-0.545899249750573,"2"
"15537",-2.83594267000874,-0.635803830289105,"1"
"15539",-0.360023925524221,-0.568979421680771,"2"
"15540",-1.0683513700395,-0.541185117929016,"2"
"15541",-2.62154450788359,-1.10798256031138,"2"
"15543",-2.78460770435459,-0.0712903910147634,"1"
"15544",2.51056842987332,-0.800646982740649,"3"
"15545",-1.21871847886975,-2.47970515483388,"4"
"15547",3.05373620927448,-0.726430766476096,"3"
"15549",0.551003617547557,-1.01144681972697,"4"
"15550",0.0920508017178063,-1.67483624126817,"4"
"15551",-0.792643562727552,-0.346497880489177,"2"
"15552",-2.81290229733626,-0.317814815180963,"1"
"15553",-0.691188544348537,-0.704768310983185,"2"
"15554",-2.39079739610556,0.747337705703675,"1"
"15555",3.14905576689216,-0.716516829004512,"3"
"15556",-0.99410947938809,-0.789246763212339,"2"
"15557",-0.663607835610345,-0.0165574500195742,"2"
"15561",0.391657299105357,-0.499142760945441,"4"
"15562",-2.77675936119715,2.68291861568297,"1"
"15563",1.11765560231792,-1.44220876151653,"4"
"15565",-1.27384215647577,0.897447720535384,"2"
"15567",-1.01334839047753,-0.0598031633800283,"2"
"15568",0.44919065863984,-0.224792094005617,"2"
"15569",0.898162975746295,0.342909065556224,"4"
"15570",2.66014562721214,-0.519851817913289,"3"
"15571",0.327849891398224,0.141422555233864,"2"
"15572",1.80481765234048,-0.895210273663937,"4"
"15573",-0.243725590801125,-0.862247982713428,"2"
"15574",-0.463309196287155,-1.03958440556957,"4"
"15576",-0.165175132959185,-0.0453960628542622,"2"
"15577",-1.45619811118884,-0.987155368667646,"2"
"15578",-2.43357378742986,-0.135842525107587,"1"
"15579",-1.24344094159965,-1.90406413267401,"4"
"15581",1.64330636329873,1.10495044781831,"3"
"15582",0.186298196198418,-1.12438596981603,"4"
"15584",0.173306550805716,-1.21491654164928,"4"
"15585",-1.1185310559107,0.277628689676554,"1"
"15587",0.533453604278045,0.310704691796738,"4"
"15589",-0.843638291287598,1.37226427039587,"1"
"15592",-0.672907971917367,-0.256428079318841,"2"
"15593",-1.62857247174839,0.495465704733757,"2"
"15594",1.33736040646092,-0.708304234781577,"4"
"15596",0.690698070007079,-0.459318770020317,"4"
"15597",-0.824832762098151,-0.38335712103213,"2"
"15598",-1.22353133127013,-0.203866400339862,"2"
"15599",0.15549070851522,-1.35674568329561,"4"
"15601",3.3988197481029,-0.11688552785232,"3"
"15602",1.76702582503922,-0.316936762188884,"4"
"15603",-2.14689245720688,0.0812355422961329,"2"
"15604",-1.31668412760165,-0.430744025382608,"2"
"15605",0.718960917875412,-0.968135434268662,"4"
"15606",1.94065927139992,0.54290504944761,"3"
"15607",-2.62015781927391,0.506477498035055,"1"
"15608",0.91410704447496,0.115859375836063,"4"
"15609",-1.61052363519419,0.468304913417441,"1"
"15610",-1.90043550436734,-0.185852975103789,"2"
"15611",1.90278240965057,0.445691308458151,"3"
"15612",-1.16318424088292,1.14296966988299,"2"
"15615",4.16514431076391,0.945351613510696,"3"
"15618",0.531835312067565,-0.0789989444055695,"4"
"15619",-0.687094292355692,1.02730022984688,"2"
"15620",0.690243359883353,-1.21586071735156,"4"
"15621",1.40922529583186,2.90128768251807,"3"
"15622",2.28281403249444,0.115031999170079,"3"
"15623",-1.54704339483997,0.153591436333344,"2"
"15624",-0.0357714895839354,-0.0616929758275781,"4"
"15625",0.989149085405458,0.230973835973619,"4"
"15626",-0.0774698923569485,-1.37643106750592,"4"
"15628",2.27799863070841,-0.609252553506537,"3"
"15630",0.387959327243512,-0.958540951370143,"4"
"15632",2.30321189544414,-0.270491669144604,"3"
"15634",-1.29273641969009,-0.40617682419615,"2"
"15636",-0.365489057388536,-0.611279545993735,"4"
"15637",-1.36680203438641,-0.313736172342015,"2"
"15639",-0.972889231727741,0.186813919828144,"2"
"15640",3.93900863078293,0.282523458029862,"3"
"15641",1.03804386548676,-0.673763463466331,"4"
"15643",-0.52475072178049,0.573773895897898,"1"
"15644",-0.0649446806392223,-0.433083884615122,"2"
"15645",-0.54898268800691,-0.585922337493318,"2"
"15646",-0.570474152894049,-0.744794426048965,"4"
"15648",-0.819887349764463,0.798180514850701,"1"
"15649",-0.673801571956232,4.37168060721936,"1"
"15651",0.169286067302462,-0.977242396049407,"4"
"15652",-1.11077936797075,-0.0607076042486396,"2"
"15653",0.823354313388048,2.60221042445608,"3"
"15654",0.569684379626103,1.31789508589827,"2"
"15655",-1.23853881140125,0.678301154618544,"1"
"15656",0.227115110369177,-0.939848271552258,"4"
"15657",-2.46471455718838,-0.00787266826638741,"2"
"15658",-0.0375449321232359,0.41519721791646,"4"
"15659",-1.15211700869352,0.122925778601229,"2"
"15660",1.70470047204793,-0.508651950917141,"4"
"15661",-1.24048509663891,2.92948926360405,"1"
"15663",-1.84366288956439,-0.0720389608784164,"2"
"15664",-0.964971124911798,0.0148625758848315,"2"
"15665",0.612242889182257,0.257469657682504,"4"
"15667",-0.863254467230488,-0.0380821771236987,"2"
"15668",-2.40254969655816,1.60171652739457,"1"
"15669",0.252143302365572,-0.720070231333064,"4"
"15670",-2.48805595923208,0.766958866918835,"1"
"15671",2.08931117316176,0.0226548251742953,"3"
"15673",1.274992926502,-0.523070919590614,"4"
"15674",1.4443622015228,-0.0722125594253055,"4"
"15675",-0.292220816967493,-0.924509817112997,"4"
"15676",1.57214467419172,-1.21013162031268,"4"
"15677",-0.456161717401577,-0.0625483951690793,"2"
"15678",-0.908621827157441,0.208405188447678,"2"
"15679",0.748243913401262,-1.23401672323302,"4"
"15680",0.807711799596619,-1.45632650059691,"4"
"15681",1.18083489688024,-0.487728193274419,"4"
"15683",-1.61016551113503,0.165880942748918,"2"
"15687",2.1455688486913,-0.48077862297595,"3"
"15689",-1.45456505707446,-0.662170876635187,"4"
"15690",-0.474419823973189,-1.16341308355591,"2"
"15691",-2.28336175886722,1.7106159342831,"1"
"15692",-1.31032612934882,-0.385677685784044,"2"
"15694",3.2250474911149,1.01038770594661,"3"
"15695",-1.16942744016758,1.81719085056081,"1"
"15696",1.80734492545696,-0.476236850689394,"4"
"15699",-1.12396823539026,-0.35000452364669,"2"
"15700",-0.51206273843577,0.820283296413144,"2"
"15701",1.07684623152066,-0.903286806656777,"4"
"15703",-2.24374258603294,1.42852601017499,"1"
"15704",1.04897691113386,1.01017810064652,"3"
"15705",-2.3109540402891,0.690464483077586,"1"
"15706",0.574418871013105,1.1597884991161,"2"
"15707",0.650738113392369,0.0682978048842633,"2"
"15708",1.76303427511688,-0.903017490607789,"4"
"15709",-2.37721180375475,1.00540316542324,"1"
"15712",0.843801279258056,-0.857609110040623,"4"
"15713",-1.21225911059673,-0.798567452262185,"4"
"15714",-0.661320566955347,-0.906168955720946,"2"
"15716",0.283637299784121,-0.786308977026452,"4"
"15717",-2.3743128330981,0.766395804186254,"1"
"15719",2.7417040345069,-0.68193495057862,"3"
"15720",-0.675211754370887,-1.18460661725511,"2"
"15721",-0.581394522054251,-1.14212643503254,"2"
"15722",1.46637384228007,-0.265263921905293,"4"
"15723",-2.92858279758918,0.360960356719353,"1"
"15724",-1.82048293112851,0.2112333043692,"1"
"15725",-0.756915887269375,-0.551660902819709,"2"
"15727",2.48461213563256,-0.765696188303854,"3"
"15729",-2.95094630274702,0.469265532525915,"1"
"15730",0.476514732865214,-0.613888700142035,"4"
"15732",-1.35450455958775,-0.222844897355713,"1"
"15733",-2.60290846352767,0.78759636143735,"1"
"15734",0.0781740870976113,0.586043320061063,"4"
"15737",1.33236523398407,-0.29128773110774,"4"
"15738",3.21672802942456,0.485061637605194,"3"
"15739",-0.364124344230944,0.764662403473282,"2"
"15740",-1.42770177829241,-0.245665852009623,"2"
"15743",0.112098744499551,-1.15753193526509,"4"
"15744",-2.16779338053172,-0.459423170462856,"2"
"15745",0.599889790983169,-0.884286357676474,"4"
"15746",-1.69222735487317,-0.474361756539154,"2"
"15747",0.350391370761384,-1.27661730611651,"4"
"15748",-2.00430294743441,-0.895121713386868,"2"
"15749",2.84951888164434,3.06042303211349,"3"
"15750",1.97506039374496,-1.30309903454491,"4"
"15752",1.77579734209505,-1.35015266583152,"4"
"15753",-2.40956849784443,2.02484632225503,"1"
"15754",-0.41196167107879,-0.97687321504452,"4"
"15755",1.74230350518972,-0.814674221149426,"4"
"15756",-0.331580648523898,-1.75407318799718,"4"
"15757",-0.139547390776448,-1.02093132688861,"4"
"15758",-1.64006199939433,-0.129221378802227,"2"
"15759",-1.59033652604077,0.625616345635308,"1"
"15762",-0.254406262997102,0.793920577601779,"2"
"15763",0.109750313794828,0.136396282172642,"2"
"15764",1.83187031156051,0.0475122208692868,"3"
"15766",-1.03678709026359,0.236783472541699,"2"
"15768",-0.296126810200858,0.102543390502627,"4"
"15769",5.29337437035162,3.1410798533262,"3"
"15773",-0.140614615233794,0.602348382677027,"2"
"15774",-1.54032368037054,-0.454640491072432,"2"
"15775",-2.64168515579174,0.534695600392698,"1"
"15776",-1.60353760811619,-0.0147907998036599,"2"
"15777",-0.00354222927031313,1.50432498860963,"1"
"15780",-0.811431153719956,-0.281085843734592,"4"
"15781",-0.511956134217009,-1.31306385995094,"4"
"15782",1.44454643375392,0.792231514016388,"3"
"15783",-0.944429117663434,-0.383236378114119,"2"
"15785",1.65538161474449,-0.426779010393607,"4"
"15786",1.98601213502608,0.309466372134819,"3"
"15787",0.500556110486812,0.207835866070026,"2"
"15789",-1.75911662913062,1.06051842474696,"1"
"15790",-1.40134685208435,-1.09202182902787,"2"
"15791",0.508196979269503,-0.893452585421859,"4"
"15793",0.696407884827024,-0.102317693255881,"4"
"15795",-0.651091486048331,0.158132731753635,"2"
"15796",1.8872739458594,-0.476063381012827,"4"
"15797",1.32798245222371,1.70055888849791,"4"
"15799",0.316473914657989,-1.45701767582327,"4"
"15800",-0.595007636779145,-1.44782043216713,"4"
"15801",0.576513655523266,0.259651845741296,"2"
"15802",-1.78480314335706,2.57055584204738,"1"
"15803",-0.55504749764322,0.636585431959314,"2"
"15804",2.9950410636368,0.550255112823459,"3"
"15805",3.305862828522,0.340908700966506,"3"
"15806",0.347548163258376,-0.775506004604204,"4"
"15807",0.556266975844824,1.55528484211726,"2"
"15808",0.795424566042274,2.02422498682798,"3"
"15809",0.18090243671006,-0.966277062039978,"4"
"15810",0.768997649720973,-0.69666020228995,"4"
"15811",1.531686073358,-0.92957113094205,"4"
"15812",1.14742572258132,0.448806121899211,"4"
"15813",0.0581587242920131,1.91940303866633,"1"
"15814",1.73029962304156,1.99612233695203,"3"
"15815",1.66177514074983,0.302823919208507,"4"
"15819",1.19233277264125,-0.857072022653631,"4"
"15820",-2.37780551697547,0.758640578168779,"1"
"15821",-0.359409513530781,0.315925588738515,"2"
"15822",0.100544828867457,-1.27245835067509,"4"
"15823",-4.067848523694,1.07363820629197,"1"
"15825",-1.09126200441233,0.70596222678952,"1"
"15826",0.874367573495312,-0.410835281223231,"4"
"15827",1.91714462404857,0.331827617412719,"3"
"15829",0.121080849269983,0.29684316395341,"2"
"15830",-0.413592065833776,-0.343144553301506,"2"
"15831",0.424202621136144,-1.35561264303736,"4"
"15832",-0.960680425313855,0.703792653708043,"1"
"15834",0.963927372160374,-1.11318207621304,"4"
"15835",0.44965412767008,-0.93632423935973,"4"
"15836",-2.22354355492161,-0.399200325685419,"2"
"15837",-0.98524080018958,-0.162963839663177,"2"
"15838",4.88761684728938,2.25475646801979,"3"
"15839",0.58771589430918,-0.522267711907045,"4"
"15840",-0.515471316438833,-1.00904505216344,"4"
"15841",0.827610587790308,-0.516773362183651,"4"
"15843",-3.15894236310014,0.80818889862973,"1"
"15844",-1.60040025465952,-0.534338405447466,"2"
"15845",2.33252896605701,-0.251238579522869,"3"
"15847",-0.373972126131054,-1.38020294471225,"4"
"15850",-0.906056915840761,-2.35279584300236,"2"
"15852",-2.04366496778645,0.745696183995935,"1"
"15853",-1.85574656369804,-1.29709759711799,"2"
"15854",2.27520868270065,-0.164928897709519,"3"
"15855",0.18288738881396,-0.0536258329964863,"4"
"15856",4.8146443196019,1.17092297427519,"3"
"15857",-0.708103133513041,-0.202147517990723,"2"
"15858",1.13152847066402,-1.69782391032658,"4"
"15860",0.833233425803008,-1.20519005742609,"4"
"15861",2.18942223370795,-1.12257313476176,"3"
"15862",0.429534521810118,-2.116178951178,"4"
"15863",-2.56040486713875,-2.33909191994334,"2"
"15864",1.81276185141795,0.512090701045904,"4"
"15865",0.237816192210103,-0.670805545651296,"4"
"15866",-1.73816916857527,-0.852205526441871,"2"
"15867",2.75697230149114,-0.579858792258263,"3"
"15869",-1.83237610640813,1.36261778306855,"1"
"15870",-0.872887682993988,-1.16897042962801,"2"
"15872",-0.697362309244888,-0.541895314770271,"2"
"15874",2.35183815185846,0.458763793506224,"3"
"15877",-0.15430536209024,-0.458978929116555,"2"
"15880",-2.34087571111068,0.169644003194521,"1"
"15881",-0.55072962514334,2.57750018794545,"1"
"15882",-0.475936174667187,0.295864176848657,"1"
"15883",-0.361061675622091,-0.0436258075594693,"2"
"15885",-0.849628408627163,-0.687775334603178,"4"
"15886",-1.4304978840366,-0.281433283912525,"2"
"15888",-1.81100929606171,-0.241885255709363,"2"
"15889",-1.25149473190031,-1.63284805905273,"4"
"15891",-1.21648943186713,0.126729918402846,"1"
"15894",-1.80253731317536,-0.586555631443851,"1"
"15895",-1.91958250841236,0.18419084603917,"1"
"15897",-1.29951243678301,0.96516114413753,"1"
"15898",0.988822168897137,-1.24285099753189,"4"
"15899",-3.58635379849144,1.02094972127896,"1"
"15900",-0.97646588618412,-0.938766354613639,"2"
"15901",-0.341488949144824,-1.96107575976251,"4"
"15903",2.65490966907903,0.42117158507125,"3"
"15904",-1.66302730738722,-1.21972903024892,"2"
"15906",1.21224962002057,-0.78280352487031,"4"
"15907",0.193283861349915,-2.18178011517963,"4"
"15909",-1.87535225299634,0.680055804808139,"1"
"15910",1.37034370522301,-1.60520527590128,"4"
"15912",-1.26986753368273,0.320087309550078,"1"
"15916",1.38207009859694,-1.11119283132353,"4"
"15917",-2.82727158978766,0.28676388555531,"1"
"15918",-1.42078040459614,-0.406997938544495,"1"
"15919",-0.452881811812709,-2.50326288744601,"4"
"15920",-1.18493578457192,1.19282886464818,"2"
"15921",-1.54675911285396,0.181411516001169,"1"
"15922",-2.10467094095886,1.76074329033919,"1"
"15923",-2.89426865992208,0.477514185424274,"1"
"15925",-2.0086030105104,0.439547037355102,"1"
"15930",-1.0469287907039,0.0157279270674149,"2"
"15932",2.25993920283601,-0.373534969855513,"3"
"15933",0.839664833570439,0.0276886531528765,"4"
"15935",-1.21380383611183,2.15870264415665,"1"
"15937",-1.77470392195196,-0.0386139632798268,"2"
"15938",-0.194995424404246,-0.107767880157343,"4"
"15939",3.44701005618632,2.08234971838263,"3"
"15940",-3.72600060053186,1.4500553809882,"1"
"15942",-1.15347726155718,0.427851460638963,"2"
"15944",-2.16430141278308,1.69628395668693,"1"
"15945",-2.64347187355358,2.45870739244546,"1"
"15947",0.448388703393909,0.946089133932718,"4"
"15948",0.466424688944918,0.311031465639053,"2"
"15949",-0.328568145987944,-0.166809486954688,"2"
"15950",0.945112322842628,-1.09866016117223,"4"
"15951",-0.155386925373711,-1.54278129545953,"4"
"15952",0.285810496262847,-1.18621021362268,"4"
"15953",1.57962800995079,-0.736754514443089,"4"
"15955",2.88139207715352,0.24929086016339,"3"
"15957",-0.85443701622732,-0.645431252325659,"2"
"15958",-2.32584297397893,-0.246994204773661,"2"
"15963",-0.109484332525671,0.617096887886793,"2"
"15965",0.303148883179013,-1.88265239568906,"4"
"15967",-0.825595283318215,-2.39250278455003,"4"
"15969",-0.143205861913759,-0.603161391894364,"4"
"15970",-2.04074763956531,1.33134219696546,"1"
"15971",2.9452655617254,1.44882280546894,"3"
"15973",-2.15010901542567,2.36546246820201,"1"
"15974",2.16167575861484,-0.266529483845109,"3"
"15975",-0.987125623407905,-0.116966974232832,"2"
"15976",-1.01341033531782,-0.487916383114751,"2"
"15977",0.752336998227497,0.619106104404052,"2"
"15978",0.109264341967595,0.174834932238103,"4"
"15980",1.2472778409414,0.313787315227957,"4"
"15981",2.31432754618562,0.0903247425579267,"3"
"15983",0.929100861030409,-1.42507835832251,"4"
"15984",2.25794189454423,-0.912093558685246,"3"
"15985",0.323053301034017,-0.0251216771850503,"4"
"15986",-1.14966815814021,-0.590792897670257,"2"
"15987",1.57140329150956,-1.19252813821527,"4"
"15988",-1.4042266792082,-1.11553108770913,"2"
"15990",-0.102427549136916,-1.40821364225535,"4"
"15992",-2.65026193052656,-0.651062678571536,"2"
"15993",2.24506896963241,0.947697894460291,"3"
"15994",-0.995864328742168,-0.372919907776463,"2"
"15996",0.449759613179725,-0.987640657123882,"4"
"15998",1.60630973223761,-1.65150010734023,"4"
"16000",3.38931974179533,3.71457617776666,"3"
"16003",1.57981820424937,-0.652693414387679,"4"
"16005",-0.0921486999616755,-2.24097873041986,"4"
"16006",-2.47724028633311,0.255607029000884,"1"
"16007",1.01022114649005,-1.45018752309611,"4"
"16008",-0.108878707593116,-1.13463973125292,"4"
"16009",0.479343465559642,-0.714578007410704,"4"
"16010",-1.27804082055392,-0.463077917387668,"1"
"16011",2.84629006397586,-0.00382946899120612,"3"
"16012",0.76012077541034,-0.624712126991849,"4"
"16013",5.50130462376673,3.90324176186615,"3"
"16014",-0.311169778639679,-2.06299806646013,"4"
"16015",0.585319749067935,-0.473546484901873,"2"
"16016",1.26067751043063,-1.49291878234997,"4"
"16017",-1.58422287563932,-0.904314301105897,"2"
"16018",-0.687986893748194,-1.17354950478796,"4"
"16019",2.2751004734543,-0.0838243107504498,"3"
"16020",0.586098314018557,0.566803219455073,"2"
"16022",-1.46407435103539,0.291561652522239,"1"
"16023",-0.0903933800587427,-1.65062368774026,"4"
"16024",-0.904982387399113,-1.39099611040366,"2"
"16025",-0.580183100916402,-0.349612793991502,"2"
"16026",-1.15566697502028,-0.849798804342871,"2"
"16027",1.1873202903814,0.735606627880454,"4"
"16029",5.41459445477734,4.23869158330195,"3"
"16030",-1.82065861275664,0.688837013998269,"1"
"16031",-0.57307678051771,-1.64781851735666,"4"
"16033",3.60854309113467,-0.183286399227604,"3"
"16034",-0.795905271947322,0.129420030225054,"1"
"16036",-0.0714193729906029,-1.11508196043534,"4"
"16037",-0.446508673926493,1.02720645078876,"1"
"16038",-0.144632833054228,-1.0989813652182,"4"
"16040",0.540277942960377,-0.738267543166437,"4"
"16041",1.94359820019697,1.88455388668321,"3"
"16042",0.971662560723678,-1.01928741928692,"4"
"16043",0.443254318244703,-0.936425661370141,"4"
"16045",0.659026012157479,-0.266023471971002,"4"
"16048",-1.81406677451865,2.66298120510802,"1"
"16049",0.625277805278169,0.122490017485897,"2"
"16050",-1.70994136001512,0.151456292231115,"1"
"16052",-0.888099811276663,-0.522921356588398,"2"
"16053",0.917394328114118,-0.620398554611518,"4"
"16054",-0.735343076836312,-0.0289962858170646,"2"
"16055",-2.8694309149787,0.527558702667204,"1"
"16056",-0.522482503037324,-0.586259881258617,"2"
"16057",1.64605264209387,-0.500855267227,"4"
"16059",0.886503382447822,-1.14898859112894,"4"
"16062",0.87395453362127,-1.27133324064893,"4"
"16063",-1.63490385062674,0.639478441609228,"1"
"16065",-2.178913350821,0.395821946780769,"1"
"16066",1.33787517012106,0.02492954295735,"3"
"16070",0.387852269896543,0.975671818988446,"2"
"16071",-1.02393138921925,-0.301179656857362,"2"
"16072",-1.65096159218581,1.20941690202223,"1"
"16073",-2.55981714940533,2.35577152655875,"1"
"16076",2.23164684411557,0.14291553848623,"3"
"16078",-3.20581570232744,1.94410334396679,"1"
"16079",1.33672711794976,2.33601243810559,"3"
"16080",-1.24625539341488,-0.924241291671368,"4"
"16081",1.47303780324847,-1.02878852931953,"4"
"16083",0.376042717184221,-0.399501677068414,"4"
"16084",-1.76935299263208,0.663124176663594,"1"
"16085",0.670635429828805,-1.72167712249873,"4"
"16086",0.751095373260086,-0.449312145680335,"4"
"16091",-1.10656890455907,0.678377151461366,"2"
"16092",0.124410507897573,-0.397600555659042,"4"
"16093",-2.92281197747246,-0.0404526362951851,"2"
"16094",0.7956201907173,-0.910316384212267,"4"
"16096",-1.78677767939885,1.10244806197757,"1"
"16097",-2.23848277607893,0.695077517402832,"1"
"16098",1.26562354745728,0.101485054479793,"4"
"16099",0.149705610047421,-0.776876277713222,"4"
"16101",0.0976417647913853,-0.0494114706686526,"4"
"16102",1.09114111556021,0.354303822250881,"4"
"16103",1.2666016896884,-0.200964812874297,"4"
"16104",-1.33906108714395,-0.495105681255449,"2"
"16105",-1.4076153338219,1.00503511280042,"1"
"16106",-1.92653172650517,-0.151631666075696,"2"
"16107",2.27564982403928,1.37902897103558,"3"
"16108",-0.2228753947102,0.0155744175277014,"2"
"16109",-0.485088588857359,0.656930288255225,"1"
"16110",0.368182667330645,-2.14296679604203,"4"
"16112",-0.531418329354964,-0.587360889647941,"4"
"16113",-1.99730261977001,-0.438717177254524,"1"
"16114",-2.42445373220709,0.299679683818167,"1"
"16115",1.51983432608947,-1.26921835042163,"4"
"16116",-1.17996189755182,0.604056763246647,"1"
"16117",-1.92658345219544,-0.145470104492103,"1"
"16119",-0.276156664848195,-0.151956500777119,"2"
"16120",1.34772922355909,2.68347521269302,"3"
"16121",-0.163035228623261,-1.98191194640562,"4"
"16122",0.568626820242211,-0.887849577606437,"4"
"16123",-1.06507509059967,-0.116264294366766,"2"
"16124",-2.58435250885158,1.21581483325973,"1"
"16125",-2.31648105156078,1.43397627720738,"1"
"16126",2.16313004841272,-0.0875917336245605,"4"
"16127",-0.44676651079369,-0.249506061417665,"2"
"16128",1.36780582369218,-0.720653090459969,"4"
"16131",2.08333572332967,0.556133247764736,"3"
"16133",4.93095917660056,2.13318317519848,"3"
"16134",-0.195772322281812,-1.51717684891699,"4"
"16135",-1.45672953296076,1.05875823403546,"1"
"16136",0.0897218574290701,-0.885559468021726,"4"
"16139",0.0941983600138726,-0.919439600071261,"4"
"16140",0.0196731154702665,-1.19493818047434,"4"
"16141",-0.733323546517285,0.142689309805277,"2"
"16142",-1.19454889234546,0.607778549153653,"1"
"16143",1.60360767726844,-0.903688844325341,"4"
"16144",-2.59060130620039,2.42510084413918,"1"
"16145",2.75466824388231,-0.394882506924745,"3"
"16146",-0.0664866692535184,0.82551075497531,"2"
"16147",-1.13647924855762,0.17924205709488,"2"
"16148",-2.68212439202162,1.96250675904677,"1"
"16149",-0.526049112715233,-1.2946376192777,"4"
"16150",1.28964681885455,-0.913495034326752,"4"
"16152",-0.305416487128161,1.85515942955286,"1"
"16153",1.25365411033349,-0.714797024413596,"4"
"16156",2.20456292179862,-0.194852414014225,"3"
"16157",0.411886791304383,0.822085325004057,"2"
"16159",-1.65169338247126,1.12917542342097,"1"
"16160",0.806497979582114,1.6901786073343,"2"
"16161",3.29973319668639,-0.0250002122319762,"3"
"16162",-3.61971230163437,0.699518843139734,"1"
"16163",-0.664451110536738,1.50270170747344,"1"
"16164",0.673040011296192,1.58280917877386,"2"
"16168",3.49633588832594,1.44270327378346,"3"
"16169",1.5533825568776,0.623181752288491,"3"
"16170",1.61916684979672,-0.348411583469405,"4"
"16171",-2.47835320921467,0.0264931986981005,"2"
"16172",0.819359112075543,0.0448604557201196,"4"
"16173",1.34138451079916,0.775403350043493,"3"
"16174",0.638807593970144,2.53525206167322,"3"
"16175",0.459398024365139,-0.155259410910606,"4"
"16177",-1.2394595932747,-0.010429139462084,"2"
"16178",-1.7697956274584,0.444608604771302,"1"
"16179",-1.47092641534807,-0.0770377038490143,"2"
"16180",3.21146657652169,1.74119668661123,"3"
"16181",-1.13300588945164,0.254839975288856,"2"
"16182",2.52907729644765,1.38277168167443,"3"
"16183",-1.21742925536312,0.0817643994063742,"2"
"16184",1.01860099426931,0.447695141261862,"4"
"16185",-0.375420850208471,-1.41287581777794,"4"
"16186",2.80459037257871,-0.164535178500812,"3"
"16187",3.52699082967628,0.829253231551107,"3"
"16188",0.695098538179183,-0.835214539928278,"4"
"16189",-0.900247342300412,-0.470080802027122,"2"
"16190",-1.35257063355388,0.277530160852075,"2"
"16191",3.21779193216604,0.377806791166398,"3"
"16193",-1.63205783566622,0.619542210009416,"1"
"16198",-1.09044103378573,0.25120225893996,"2"
"16200",0.134271244785768,-1.96561230295608,"4"
"16201",1.44368110448242,-0.218630896175475,"4"
"16202",-2.02801665931377,1.34522224408997,"1"
"16203",-0.0505292543456665,-1.0447540405892,"4"
"16204",-0.90414704558304,-0.885384109850335,"2"
"16205",0.402681691862927,-1.07276948297041,"4"
"16206",-0.15686505751325,-1.4589459070965,"4"
"16207",-0.927252652582107,-0.164969410011881,"2"
"16208",-0.361344513280331,-1.71400648821727,"4"
"16209",1.47676150784791,0.76578965175298,"3"
"16210",4.68480625310321,1.94871132555223,"3"
"16211",-0.943916346404646,0.241682615788748,"2"
"16212",-0.307150465668468,-1.49103125842674,"4"
"16213",-1.91393742842801,0.214435608764087,"2"
"16214",-0.00653066048086561,0.533697302172728,"4"
"16215",-1.48946930379012,-0.0708719988345042,"2"
"16216",-1.13832233018292,1.11447533906268,"1"
"16217",-1.60941988350682,1.06948569730855,"1"
"16218",2.17089968651391,-0.171696375251808,"3"
"16221",0.306579756515392,-1.76954709692618,"4"
"16222",-1.50133867952249,0.371889891955918,"1"
"16224",0.909813387412656,-0.795587453227664,"4"
"16225",0.618181485624623,-1.18319983363599,"4"
"16226",-0.813883655531527,2.45993084900051,"1"
"16227",-1.76874479079416,1.43075299007706,"1"
"16229",-0.170362401975487,-0.537346557892337,"4"
"16230",-0.5851903914889,1.30116549820968,"2"
"16232",0.672435462210976,-0.262234944207946,"4"
"16233",-0.440259751508586,-0.854213959089119,"4"
"16235",0.464730064896547,-0.815738506591343,"4"
"16236",-0.957353609472939,0.110360233019517,"2"
"16239",-0.601512526412598,-0.760603181913043,"4"
"16240",1.46193737023298,0.29241957162832,"4"
"16241",2.19601168536868,-1.23131734997765,"3"
"16242",2.15009075949319,-0.824666775482264,"3"
"16243",-0.736195157684645,0.156350819147279,"2"
"16244",-0.0889183545923728,-0.313067325353379,"4"
"16245",0.829165523940094,-1.20762109388148,"4"
"16247",-2.05075764926173,-0.327934909170548,"1"
"16248",-1.70738196234518,-0.0116951384670948,"2"
"16249",1.28685572145877,-0.071140157042154,"4"
"16250",-1.42007640060327,0.0907854997234758,"1"
"16253",1.44077144248106,-0.604324535614579,"4"
"16255",1.97535379867245,-1.10000370517744,"4"
"16256",-0.752159583697834,1.73082776297347,"1"
"16257",-3.31532680149276,0.519747151191208,"1"
"16258",2.32872544555304,0.317067686587839,"3"
"16260",-0.0972086978293149,0.760868087485016,"2"
"16261",0.124172789261158,-1.70040278968894,"4"
"16265",2.70860826968749,-0.438169283402378,"3"
"16266",0.771448974816131,0.389442565571446,"2"
"16268",0.0804765276780073,0.778987100191208,"2"
"16270",-0.96506370128655,1.39805230151315,"1"
"16271",1.16980364295206,-1.52085154564801,"4"
"16272",-1.07732872733494,0.0821872434082957,"2"
"16274",-2.36218370750144,0.460264174481491,"1"
"16275",-1.05383108815475,0.484101242513514,"1"
"16276",-0.39375959403327,1.97081043903068,"1"
"16278",-1.08577461182539,0.325357284104136,"2"
"16279",0.903702460206468,-0.976009579574779,"4"
"16281",0.702460580649622,1.45914156572296,"4"
"16282",-2.55313099072885,1.00307866052366,"1"
"16283",1.33120667802943,-1.11385226995623,"4"
"16284",0.217020541268487,0.163236850601046,"2"
"16287",-1.61382079329732,0.320142268764335,"1"
"16292",-1.28617566585573,0.144083769242943,"2"
"16293",1.94138680896425,-0.360931405077729,"3"
"16295",1.22732953573728,0.755905085492642,"3"
"16297",-1.8032308944492,0.698086889978596,"1"
"16298",-0.126102245113954,-0.734802153290734,"4"
"16302",-1.46972825064978,0.282931594092563,"2"
"16303",1.90813051687819,-0.74807192797501,"4"
"16305",-1.1603734372106,0.172092439121038,"2"
"16306",0.0715486775540328,0.663740768219801,"1"
"16308",2.59929764234556,1.49446397712201,"3"
"16309",-0.288730560966717,-0.704026110931025,"4"
"16311",0.117335082941552,0.522231353616957,"2"
"16313",-0.617516936294594,-0.103266498060235,"2"
"16315",-2.54794017507742,1.02143099143976,"1"
"16316",1.91655772534583,-0.199094808174273,"3"
"16317",0.472730517403689,-0.418229088918505,"4"
"16318",-0.93219657942821,-0.26625136883343,"2"
"16319",-1.56332749894928,2.12901586310265,"1"
"16320",0.0201158869446623,0.956469734147489,"2"
"16321",-0.291484002407245,-0.213353803270986,"4"
"16322",-0.442531081758635,-0.183089006175206,"2"
"16323",-1.86311760254888,2.32695972285906,"1"
"16324",-0.614241948376672,-0.0581251007851419,"2"
"16325",-0.180465634832064,-0.481736567327541,"4"
"16326",2.19322896358836,-0.401998173930278,"3"
"16327",2.10437555553766,-1.20254411634227,"4"
"16330",-0.72879062892517,-1.12728585256576,"2"
"16332",1.31678865063276,-0.914555774775638,"4"
"16333",5.17338647625132,3.17642865706287,"3"
"16337",-1.63821434633488,-0.396374164522136,"2"
"16338",-1.83790288944829,0.362517037434601,"1"
"16339",-3.44761902641793,-0.0110043827624722,"1"
"16340",-0.826787107594644,-0.94600922643149,"2"
"16341",1.41667150820769,-0.376481027811946,"4"
"16342",-0.410742472483187,0.231275563845041,"2"
"16343",-0.593568565434833,0.0288645103765348,"2"
"16344",-2.68046950769271,1.04390340023216,"1"
"16345",-0.588542584222228,-0.286022849291961,"2"
"16347",0.15846398804782,0.239543195817483,"2"
"16348",1.22719057653896,-0.924446503372999,"4"
"16349",-3.91526201324671,0.0728571099573819,"1"
"16350",0.685594937968574,-1.07451592667252,"4"
"16351",-2.62802696323865,1.13436153508953,"1"
"16352",-0.0701478013382275,0.646567743822211,"2"
"16353",3.73983603228804,1.61682899466287,"3"
"16354",-0.69738161024641,0.452149502282145,"2"
"16356",-1.59317002332107,-0.0666483435549275,"1"
"16357",-0.0647421765726422,-0.85650235294487,"4"
"16358",1.42807628041598,-0.748742431119377,"4"
"16359",1.92705058412235,-0.241137755586763,"3"
"16360",2.1370498348198,-0.0434054794322725,"3"
"16361",0.636316305832514,0.0644072308158958,"2"
"16362",0.581821963335499,0.654363432789215,"2"
"16363",-1.99046295627517,-0.0641598521907222,"2"
"16364",-0.188159692759505,-1.2412604734015,"4"
"16365",1.49682514992608,-0.179597024630689,"4"
"16366",-0.763981696398194,-0.307502121452612,"2"
"16367",-0.0669070713891228,-2.15538495432042,"4"
"16368",-0.242224581271347,-0.0790127964987812,"2"
"16369",0.894235451057352,-1.15557017967851,"4"
"16370",0.515808249821934,-0.952094644629548,"4"
"16372",-0.754454025675519,-0.329103268076297,"2"
"16374",-0.841118684127394,-2.08657433396325,"4"
"16376",0.485398860368019,0.0761661255422732,"2"
"16377",-0.280742736710191,2.36772669277836,"1"
"16378",-0.934605021398456,1.08697913313862,"1"
"16379",1.63707175761107,0.411138284640271,"3"
"16380",0.713325839941325,0.811888778494725,"4"
"16383",-0.390768524021774,-1.75310609311462,"4"
"16384",-0.567282279368221,-0.925458762693929,"4"
"16385",-0.371938113087303,-1.5869348969377,"4"
"16386",-0.988075713219415,-2.44045225666007,"4"
"16387",-3.06487196477288,1.21561593574003,"1"
"16389",1.14852013304747,-0.153306986362074,"4"
"16392",-2.12284830455049,-0.0670439757480241,"1"
"16393",2.44536359906568,-0.715787589665368,"3"
"16394",1.53405257573615,-0.531631852779529,"4"
"16395",1.10473502609782,-1.32107495307708,"4"
"16398",0.20065064337911,-0.0363903466085087,"4"
"16399",-0.661547934263854,-2.18328759734153,"4"
"16400",-1.3111423922559,-0.357111024346152,"2"
"16401",3.03197069235486,-0.043242662408121,"3"
"16402",-1.86271693136742,-0.644509066423799,"1"
"16403",-2.41026743131688,0.989935085165094,"1"
"16404",-0.99979711940144,-0.00822374776022128,"2"
"16405",-1.65673201207082,2.36334603383851,"1"
"16406",-1.67073859173408,-1.51900040566969,"2"
"16407",1.9373366266019,-0.555260607985034,"3"
"16409",1.30544963931856,-1.31253136536749,"4"
"16411",-1.28192504259968,-2.47811300659903,"4"
"16412",-2.04997922975258,-1.14493827515199,"2"
"16413",-1.33525758077769,-0.687332360432604,"2"
"16414",-1.94604656069929,-1.50354003582109,"2"
"16415",-1.43528756237803,-1.21033978878335,"2"
"16416",0.852860964077176,1.27677812348955,"2"
"16418",-0.233360152538828,-1.57044666284223,"4"
"16419",0.556258632369422,0.0733723638301658,"4"
"16422",5.28172175530221,3.16874400798189,"3"
"16423",-0.794566538605459,-0.235511889379921,"2"
"16424",-2.14846378614997,0.722696472657214,"1"
"16425",-1.94275992026519,0.819626762859401,"1"
"16426",1.85746841761335,-1.08012872881695,"3"
"16427",-1.4628225067546,2.04100107309778,"1"
"16429",-2.0190986494756,1.65395266844577,"1"
"16430",-1.14528935898576,0.625703599355,"2"
"16431",-0.517013341386698,0.119142600532574,"1"
"16432",-0.846561753093432,0.397904896473037,"2"
"16433",-1.49144495566143,-0.660701832990454,"2"
"16434",1.32220208628953,-0.673849702095372,"4"
"16438",0.734522896120009,-0.188127649375239,"2"
"16440",1.94567650480343,-0.861113055842317,"4"
"16441",-0.881088943037246,-1.26833849696307,"4"
"16442",-0.0537005713819637,-2.59469296750545,"4"
"16444",0.135025014156266,-1.37244077699081,"4"
"16445",-1.54372281868048,-1.34282491865917,"2"
"16446",3.32789372209678,1.04225217975142,"3"
"16447",-1.48128760851758,-0.409904997377792,"2"
"16448",-2.24815620805267,0.0356979553704326,"1"
"16449",-0.644585576439177,0.168472565023122,"1"
"16450",-1.27937097662543,0.617542356810172,"1"
"16451",-1.3983597141377,0.0364059488391477,"2"
"16454",-2.68235893024367,-0.438108340266748,"2"
"16455",1.42118535769177,-0.440776580121268,"4"
"16456",1.18463158010783,-0.422044480056554,"4"
"16457",-1.88086199254947,0.762374634837253,"1"
"16458",3.02709107586181,0.190408305937564,"3"
"16460",0.578133542354098,-0.285101483653911,"2"
"16461",-2.5778420004474,-0.582235347077782,"1"
"16462",-1.88293046016167,-0.226725687609998,"2"
"16463",1.14074795993925,-0.727081058597382,"4"
"16464",0.700490449970455,-1.40861107917018,"4"
"16466",1.31209874300055,-0.790592368629205,"4"
"16468",-2.35305527962174,0.413865783867174,"2"
"16469",-0.0925737153396071,-1.98466439436207,"4"
"16470",0.171098532763881,-1.95050722808473,"4"
"16471",-2.09095229656722,0.806739258191616,"1"
"16473",-0.962372798163258,-0.329701737929562,"1"
"16474",1.52507431094013,-0.595526387949347,"3"
"16475",-0.0370547406393332,-0.394531812195613,"4"
"16477",1.69005214883493,-0.487520537820981,"4"
"16478",-0.133436708709338,0.910754884267692,"2"
"16479",-0.812840146614577,0.0814557278523744,"2"
"16480",-0.383383182402696,-0.166227295681196,"2"
"16482",-0.868604803521586,-0.630771221067658,"2"
"16483",-2.60744526589216,-0.19008466655762,"1"
"16484",-0.891040123301202,1.2874809962956,"2"
"16485",-1.07211076518522,-0.5605035415063,"2"
"16488",0.286475150621534,-0.554297638711241,"4"
"16491",-0.243742291483215,-0.115868572981505,"2"
"16493",0.927419633209336,-0.489948910973639,"4"
"16494",-0.954494459947956,0.939993584347798,"1"
"16495",-0.0348710428356521,-1.96737581110249,"4"
"16496",0.963064136961797,-1.38713947604473,"4"
"16497",1.7377451695637,-0.429605465886541,"4"
"16498",-2.19965877619098,0.549788482321533,"2"
"16499",-1.75543634035056,2.26641582151061,"1"
"16500",0.0782897758626108,-0.473794334216525,"4"
"16503",0.511520462068315,-0.624882509832261,"4"
"16504",-0.525090083830822,-1.08107914848647,"2"
"16505",0.289398886349929,1.58068102798656,"4"
"16506",-1.54508328341474,0.965945048437043,"2"
"16509",-2.19235235745692,1.29699678885883,"1"
"16510",-2.53604634692245,1.32265252763595,"1"
"16511",0.117369330406355,-1.96209572244974,"4"
"16513",0.906107997581356,1.60156565738318,"2"
"16515",1.05103018950723,-0.815587604877532,"4"
"16516",-1.93750605451519,-0.360820245640088,"2"
"16517",-2.48845300203428,0.385018553705175,"1"
"16518",-0.536479055723587,-1.47842155018477,"4"
"16519",-1.46960477573005,-1.59392397777161,"2"
"16520",-0.226745899140019,-0.878067562072106,"4"
"16523",4.02784533921921,1.13385978325921,"3"
"16525",4.69374981987368,1.84324716492568,"3"
"16526",-1.70562714650297,0.436752837166432,"1"
"16527",-1.52115301748082,-0.115152257591308,"2"
"16528",-1.04064911024615,-0.560907821418107,"2"
"16529",-1.35601048332852,0.366871293594717,"1"
"16531",1.32591579526301,-0.841247619962442,"4"
"16532",2.31580228220554,1.03830724648882,"4"
"16533",0.611136386874611,-0.180334659386195,"2"
"16535",-0.307592696216949,-0.298894957763793,"2"
"16536",-0.956017311200249,-0.276187204684717,"2"
"16539",0.853440693395904,-0.917452482224175,"4"
"16542",-1.98557760909323,0.00848576227371449,"2"
"16545",-1.45096724595648,1.74223870619962,"1"
"16546",-0.67071461649332,1.0339981384786,"1"
"16549",2.38175903795576,-1.32693063225908,"3"
"16550",1.19014840514701,-0.878176091509168,"4"
"16551",0.455694763311254,-0.478317155518048,"4"
"16552",-1.31060746921441,0.11499635771521,"1"
"16553",2.95258847052625,2.26658563039395,"3"
"16554",0.137407334661174,-1.25961041704704,"4"
"16555",-0.76862060208389,-0.540013598273158,"2"
"16556",1.92114550515831,-0.461783085153794,"4"
"16557",-0.907804303517064,-0.678308158901075,"2"
"16558",3.89817656499852,0.382998337290333,"3"
"16560",0.021211934663572,-1.59608915887701,"4"
"16561",-0.220761079414823,-0.295206017521489,"2"
"16563",0.0890055863356465,0.762761010361816,"2"
"16565",-2.779229728829,2.11327061166089,"1"
"16566",0.536312442302253,-0.469741092311845,"4"
"16567",-0.147901850477909,-0.0542134075829168,"4"
"16569",-1.50347503481589,-0.196065454152848,"2"
"16570",2.59727243176389,0.138924567451718,"3"
"16571",0.900821244175714,-1.22475518057214,"4"
"16572",0.114891508821817,-0.307437218864079,"4"
"16573",-0.391839296994446,-1.12204598994925,"4"
"16574",-0.628749758180929,-0.138608838186373,"2"
"16581",-2.17932164917375,0.0694516499374731,"1"
"16582",-1.13072812992417,0.912024175644243,"2"
"16583",-2.50888415394216,1.2195859731595,"1"
"16584",0.145687895514643,-0.477339225936921,"4"
"16586",-1.63758351382608,1.63552754722818,"1"
"16587",-2.21365405379086,0.622282441447999,"1"
"16589",-0.157101651194545,-0.259272665559067,"2"
"16591",-1.8429750884662,0.0266955458174003,"2"
"16592",3.17274524752339,0.452097672388148,"3"
"16593",-0.850837844028596,-1.43999680202574,"4"
"16594",-2.03025359282109,-1.20191636698636,"2"
"16595",-0.977255134080165,-1.10715818856863,"2"
"16596",-1.09666870157321,-1.46532130991158,"4"
"16597",-1.47799672670015,-0.693457422893204,"2"
"16598",-2.61545680985371,0.712202296064438,"1"
"16600",1.13697785145198,-1.22075239654953,"4"
"16601",-1.36296417597095,-0.794527433277294,"2"
"16602",-0.50140932875647,-0.20032351990467,"2"
"16603",-0.126790305190932,0.744562959029085,"2"
"16607",2.86922776846594,0.0689176664112976,"3"
"16609",2.49492454307564,-0.282959106753477,"3"
"16610",-2.73343347630021,0.27374691811442,"1"
"16611",-2.50775905369349,0.173705823396287,"1"
"16612",0.640472715164298,-1.00257300685878,"4"
"16613",-0.586796485135787,0.0560879829189245,"2"
"16614",-1.19407471854382,0.517733625135946,"1"
"16616",-0.237156843291938,-1.25530968459425,"4"
"16617",-2.21365026486509,1.0270009627151,"1"
"16618",1.63460039196897,-0.521652459621726,"4"
"16619",-2.08113154105684,0.711132907032829,"1"
"16620",-1.24052761595866,-1.50027637155187,"2"
"16621",0.286229319842514,-0.445138551737972,"4"
"16623",-2.684050819408,0.951005373882135,"1"
"16624",-0.10237495395703,-0.705980820508914,"4"
"16625",-1.87816904894581,0.701939988490737,"1"
"16626",3.29182204760947,0.819671239347126,"3"
"16627",-1.1888968672666,-0.113935866555841,"2"
"16628",1.48766514282512,-0.509203551352167,"4"
"16629",-0.299642239923316,0.218502090919321,"2"
"16633",1.7707512869365,-0.409317321248911,"4"
"16634",-1.88492496509833,-0.0385631565167174,"1"
"16637",0.9032717566293,-0.763316639421616,"4"
"16638",1.8962925356097,-0.422203756283833,"3"
"16639",0.556077431468457,-0.736599373349228,"4"
"16641",-1.21902557400417,0.111947426389433,"2"
"16642",0.0638254120209112,-1.30035816041351,"4"
"16643",-1.37072741040486,0.748117154623382,"1"
"16644",-0.0660424428321855,0.965720932106451,"2"
"16647",-1.33108006568258,0.952073770955913,"2"
"16648",-0.891389179598461,-0.330613941808153,"2"
"16650",-0.566762890536218,0.0843126240096161,"2"
"16652",2.74434186348971,0.82843095107613,"3"
"16653",0.581827051805007,-0.179837486128695,"4"
"16654",-0.244199231381327,-0.27773433622186,"4"
"16655",2.10146474412934,-0.944274304696669,"4"
"16656",4.09059219313491,1.57914276419373,"3"
"16657",0.721695166589709,-1.98041744833631,"4"
"16658",-3.2127396312247,1.1298474388109,"1"
"16659",-2.68878519961749,0.432269475018729,"1"
"16660",1.00547813718043,-0.0236985034951235,"4"
"16665",-2.99841612306741,1.08791938181585,"1"
"16666",-1.48879627183019,-1.43982543523955,"2"
"16667",-0.635775560841574,-1.49326493254988,"4"
"16668",0.190646225534205,-0.911665805141319,"4"
"16669",0.869506535494825,-0.09707769478586,"2"
"16670",2.67621923719388,-0.352865181757976,"3"
"16671",1.35681675398623,1.43509073195845,"4"
"16672",3.91106299671078,1.92589536652967,"3"
"16674",-0.942726516665567,-0.908335437609448,"2"
"16676",0.85314296307666,-1.0480512473428,"4"
"16678",2.71187485003111,0.0423476345163488,"3"
"16679",-3.1463795567416,1.8892886113252,"1"
"16680",-1.51286144477161,-0.21322497504569,"2"
"16681",1.58904296927581,0.578139091360863,"3"
"16682",1.28816613884373,-0.0985856295915144,"4"
"16684",5.31322879320084,2.97144615161766,"3"
"16685",-0.483152986724631,-0.0227078137065035,"2"
"16686",1.79042458685543,-1.3488375134012,"4"
"16688",1.22828694762206,0.733990878773635,"3"
"16689",-0.211397119611414,1.35268187317864,"2"
"16690",-1.15311187970408,-0.806576675804998,"2"
"16692",-0.29503963199497,3.94421327028087,"1"
"16693",-0.814031581461548,-1.67486584229753,"4"
"16696",-0.167042237962286,1.282853004714,"2"
"16697",-3.1120636244762,-0.182269096772376,"1"
"16698",0.724539438749884,3.96873225344028,"3"
"16700",3.12706966840572,-0.226790373370675,"3"
"16701",3.47466813578278,0.397579522849554,"3"
"16705",4.31198661045307,1.22878653367777,"3"
"16706",-0.272106074729454,-1.00158726715241,"2"
"16708",-0.45708000539889,0.0675195197157784,"2"
"16709",1.4172593040565,0.337403102844131,"4"
"16710",2.07367493165064,-1.16206352491429,"3"
"16711",1.46246452702949,-0.0696046394163633,"4"
"16712",2.42586990805678,-0.561910778034445,"3"
"16713",3.32870283216784,-0.225113806754229,"3"
"16714",-0.109002108108432,0.302672022870107,"4"
"16715",-0.660468504194092,-0.144247060774639,"2"
"16716",-0.643417296674021,3.52766802137485,"1"
"16717",2.02269484473632,-0.786137022406579,"4"
"16718",-1.58483845367511,1.12670570327916,"1"
"16719",1.51947500994378,-1.31253519486753,"4"
"16720",-1.43762998903658,-1.07589632535193,"2"
"16721",-1.96520851836934,0.213121333926596,"1"
"16722",3.1931801606017,0.00998444659776476,"3"
"16723",-0.18764288325709,0.809148398149488,"2"
"16725",-0.228791857531259,1.81894541802872,"1"
"16726",0.991993195711963,-1.61008043808965,"4"
"16727",-2.44200065795596,0.468349551740345,"1"
"16728",0.456339090867904,-1.785900939279,"4"
"16729",3.82789741142495,1.23571837034204,"3"
"16730",0.334375075539269,-1.58829943736683,"4"
"16732",-0.421462709362714,-0.0902734291864927,"2"
"16734",0.0869860638911,0.0810833056963197,"2"
"16735",1.40044725102672,-0.467938547705363,"4"
"16737",-0.244877511110052,2.13730610916357,"2"
"16738",-4.01380161220631,-0.188188837916827,"1"
"16739",-1.4416175223179,0.646561831534602,"1"
"16742",-1.43117494528684,2.1329375261746,"2"
"16743",1.83732195828171,-0.991253540550602,"4"
"16744",1.2783571326095,-0.80678564020144,"4"
"16745",3.58588528631241,1.35483567122866,"3"
"16746",3.60808043182932,0.147555082253845,"3"
"16747",0.382794143879705,0.847678339101043,"2"
"16748",1.21011871505963,-0.84868502850558,"4"
"16750",0.024699772430785,-1.14492255987424,"4"
"16751",0.732691450774295,0.846182694323552,"4"
"16752",-2.79981610949425,1.45500316134881,"1"
"16753",-1.35056080874026,-0.858724329997135,"2"
"16754",0.435783642107115,3.65184583325567,"1"
"16755",0.472202318325912,-1.08595566892854,"4"
"16756",-1.95284646849586,0.586587347008519,"1"
"16757",-2.8195977631866,0.881851836913833,"1"
"16758",-0.981539313567317,-0.143376992962857,"2"
"16759",0.788565514562421,1.34775193305291,"2"
"16761",-0.893124519588359,0.259599613246263,"2"
"16762",0.570115563048556,-0.570365720821561,"4"
"16763",-0.971550489140263,0.829238738541992,"1"
"16764",2.38855580652197,0.178909450249665,"3"
"16765",-3.67406481712772,1.33380616460956,"1"
"16766",-0.261975854364907,2.33779824168102,"1"
"16767",3.08674725289876,0.266760162565865,"3"
"16768",-0.492481346693189,-1.52774283223094,"4"
"16769",-2.14403248203666,0.349527964363558,"1"
"16770",0.280466988420085,-1.67844189213943,"4"
"16771",1.40754663941625,-1.38100290871675,"4"
"16773",-1.50624266852649,-0.876516362738158,"2"
"16774",0.150940444343469,-0.171947227774346,"2"
"16775",1.51598912089701,-0.763390383898773,"4"
"16776",-1.04314616866284,-0.974089606441136,"2"
"16777",-1.74430584572982,-1.94515432206332,"2"
"16778",-1.05396660581091,-1.22491404323379,"4"
"16779",4.17777582294198,0.972024115777477,"3"
"16780",-0.865186198677183,-1.4762671093867,"4"
"16781",-2.35805539896628,1.30376123770336,"1"
"16782",2.00817286805892,-0.447424340313826,"3"
"16784",-2.10406764351764,0.152273349881158,"2"
"16788",-0.806723460113166,-1.59127856049482,"4"
"16789",-2.20529199390714,-0.505056086366336,"2"
"16790",1.73730599964045,1.71423857018125,"3"
"16791",1.21927481407705,-1.44256854180276,"4"
"16792",-2.55233308182374,1.32172612779205,"1"
"16793",-1.28758019124602,-0.271341110321404,"2"
"16794",1.60184569982592,-0.656300335898757,"3"
"16795",-2.07365180175346,0.547901915718609,"1"
"16796",-1.18538283573645,-0.0353396851127555,"2"
"16800",-0.0128490520384852,-0.904364747074176,"2"
"16801",0.448116044466141,0.639017586803399,"4"
"16803",-0.982773274143562,-0.289725995337401,"2"
"16804",-0.269594471919103,-1.69079523440107,"4"
"16805",-0.878149424801402,-1.51685287295713,"4"
"16806",0.0177663652308104,-0.60358664359558,"4"
"16807",0.272341223074718,-0.138290407609438,"4"
"16808",-1.08681963422708,-1.17169023036615,"4"
"16809",0.680815680267544,-1.51075514191083,"4"
"16810",-1.71154985373076,0.58215981985512,"1"
"16811",0.225140850906654,0.663277572358058,"2"
"16812",-2.17919980053664,1.70226042420926,"1"
"16813",1.88731670654412,-0.805087265348367,"3"
"16814",3.52165354844391,0.626976795597084,"3"
"16816",-0.349677191931273,-0.804595085911338,"4"
"16817",1.68446803456713,-0.650896770643745,"4"
"16818",2.65574731170988,0.427373948699713,"3"
"16820",-0.766633388697051,0.103934207328741,"2"
"16823",-1.81872960013158,0.188067988514768,"1"
"16824",-0.437265319564185,-1.1760766367677,"4"
"16825",0.140688754477994,-0.709989517162743,"4"
"16826",-1.08017701508217,-0.266342759134974,"2"
"16828",-1.61292228958752,0.859543908886663,"2"
"16829",-1.86560225884202,0.29099105001191,"1"
"16830",-0.862444754472484,-0.39769390278682,"2"
"16832",-1.67244034948024,1.83639917193976,"1"
"16833",0.688800160016471,-1.07130341597387,"4"
"16834",-1.27243332173397,0.62003700437321,"1"
"16835",-1.83728358448833,-0.972519090807266,"1"
"16836",-0.82116536749642,-0.341041444502755,"2"
"16837",2.41810343315609,0.438243905347662,"3"
"16838",-0.971261854078685,0.282332751607346,"1"
"16839",5.0084007655566,2.25106040292751,"3"
"16841",1.73885218341215,-0.620990255484519,"4"
"16842",0.403347361344762,-0.580154063276215,"4"
"16843",4.00503718258559,0.918059169728848,"3"
"16846",-1.31425661811411,-0.131252224994709,"2"
"16847",-1.58548344492176,-0.303271132190809,"2"
"16848",-1.07449777613766,-0.08489209813023,"2"
"16849",-2.63773070777731,0.307696568757474,"1"
"16850",-1.89056179272903,1.10607014091835,"1"
"16851",-0.0221071163751093,0.463791517305695,"2"
"16852",-1.54140812540261,-1.39508762980259,"2"
"16855",-0.522504757548949,0.639110879397712,"2"
"16856",-2.78540869331581,-0.428283001053418,"2"
"16858",-2.24492832897458,1.84579568730518,"1"
"16859",-0.176580576936446,-0.537558206660087,"4"
"16861",-1.12080754419717,-0.338394734419654,"2"
"16863",-0.269634923021406,-1.41852298923146,"4"
"16866",-1.21762931968545,1.90015014037068,"2"
"16869",0.483139381790272,-1.26543476222206,"4"
"16871",1.77497947266428,-0.472579723529439,"4"
"16872",0.479235446529382,1.03918773029101,"4"
"16873",2.70002509961022,-0.680303504223327,"3"
"16875",1.24958366481947,-0.598561942829034,"4"
"16877",0.696885688469398,-1.25421050432395,"4"
"16878",-3.23541714655685,-1.06075842334867,"2"
"16880",1.31594085971612,-0.38372114381036,"3"
"16881",0.0211641520367957,2.19412973837738,"2"
"16882",0.0256696017478963,-0.989557163532254,"4"
"16883",-1.76793378941499,-1.16747037787808,"1"
"16884",-0.187916266068658,0.681532609732115,"2"
"16885",-0.568179415577716,-2.34787585707961,"4"
"16887",-1.44395673298246,-1.10914729553718,"2"
"16889",0.243560441859003,-0.238060194445399,"4"
"16891",0.193305569119766,-2.24155301631892,"4"
"16892",0.108732650673721,-1.45562312286733,"4"
"16893",-3.17816676745273,0.086949828925857,"1"
"16895",-1.80675962628247,-1.2754097959272,"2"
"16897",-2.00188143318797,1.33977692446933,"1"
"16898",-0.26989353736752,-2.53358417603611,"4"
"16899",0.964341266724624,-1.38962925137925,"4"
"16900",0.754438786050232,0.271800679512388,"2"
"16902",0.116425277151801,0.78859680794666,"4"
"16903",-0.924283513089256,-0.976550296335118,"2"
"16904",2.72799424964644,-0.774248390130951,"3"
"16905",1.93612427923528,-0.983123517309313,"4"
"16906",-0.229294336807567,-1.0936068421265,"4"
"16907",0.305786662110036,-1.70715499662095,"4"
"16909",-0.649605000080689,0.0502400268809245,"2"
"16910",1.59311969437356,0.00457710564027924,"3"
"16912",2.14619496375842,0.193026041917414,"3"
"16913",-2.69977389111831,0.703906726870425,"1"
"16914",-1.58212307616212,-1.01557508950645,"2"
"16915",0.119759849715429,-1.15400127846166,"4"
"16916",-0.396350524224464,-2.50761861997421,"4"
"16917",-1.49912749126869,1.530533380511,"1"
"16918",0.871423469574365,-1.11444223818841,"4"
"16919",1.70838481979187,0.387664847460142,"3"
"16921",-1.70883589332777,-1.32511509926038,"2"
"16923",3.47941441265747,0.0787071838597997,"3"
"16924",0.399078010370746,-0.209285265979747,"2"
"16926",-2.97801666322888,1.21661640051877,"1"
"16927",0.338799214547116,0.432400658724085,"4"
"16928",2.59603325007161,0.585374162844134,"3"
"16929",1.5472514228249,0.0236091397839451,"3"
"16930",-0.0703394701596219,0.134954762391575,"2"
"16931",3.25197496886644,-0.422975066286055,"3"
"16932",-1.94599241885024,-1.35845931406041,"2"
"16933",-0.303507433465301,-1.73564162502147,"4"
"16934",0.174538542970288,0.743631005223379,"2"
"16936",-1.25164125574269,-1.22282775129133,"2"
"16938",1.6757903370355,-1.44788630631643,"4"
"16940",1.31134628837259,-1.3700270697738,"4"
"16942",1.65212256492918,-0.677503530427189,"3"
"16943",-0.708184070881812,0.645082823204205,"1"
"16945",3.21963146137265,0.464305319948341,"3"
"16947",-1.34596316617368,0.741610101896771,"1"
"16948",0.160364187843255,-0.318699627796645,"4"
"16949",1.27970017007921,-0.783630752949971,"4"
"16950",0.513626561332838,-0.809926768450773,"4"
"16951",0.520108892258428,-0.512780417901257,"4"
"16952",-1.43830931352664,0.639877749081407,"2"
"16953",-2.8159023808478,-0.238369217218313,"2"
"16954",2.02556763372108,-0.0852074882397729,"3"
"16955",-0.465488601184778,0.0733736143205221,"4"
"16956",-1.10377954705839,-0.266557311816821,"2"
"16957",-1.16680154880582,1.43091512936517,"1"
"16959",-2.14457678247903,-0.0988640016980282,"2"
"16960",-0.333177322926697,-1.91610296929818,"4"
"16961",-1.56329764976622,0.0650177373397472,"2"
"16963",-2.66855865857764,0.314515870454899,"1"
"16965",-1.79661220550482,0.00989825078517903,"1"
"16966",2.23672751628044,0.670981526213816,"3"
"16967",-1.3022919279458,0.339945094440185,"1"
"16968",-0.284052450974722,-1.10709536721842,"4"
"16969",0.377979973413455,-0.857713584531477,"4"
"16971",-1.41745460531565,-0.72741367767662,"2"
"16976",-1.88398368330776,2.27555347085704,"1"
"16978",-1.23461307024963,-0.547160071178785,"2"
"16979",1.48308893393786,-0.730562599251145,"4"
"16980",-0.308077070755043,1.24452538232153,"1"
"16982",-0.984630761211844,-0.134436196730976,"2"
"16983",1.66953804458831,-1.05232023108598,"4"
"16984",1.37022334324659,0.252510394423681,"3"
"16985",2.74927523155523,0.32880788887511,"3"
"16986",1.48067475235794,3.06210943131251,"3"
"16987",1.21330140359554,-0.537692454629809,"4"
"16988",-1.86221574122015,-0.416827728126404,"2"
"16989",1.74360757739951,1.19426982113523,"3"
"16990",-1.75500522149428,2.30265541822954,"1"
"16992",1.23318822988768,-0.932933901039151,"4"
"16996",1.181961926837,-0.227038215427299,"4"
"16997",-0.343142753659017,3.10023197260628,"1"
"16998",-0.870431995518066,1.03620057553874,"1"
"16999",-0.183919571922573,0.0384238758916685,"2"
"17001",2.70239544951651,-0.203371116491662,"3"
"17002",0.588127268227225,-0.341909308690843,"4"
"17004",0.649548608772082,0.598784555159597,"4"
"17006",0.503450538532122,0.346633197763446,"2"
"17007",0.800297761448462,-0.734993550110171,"4"
"17010",-1.31086668569923,-0.349776263537793,"2"
"17011",-1.0208406889735,-0.267058555227382,"2"
"17014",0.00331300873193666,-0.331795742280019,"2"
"17015",1.15080830034929,-1.29909761026449,"4"
"17017",4.09926905049765,0.849773102942887,"3"
"17018",-0.193763975433089,-0.495083917387943,"4"
"17019",0.739519722580587,-2.08527561685468,"4"
"17022",-1.9298961602286,-0.747939749116724,"2"
"17024",-1.34556621826004,-0.0927133041914505,"2"
"17025",-0.389910314441075,-0.595468446668777,"4"
"17026",-1.78216655696005,-0.00981620194034449,"1"
"17027",0.423060591203604,-1.10645746307237,"4"
"17029",0.139566853335697,1.67484238459311,"4"
"17030",-1.55730151392803,-0.366419332206476,"2"
"17031",-0.511194053861266,-1.19435605915149,"4"
"17033",0.462316229153725,-0.407456321699449,"4"
"17034",0.258447014135771,-1.03020862050505,"4"
"17035",-1.21328685754558,0.511216814330839,"1"
"17037",-0.0293240782348149,0.0241761013401167,"2"
"17038",-2.35851043118854,-1.17945452788923,"2"
"17040",-1.10408407566296,0.625792088858912,"2"
"17041",0.627297678543009,-1.42731507538391,"4"
"17042",1.05842677772953,-1.24490536487923,"4"
"17043",1.09712214507434,-0.894461325454036,"4"
"17044",0.312489644184137,1.40674471627847,"4"
"17045",-0.98642156329315,-0.43034578670708,"2"
"17046",-0.599454794578841,0.709451543981635,"2"
"17047",0.323804357476464,-0.322631328256276,"4"
"17048",0.063476546275941,-0.508016997405581,"4"
"17049",2.76678676527456,-0.298922273702732,"3"
"17050",1.58957544521251,-0.40674452369998,"4"
"17051",-1.8412837144413,-0.323692173585761,"1"
"17052",-0.91369411546757,-1.1709946269557,"2"
"17053",-1.15279513561571,0.786158927387981,"2"
"17054",1.08326916950741,-0.691889891532741,"4"
"17058",0.393975694997827,-0.513043077285178,"4"
"17059",1.58602857179154,-1.72697300169072,"4"
"17060",-1.71109652146984,1.51170221843673,"1"
"17061",2.7076291313214,1.8702186275074,"3"
"17062",-0.665582727387852,1.51899868627081,"1"
"17063",1.38549620175727,-0.500696291667948,"4"
"17064",-0.0231737923832324,-1.23971234365506,"4"
"17068",3.24243871846834,0.400600171726738,"3"
"17069",2.08532241869991,-0.435912795176778,"3"
"17070",-1.59993620168375,-0.775875798699662,"2"
"17071",1.95975248224138,-0.278734499542978,"3"
"17073",0.984741483564998,-0.472970613263345,"4"
"17075",0.227916356502466,-1.50342787591139,"4"
"17076",0.142708862258397,-0.810516822424966,"4"
"17078",0.0931986128203122,0.516349036458468,"2"
"17079",-2.1874010909518,0.807046078168437,"2"
"17080",-0.743177829106025,-0.933644090356192,"4"
"17081",-1.08606976668459,-0.26646009269235,"2"
"17082",0.769917755007635,-1.12764833701763,"4"
"17083",0.514620902000387,-0.285945208021992,"4"
"17084",1.34911423727518,0.845080737670183,"3"
"17085",0.687547773002948,-0.812372390777261,"4"
"17086",2.14004250717384,1.59579189477598,"3"
"17088",1.12346938374654,-0.859481889879139,"4"
"17090",1.69684853896153,-0.416328174549742,"4"
"17091",2.38975230595943,-0.567352553802538,"3"
"17092",1.07083494333798,-0.913601706061347,"4"
"17094",-2.06098333123683,1.20658187529681,"1"
"17095",0.599316670552674,-1.29277029201118,"4"
"17096",0.511075980711773,-0.870633561359646,"4"
"17097",0.910424834866431,-1.76019706560816,"4"
"17100",0.602776017897853,0.560830042478216,"2"
"17101",1.23233183847268,-0.0922655503546044,"4"
"17102",-3.60361341659003,0.96980874760479,"1"
"17105",-0.475938058474923,-1.11227344982715,"4"
"17107",2.92731089628797,-0.16726719834993,"3"
"17109",0.79870364764719,-0.993187598804319,"4"
"17110",-2.29771186409584,0.126360729905582,"1"
"17111",-1.1064042462118,-0.780029476274114,"2"
"17114",0.57700419757491,-1.41721139160449,"4"
"17115",0.29282696916356,-1.04803141828517,"4"
"17117",-2.77115094795441,0.630028445338204,"1"
"17118",-2.38091952600366,0.915084846505915,"1"
"17119",-0.00748516078879104,-0.307381952937058,"2"
"17120",-1.86880839009263,0.630923081886105,"1"
"17122",-1.96312340063364,0.173483866883332,"2"
"17123",-1.14450379082373,0.902745058303241,"1"
"17124",-1.7788913793446,-0.0102436228896006,"1"
"17125",-1.14867430474499,-0.896704830710674,"2"
"17126",0.289118148396652,-1.06926881017784,"4"
"17128",-2.77641600957611,0.757376078231717,"1"
"17131",1.73390678910949,0.798802864449788,"3"
"17133",2.83881935082037,1.31347800306715,"3"
"17134",-1.16670652351193,-0.788371449443299,"4"
"17135",1.46709237051279,-0.697845993008725,"4"
"17138",-1.91436428994911,0.781390493890078,"1"
"17139",3.56181746275513,0.316771650433356,"3"
"17140",-1.3177552817265,0.997452286897933,"1"
"17142",-1.63425890211239,1.29957966909542,"1"
"17144",0.333845528721241,-0.608226429020213,"4"
"17146",-0.339379180548716,-0.684820271438838,"4"
"17147",1.08914202635026,-0.938960663793316,"4"
"17148",-1.81330416985515,-0.399158860339659,"2"
"17152",0.521718402090721,2.33245009408256,"1"
"17153",-1.36612310894355,-0.425740371491787,"2"
"17154",-0.736608889344903,-0.224951642558993,"2"
"17155",-0.764901930394456,-1.49601336819544,"4"
"17157",-0.662346847906113,-1.07322803902792,"4"
"17158",0.642802179214051,-1.23760484456127,"4"
"17159",0.953328353134751,-0.892861568980364,"4"
"17160",2.15623724068545,-0.458480822359284,"3"
"17162",1.81552599796026,-0.18937505258782,"3"
"17163",-0.860640771873689,0.640908738765603,"2"
"17164",1.85400378616629,-0.3728663706828,"3"
"17165",-2.43084502595875,0.774437714179406,"1"
"17166",-1.33975061992688,-1.19768478482866,"2"
"17169",0.00160921291643239,-0.930944122498207,"4"
"17171",-2.06300066833355,0.725399726844779,"1"
"17172",-0.711430855911975,0.0725936353395697,"2"
"17173",2.4050265860921,1.27000545664467,"3"
"17174",-2.99352951673418,0.378316861423198,"1"
"17175",0.952889728959529,-0.689281819007547,"4"
"17176",-1.58951581504469,0.612388405018376,"1"
"17179",-0.597770384167722,-0.758251668694881,"4"
"17180",0.332656739560042,-1.60684253704963,"4"
"17181",-1.00302653882713,-1.78104037806107,"4"
"17183",2.2083031470642,1.25899712455563,"3"
"17186",-0.666351141075698,1.76204339150853,"2"
"17187",-1.92747086831567,0.704458432735557,"1"
"17188",1.91468966131848,-0.447222402767986,"4"
"17189",-1.05173801158718,-1.78548899601197,"4"
"17190",-0.716426324128245,-0.773669227219146,"4"
"17191",1.54561405916946,-1.21698070828726,"4"
"17193",1.87475597671268,1.13989033240476,"3"
"17194",-1.92261418200844,-0.0569725697319449,"1"
"17197",-0.309783009530998,0.291336305584889,"2"
"17198",-0.0632376187137716,-2.01773965666123,"4"
"17201",-1.11511939400075,-0.769293073680366,"2"
"17203",2.52557308371595,2.17082154965934,"3"
"17204",0.586502205548726,1.17187805290738,"4"
"17205",-0.237065341675121,0.210235837831049,"2"
"17206",-1.51384469776407,0.18191891129813,"2"
"17211",1.7879355854588,-0.955446030115581,"4"
"17212",-1.80303148656917,1.5961003529207,"1"
"17213",1.7445167846694,-0.614570772291556,"4"
"17214",0.45350721615288,-1.00163603778025,"4"
"17217",-3.00547195433932,0.371223961682934,"1"
"17218",1.77259034886224,-1.19128896009578,"4"
"17219",-1.91060575134765,-1.252518767659,"2"
"17220",2.49897498035686,-0.635005357897917,"3"
"17221",-0.40381683886318,-0.245581453148831,"2"
"17222",-1.2888828630084,-0.377515092855673,"2"
"17223",-1.82354296143229,0.55074789463208,"1"
"17226",-1.51748309019905,1.04777033683159,"1"
"17227",1.03475036231385,-0.877792726806453,"4"
"17228",1.7659954365642,-1.18246143870607,"4"
"17229",-0.971794456597412,-0.317942119640409,"2"
"17230",1.72027811344572,3.04843950336069,"3"
"17231",2.17336625851317,-1.22160182180709,"3"
"17232",-0.312570095812706,0.288924361827833,"2"
"17233",-1.46705725223955,-0.87092780771568,"2"
"17234",-2.39500666296071,0.0285621446802597,"1"
"17235",-0.454550288569533,-1.4509873273883,"4"
"17236",0.7374418061117,-1.49570635844145,"4"
"17237",-0.684950279492717,0.553296047058618,"2"
"17238",2.78544066359176,-0.590430437160315,"3"
"17239",-1.8988601737272,1.29842933391956,"1"
"17242",0.18485762557217,0.277693251118372,"4"
"17243",3.99171949896344,0.924963199090104,"3"
"17244",0.0331449765052348,0.294914803154482,"2"
"17245",-2.20050102413666,0.548867469986077,"1"
"17247",-1.36779943395088,-1.19605129278719,"2"
"17248",-1.41300828489357,-0.787077867845323,"2"
"17250",-0.803918041145869,-2.21888502561114,"4"
"17251",-2.55589506924076,0.615436428130322,"1"
"17252",-1.12758770441873,-1.06095710542563,"2"
"17253",-1.84531404969743,-0.765313165932832,"2"
"17254",-0.611852963423017,-0.598523547223052,"2"
"17255",-1.00834343987862,-2.42257354368319,"4"
"17256",-1.31634626657416,-1.10421383555097,"4"
"17259",-0.820893699327981,-1.66466144437289,"4"
"17262",0.897791164267252,0.485925043069783,"4"
"17263",-3.20782490445687,-0.692232501957455,"1"
"17265",-0.614717965632547,-0.236859007031709,"2"
"17266",-0.709486467891343,-1.92651142248089,"2"
"17267",-1.02739220040299,0.61425965405775,"2"
"17268",0.784329281215804,1.42116977275275,"4"
"17272",1.41513218496643,-0.715792774533562,"4"
"17274",-2.01614585142198,-1.27310131499157,"2"
"17277",-0.54121469514152,0.0976913978501752,"1"
"17278",-1.84257145340487,0.623169257774347,"1"
"17279",-1.80220535126717,-0.0488726153246398,"2"
"17282",0.838536901659181,-0.338326777176744,"4"
"17284",1.22586268173602,-1.33387583140881,"4"
"17286",-1.67633002144784,-1.45886756217405,"2"
"17287",0.934027393983183,-1.29680896339413,"4"
"17288",1.46571644451904,-1.25764079005559,"4"
"17289",0.298981536089906,-1.24043993825553,"4"
"17290",-0.0675097589085396,-0.247872913298931,"2"
"17291",-1.58307120922094,3.3291197398209,"1"
"17293",1.82062923025032,-0.787315416421503,"4"
"17295",0.0806269209391504,0.509828237528157,"2"
"17297",-1.98234357685626,-1.530625610018,"2"
"17298",-0.269814299372699,0.984067715777117,"2"
"17299",0.562069771719391,-0.960880456652212,"4"
"17301",-1.58901819892567,-1.50359170083076,"2"
"17302",0.861244160397041,-1.11742137388808,"4"
"17303",-2.53141521416454,0.318020234987307,"1"
"17306",4.45427234986832,1.92871376500404,"3"
"17309",-2.53275052772327,-0.704695828447503,"2"
"17311",0.440158745845499,-0.848861816167141,"4"
"17312",0.174816154441672,2.6044804594651,"2"
"17313",1.03114631729566,1.10535242713111,"4"
"17314",2.09102667575129,-0.375407042197621,"3"
"17315",4.03989208668385,1.24891511205511,"3"
"17317",1.80067297312358,3.03317758450219,"3"
"17320",0.287861654218043,-0.916798371543077,"4"
"17321",-0.107134820597971,-1.01651407960523,"2"
"17323",0.976526886015318,-1.5521718300885,"4"
"17324",0.814808719092601,-1.15231328232664,"4"
"17325",-2.84022536837623,0.744465555421957,"1"
"17329",-0.649375886829884,-1.62477805535037,"4"
"17330",-0.480427129996195,0.982069997810335,"2"
"17331",-2.15427885442941,1.86202814477151,"1"
"17333",-0.666124807301169,-0.00223805976527557,"2"
"17334",-1.20230645711943,2.25928206067136,"1"
"17337",0.656055365042624,-1.00662934333995,"4"
"17338",2.59442887153668,-1.08614236680626,"3"
"17339",-1.15990264433597,-0.867052988018183,"4"
"17340",3.57232806754485,0.240721727006661,"3"
"17341",-0.483102676101179,-1.44023277269874,"4"
"17343",-2.87653690950079,0.877367080279267,"1"
"17344",-1.93094881596186,-1.09580606410114,"2"
"17345",0.060786985542456,-1.50690247086513,"4"
"17346",2.4354833524757,-0.913585702595562,"3"
"17347",-0.825224050433236,1.89496511513188,"2"
"17348",1.08984527833529,-1.77099426536318,"4"
"17349",-2.3044994403127,0.083379825033303,"1"
"17350",1.24945007706025,1.22525620638959,"3"
"17351",-0.449646181480588,-0.958538389992796,"4"
"17353",1.06622411696055,3.11281556350054,"3"
"17354",0.579355898968091,1.0838861391644,"4"
"17356",-2.35099818090016,0.528483599435367,"1"
"17357",-0.588886705012082,0.167334668046102,"2"
"17358",-1.67310211271826,0.415494588236119,"1"
"17359",-1.4620360896559,-0.929452604049933,"2"
"17360",-0.16396756657884,-1.87803217388079,"4"
"17361",-0.488534905809134,-1.1123255798307,"4"
"17362",-1.50517537386422,0.0057489976805056,"1"
"17364",2.73593919906436,-0.658891585556637,"3"
"17365",2.68030093142253,-0.96628720382658,"3"
"17367",-2.2509405018499,-0.220790422153403,"1"
"17368",1.80478413149912,-0.556831415205703,"4"
"17370",0.185744926369184,-0.0148581832570749,"2"
"17371",-0.670294196406869,-2.32166154140863,"4"
"17372",1.16246937440793,-1.34674316057011,"4"
"17373",0.184293352588427,-1.31408306691126,"4"
"17374",-1.42864304012231,0.555502928025082,"1"
"17375",-0.884249823034447,-0.885083180909172,"4"
"17376",-1.55626254927148,-1.76527805984771,"2"
"17377",3.01982396853835,0.0949858384655731,"3"
"17379",-0.490869697930258,-1.23167257385982,"2"
"17381",5.28443697594488,2.80390505967307,"3"
"17382",-2.48753627704563,0.265281063381016,"2"
"17383",-1.39315725790418,-1.4422237069169,"2"
"17384",-0.977632335182883,-1.17819299503016,"4"
"17385",-1.13850638901512,-1.14885477576995,"2"
"17386",2.29276233581696,1.12675380742349,"3"
"17387",0.243175741665746,0.256337896917106,"2"
"17388",1.08741272002431,0.578551990630882,"4"
"17389",5.21000187448635,3.04908757756292,"3"
"17391",-0.0209498103187091,3.01594399838572,"1"
"17392",-1.43952072906709,0.565909527860941,"1"
"17394",-1.54892142718425,1.35164352842421,"1"
"17396",2.94738772111991,1.60190599750237,"3"
"17397",-0.143051814737078,0.0971922684844775,"2"
"17398",-0.252876522696983,-0.361778299097066,"4"
"17400",0.977362692652566,-0.602030356345423,"4"
"17402",2.29097033846288,0.444028879026332,"3"
"17403",-1.38054234602354,-0.794424646933262,"2"
"17404",4.65874487031555,1.72529514561636,"3"
"17405",0.643851779550393,-1.13739098765133,"4"
"17406",0.174405405788132,2.74963589475619,"1"
"17408",-3.32562107182978,0.193892766514807,"1"
"17409",-0.833553229222909,1.3083414200781,"1"
"17410",1.00361404163178,-0.556314495674375,"4"
"17411",0.138715663812867,-1.1890085742661,"4"
"17412",1.32860918736491,-0.889232641894895,"4"
"17414",0.909634145010195,0.500313318718943,"4"
"17415",-0.999450165494928,0.512284253201305,"2"
"17416",2.81164171252653,-0.0904794386846564,"3"
"17418",-0.51642250288544,-1.49886772520064,"4"
"17419",2.68895830247247,-0.148844059730969,"3"
"17420",-0.185069887950492,-1.14292269763115,"4"
"17422",1.82935386200259,-0.779921557406622,"4"
"17423",-0.0375128461207102,-0.799902375044511,"4"
"17425",0.175267444846341,0.201208057056491,"2"
"17426",2.42521476441529,-0.678075845406312,"3"
"17427",-2.1264542512901,0.640077893131936,"2"
"17428",4.94543796134406,1.72624804676919,"3"
"17429",-0.0906215956880158,-0.0194069611157889,"4"
"17430",-0.873585555977037,-1.45719280160592,"4"
"17431",-1.76279534902942,0.579200401628486,"1"
"17432",-0.485112460567814,0.0410602135414202,"2"
"17433",-1.35193045206726,-0.809906922982194,"2"
"17434",2.20301704411418,1.02371105933011,"3"
"17436",-1.1010513983489,-1.296081359151,"4"
"17438",-1.85135298532754,0.950726389765754,"1"
"17440",-0.873396431579364,0.794939110740203,"1"
"17442",1.65946306147267,-0.594783931659342,"4"
"17443",-0.496369707160136,2.90730566583509,"1"
"17444",1.41269552948122,2.16198840360048,"3"
"17446",-1.7116085560239,-0.637305400075058,"1"
"17447",0.0145482970045727,0.576746101938633,"2"
"17449",1.70336537258385,-1.34957318909581,"4"
"17450",5.53600040868384,4.16922846226196,"3"
"17451",1.86805045006307,0.60660977867503,"3"
"17453",-0.234401751828414,0.271926786908834,"2"
"17454",-0.651323864714189,-0.411089537557838,"4"
"17455",-2.38862411073365,0.423622030529106,"1"
"17456",-2.2049117117038,1.11010634061718,"1"
"17457",1.13590084247519,1.07676448113737,"4"
"17458",-1.10210561729077,-1.11239130615639,"2"
"17459",0.0389694318355268,0.0140185893978324,"2"
"17460",0.155445268430077,-0.296119774392663,"4"
"17461",0.648113486017629,0.708042540472376,"2"
"17462",-0.418553459239171,-0.935753777637889,"4"
"17463",1.26596248733589,-1.43082241742822,"4"
"17464",-1.28501378039196,0.748733468762636,"1"
"17466",0.0153314266051104,-0.437439628901671,"2"
"17468",-0.935097117063595,0.870806621077143,"2"
"17469",1.32273050920315,-0.391518512785736,"4"
"17470",1.17414698329446,-1.06831488707106,"4"
"17472",-0.516000896117123,-0.734715360354262,"4"
"17475",-1.40167346843884,-0.251932405454869,"2"
"17480",-0.663920902217857,-0.0365416405238542,"2"
"17481",1.20246948563413,-0.0894990171320097,"4"
"17483",-0.434386498282951,-0.333161907373639,"2"
"17486",-1.67116821860218,0.747001405832111,"1"
"17489",-0.490688363001084,-1.24030215830962,"4"
"17490",1.90295459907923,0.202423962575851,"3"
"17491",2.58769131361253,-0.0969374286564163,"3"
"17492",-1.63522778577016,1.15338660987299,"1"
"17495",-0.141264071320743,0.581898847929314,"2"
"17496",-2.46504249477302,1.53922108720648,"1"
"17498",-0.893428461592798,-0.153283351267301,"2"
"17499",-1.04566082301428,0.848987848066193,"1"
"17500",-0.11061359143335,3.32042560463074,"2"
"17501",-1.30087642926696,1.47916452651488,"1"
"17502",0.800988288908747,1.99687691932268,"2"
"17503",0.167386456608503,0.171763155859171,"2"
"17504",1.77592186741653,2.03326069983548,"3"
"17505",0.00447721743811359,0.936861948719853,"2"
"17506",-1.22118637413685,0.0779575161355811,"2"
"17507",-1.00492049100975,0.43088732875277,"1"
"17508",-1.57319624620565,0.876339717359817,"1"
"17509",2.91141203281336,2.02842483483219,"3"
"17510",-0.909570784609496,-0.40199472861785,"2"
"17511",5.23139592335081,2.33992039828719,"3"
"17512",2.55110509587429,0.236877683857005,"3"
"17513",-0.50761675560848,1.1227179886456,"2"
"17514",-1.79850895344989,-0.693857112390797,"2"
"17515",-0.0688248621481543,-1.69173538059526,"4"
"17516",0.418810830763711,-1.7158334258251,"4"
"17517",-2.54161112229957,0.792724144888902,"1"
"17519",1.56853193857454,-0.764547730807658,"4"
"17520",-0.51290605636955,-0.119716428767194,"2"
"17521",0.270325810387416,-0.961927279846365,"4"
"17522",1.15792119255011,-0.90790701752226,"4"
"17523",1.07609068359831,1.83630165203695,"3"
"17524",-2.72106947679171,1.43063686820078,"1"
"17525",-2.16566735722441,1.9793775502896,"1"
"17526",0.721478671452676,-0.36256014184115,"4"
"17527",0.524018412091817,-0.39345027648019,"4"
"17528",2.62414308204119,1.42590213690194,"3"
"17530",2.03319361262672,-1.31251269244025,"3"
"17531",-1.64768497547925,0.588245405939019,"1"
"17534",-1.3774096431295,0.0649640402936195,"2"
"17535",-2.31206238244543,0.593180063786011,"1"
"17536",-3.13582617534458,0.606235744768864,"1"
"17537",0.142233860455022,-1.69756469009676,"4"
"17538",-1.6658180604602,-0.70472385844898,"2"
"17540",-0.452850597606738,-1.28559492754646,"4"
"17542",-2.35388300675699,0.118323300368658,"1"
"17545",0.119539633322917,0.526417509972012,"2"
"17548",-2.61978133072789,0.71393722843316,"1"
"17549",-0.721163757148863,0.85837226749057,"2"
"17550",-1.4230802254309,0.687855340887341,"1"
"17551",-2.39869995651033,0.617360259541603,"1"
"17552",0.572992240371307,-0.9305767867548,"4"
"17553",0.580249484556459,2.54871385657879,"4"
"17554",1.76731353231996,-0.150780997085431,"3"
"17555",-0.526236883317922,-2.47030965471832,"4"
"17556",-2.07061696569932,0.784734572932917,"1"
"17557",0.116392823858587,-0.0320863221126795,"2"
"17560",0.487338240124668,-0.0935437747157334,"4"
"17561",-1.53837304862447,-1.42583959846897,"2"
"17562",1.3927221753666,0.0436037025231013,"3"
"17564",-0.344883750573302,-0.122203818935616,"2"
"17566",0.26343438020167,-0.10863643794908,"2"
"17567",2.54359782931994,-0.440108369970376,"3"
"17569",-2.11180508202526,0.826725816283111,"1"
"17571",0.712102983248758,-1.68165304605071,"4"
"17572",-0.916393994653142,-0.928809351422329,"4"
"17573",-0.0914508514025775,0.0437920491877186,"2"
"17574",-2.25819998699341,0.872170632602438,"1"
"17576",2.93052161693563,-0.173785625810603,"3"
"17578",-2.01911311174565,0.899337038608261,"1"
"17579",-0.229889305486404,-1.53612031853349,"4"
"17580",-1.89639888682245,-0.376664331952353,"1"
"17581",4.32233268143061,0.951510040604266,"3"
"17582",-2.27685509460714,-0.112314759544139,"1"
"17584",0.437838116674988,-0.489073014452555,"4"
"17585",0.660942406612068,-1.35231268278708,"4"
"17588",0.591368633983101,0.515253442184378,"4"
"17589",1.2868184249185,-0.9361680893767,"4"
"17590",1.01239975528364,0.298372504909375,"2"
"17591",1.43437720738205,-0.543770370901382,"4"
"17593",2.16102249972217,-1.06479743184055,"4"
"17594",0.00982140100692434,-0.818853888230594,"4"
"17595",-0.467517091699196,-0.299792380018631,"2"
"17596",2.25623569759307,-1.12137969466303,"4"
"17597",0.100345473678981,1.20672984092535,"4"
"17600",-1.36750627768356,-0.622267459909213,"2"
"17601",-2.4312301605873,0.400971216821107,"1"
"17602",2.43591053257799,-1.35544877560675,"4"
"17603",-1.28424441510322,0.487999041064085,"2"
"17604",-1.60747097923674,-0.798414975325479,"1"
"17608",-0.896879031837841,-0.439126176629938,"2"
"17609",0.687923712080302,-1.74778876318851,"4"
"17611",2.83551754420359,-0.650366239231942,"3"
"17612",1.62578382528309,-0.553315665506539,"4"
"17613",2.9259438172443,0.169469333773952,"3"
"17614",-1.08412179504022,-1.16421484157215,"2"
"17615",-0.827524896235021,0.357267999962611,"2"
"17616",-0.303694595742594,1.44417303193585,"4"
"17618",0.184289955864317,-1.63740298483437,"4"
"17619",-2.53864486092229,-0.156286371687174,"1"
"17620",-2.09762592660884,-0.106462580067859,"2"
"17621",0.715642668787569,-0.519597500230201,"4"
"17623",-0.605166800751106,-0.311607480805484,"2"
"17624",0.149978780023391,-1.37910078070499,"4"
"17625",1.13888255169287,-1.63142584062751,"4"
"17628",-2.14323079120577,-0.227505073531308,"2"
"17629",1.87713851975928,-0.887178434108603,"4"
"17630",-0.984127028014293,0.391642814259516,"1"
"17631",-0.00778176768408838,-1.45662397693173,"4"
"17633",0.96043736806709,0.217237247635077,"4"
"17634",1.64482746239128,-0.869227060578826,"4"
"17636",-1.00313837038105,-0.484673682777716,"2"
"17637",-0.301956351102361,-0.706713511009687,"2"
"17639",-2.86172735833393,0.70454406021442,"1"
"17640",-0.417663778671456,1.48421880565429,"2"
"17642",-0.203660440390686,0.235301310293642,"2"
"17643",-3.10277391990279,0.979313415455729,"1"
"17644",2.49675887429065,5.21017096258292e-05,"3"
"17646",-0.395356485630842,0.211603027189343,"4"
"17647",-2.18486798006347,-0.0977082248007427,"2"
"17648",0.770454852728601,-0.46388949173123,"4"
"17649",-0.58305517248555,0.230446034650655,"2"
"17650",-1.27317870369771,-0.232715496767133,"2"
"17651",2.81253055109374,0.508213261814029,"3"
"17652",2.86516433942277,0.284965309269877,"3"
"17653",1.28783894603671,0.583979989562669,"3"
"17654",-3.05769767321144,-0.0204007041529,"1"
"17655",1.87226586943321,-0.470039557972431,"4"
"17656",1.53355425836906,1.56649251229134,"3"
"17658",0.10194202975596,-0.841532810597779,"4"
"17659",2.4174582906028,-0.192597915627761,"3"
"17660",-1.97248070001806,-0.708142337932306,"2"
"17663",1.499868013411,-0.361675370012504,"4"
"17664",-0.00325787912846845,-1.48460909857785,"4"
"17666",0.426267978391506,0.209925536710609,"4"
"17667",1.24140635730932,-0.502420378708335,"4"
"17668",-0.644424627364305,0.441131387864287,"2"
"17669",2.2568739726258,0.661839196432267,"3"
"17670",-2.04974406269738,0.648502869106725,"1"
"17671",1.0574601118727,-0.849774947159508,"4"
"17672",1.14089364711933,-0.870416026429468,"4"
"17673",1.46772506130817,-1.56517155038884,"4"
"17674",-0.169383183088184,-1.16449806835384,"4"
"17675",4.93616713462768,1.46390047294991,"3"
"17676",1.32224209492273,-1.03423651088841,"4"
"17677",5.00426400245006,1.86196363360063,"3"
"17678",-1.75607541364727,0.826676574099858,"1"
"17679",0.983818054633749,1.7249315819779,"3"
"17680",-1.4467430384609,-0.370341972186754,"2"
"17682",1.75336637687405,-0.847848172007455,"4"
"17684",-1.24239555392134,-0.302214114206796,"2"
"17685",2.12444049398277,-0.550933686038698,"4"
"17686",2.52283680493362,-0.542875774027491,"3"
"17690",2.84009163058714,0.206622158869345,"3"
"17691",-1.8651091936665,2.07604453784002,"1"
"17692",0.209158633987144,-0.537701456857037,"4"
"17693",-1.50369378410839,-0.0601952481085212,"2"
"17694",-1.39226074683224,0.27583831636296,"2"
"17695",0.083604381459623,0.91077713913381,"2"
"17696",1.95238884343035,-0.426302095513579,"3"
"17697",-1.93136093134949,0.683462575408663,"1"
"17698",-2.35532909528775,0.809873348805577,"1"
"17700",1.41489866105045,-1.00796880521174,"4"
"17701",-1.8343504286798,0.750506305745511,"1"
"17702",1.34274501304175,-0.378041207055145,"4"
"17703",0.396255280672582,-0.52121747880219,"4"
"17704",-0.371227632777621,0.563989845567423,"4"
"17705",1.82471048593026,-0.459302484041458,"3"
"17706",3.77703005671146,0.504511595468607,"3"
"17707",-1.65132242175678,-0.0673983798027785,"1"
"17708",-1.80429204802896,-0.940252258517122,"1"
"17709",-2.75523715741163,0.408135723905501,"1"
"17711",-0.53871501873327,-1.5930076107387,"4"
"17712",-0.716825341259161,-0.16773315956385,"2"
"17714",-2.61482799428984,0.912462321063302,"1"
"17715",-0.779467841277784,2.7045974039731,"1"
"17716",2.98760814393917,0.371192665554239,"3"
"17718",-2.32041411035727,0.809585564491539,"1"
"17719",3.10787643125863,0.952435656581461,"3"
"17720",0.744792531640477,-0.957837228611665,"4"
"17722",1.22942648575484,-0.539745972043879,"4"
"17723",1.91947346494114,3.48871675156721,"3"
"17724",0.272601607828849,0.61642590108193,"2"
"17725",2.59880287776166,0.0990671285267525,"3"
"17727",0.131564166687705,-0.352731546970032,"2"
"17728",1.5185125607103,-0.210983936164058,"4"
"17730",3.19530126537339,0.167379664846356,"3"
"17731",0.620745557247594,0.210304622458658,"4"
"17732",-2.45957147139848,1.24490450371865,"1"
"17733",-0.0787911885972467,-1.21005549075774,"4"
"17734",0.082993640864809,-0.890322192777721,"4"
"17735",4.24098809503046,0.373237570051862,"3"
"17736",-0.211696704831199,-0.658484145717708,"2"
"17737",-1.04189575693567,-0.19413196656869,"2"
"17738",1.19935253350737,-0.945401664038334,"4"
"17739",1.90583393434861,0.0960517960221733,"4"
"17742",-1.28017837368095,-0.753969435675354,"4"
"17744",2.08918565905207,-1.03195913146074,"4"
"17746",-2.9080790094961,0.668024893798163,"1"
"17747",-2.77164545916735,1.07937111045167,"1"
"17749",-0.631868308540871,0.20240366127895,"1"
"17750",2.35471901839588,-0.0926121333683489,"3"
"17752",-2.47697774925418,2.28851568720734,"1"
"17754",1.60088530202442,-0.8787647774173,"4"
"17757",3.77552626053839,0.35891659226564,"3"
"17758",2.18508517311709,-0.718805371811043,"3"
"17759",0.416313798888556,-1.32125608220966,"4"
"17760",-0.783259236675699,-1.86570763366323,"4"
"17761",-0.170243765878044,0.333544706468539,"2"
"17763",-3.69299156261194,0.589886521966472,"1"
"17764",-0.250003560484336,-1.38971981556337,"4"
"17765",-1.07291886031791,-0.48841220100011,"2"
"17767",-1.16944933898563,-0.575433778271731,"2"
"17768",1.1854534578446,-0.738864852247303,"4"
"17769",2.44402117396099,-0.518208728953055,"3"
"17770",0.341192804309262,1.72186643634028,"1"
"17771",-1.02940529951813,-2.28398871838023,"4"
"17772",-1.43321020103362,-0.532935808910913,"2"
"17774",0.332775215745638,-1.061415831152,"4"
"17775",-2.89180101715649,0.705783373324201,"1"
"17777",0.117163617134969,-1.18174099329124,"2"
"17779",0.0782024448642711,-1.19030684658123,"4"
"17781",-2.0947376617222,-0.272816965120875,"1"
"17783",-0.916692045271863,-2.03224409752761,"4"
"17785",-1.92357393589525,-0.608132941173823,"2"
"17786",-1.2623174198906,-2.17145161010209,"4"
"17787",0.627838000479863,-0.416692933659737,"4"
"17788",0.245006208950664,1.9829741571478,"4"
"17789",-2.38066658953025,0.795474794694839,"1"
"17790",2.00336795036236,-0.350710601078285,"3"
"17791",-2.07940645442343,-0.69619521983133,"2"
"17793",-1.04793283031721,-1.08145405781968,"2"
"17795",-1.11184172320157,-0.574686877480076,"1"
"17796",-0.187145506719877,-1.63487504003335,"4"
"17797",0.195797043876586,-1.52016035281183,"4"
"17799",2.17161764110942,-0.981135803629265,"3"
"17800",1.33431270490953,-0.630151651806139,"4"
"17802",0.356844142973333,-1.45760805281664,"4"
"17805",-0.339676008168726,0.73529355142702,"2"
"17806",-0.140848788397626,-0.577975727982929,"2"
"17809",3.05396206030937,0.982294781070928,"3"
"17811",4.12646245530118,1.21719813840783,"3"
"17812",0.0954334516563044,-2.13631707957826,"4"
"17813",1.27709732771689,0.246750357774299,"3"
"17816",-2.17159820928662,-2.41994441183133,"2"
"17817",-0.840269260555929,-1.65729227947263,"4"
"17819",1.95568402089389,0.725751723727671,"3"
"17824",-0.696475824045939,0.00480968446404362,"2"
"17827",1.36917643608099,-1.60498704111507,"4"
"17828",1.10859575056953,-0.254601014190479,"4"
"17829",-0.961797916355542,1.38511078100696,"1"
"17830",-0.634516083109597,-1.42097448556899,"4"
"17831",-2.85185686104119,-0.342531857564689,"2"
"17832",-1.54218127961135,-1.38075732772193,"2"
"17835",0.023071292178552,0.459097030701736,"2"
"17836",-1.98648188903076,-1.17901550646739,"2"
"17837",1.32239046519623,0.342009346743564,"3"
"17838",1.73912507933168,-0.802736325601497,"4"
"17839",-1.02180306939444,-0.963937077204236,"2"
"17841",4.89170239956162,1.00543381023706,"3"
"17843",-2.48877409541447,0.147829702963836,"1"
"17844",-2.6232444140585,-0.404332309270599,"2"
"17846",-0.904900130756943,2.39439107495508,"1"
"17848",0.88446576595475,-0.0530871183972478,"4"
"17849",-0.767415352889066,0.859018924034938,"1"
"17850",2.43529237158712,3.48457593656393,"3"
"17852",-1.5958924119166,-0.356048860355755,"2"
"17854",-1.42935925381327,1.01130583260366,"1"
"17855",-2.37407679195941,0.990119217727763,"1"
"17856",1.3020285620451,0.1020835779917,"4"
"17857",5.18795074847634,2.94703232561831,"3"
"17858",2.97928994522894,-0.0164906154407283,"3"
"17859",-2.68524074396131,0.202406026943652,"1"
"17860",-2.78757262774422,0.297133274704788,"1"
"17861",1.98057830278909,-1.08401333157451,"4"
"17862",-2.13963443776361,1.46553026467902,"1"
"17863",1.97546623492868,-0.479966109806449,"4"
"17864",0.151030069240436,-2.0370674094946,"4"
"17865",4.01683511629961,0.999792992255435,"3"
"17866",-1.245264505884,0.780742643715604,"1"
"17867",0.9458479974353,-0.653653296044142,"4"
"17869",-0.60356617022419,-0.855554089498969,"4"
"17870",2.05139349351343,-1.03201902704615,"3"
"17871",-1.91731576330581,0.39152282536032,"1"
"17873",1.25810330268034,0.0100298442516431,"4"
"17874",0.0415783886067674,1.7055945873644,"2"
"17877",-1.81993682158824,0.437776964046776,"1"
"17878",-0.63813985421615,-0.347824650134988,"2"
"17879",-2.20576608351743,0.741591974813563,"1"
"17880",-1.76043876494001,1.27115788659493,"1"
"17881",-3.0260146013138,0.89942066880549,"1"
"17883",0.176548205907983,-1.99336040343222,"4"
"17884",0.511925554976956,-2.10180570374419,"4"
"17885",-1.66470442477407,-1.54588333958804,"2"
"17886",0.183123175401931,-1.58018118968988,"4"
"17887",-2.57327072129756,-0.200084319478145,"2"
"17888",1.15576217311125,-1.02068850645408,"4"
"17889",-2.01282753528064,-0.487619393927942,"1"
"17890",-1.15992706020203,0.950530157777043,"1"
"17891",-1.47753429519611,-0.456866257384445,"2"
"17892",-0.964543933800875,-0.797509070168867,"2"
"17893",-2.35642337672547,-0.079754384745111,"1"
"17894",0.747974552377738,-1.05955586747825,"4"
"17895",-1.84712950450001,-0.991741973760565,"2"
"17896",-0.529581417433831,1.16710124041516,"2"
"17897",-0.899520124449807,-1.25216971776921,"4"
"17898",-1.4256680310698,-1.59216639804671,"2"
"17899",-1.95624530939198,-0.599510233033539,"2"
"17900",-1.9087298384308,1.40495200157767,"1"
"17901",-2.40494536349831,-1.10120300703252,"2"
"17904",-1.81250317879557,-1.1718036925254,"2"
"17905",0.274996447345605,-0.685099216025482,"4"
"17906",-3.32511445868683,-0.0982009476235672,"1"
"17908",-2.54023802715915,0.28908634685019,"1"
"17911",-0.83718079562627,-0.814436319259482,"2"
"17912",-1.01844083766738,1.9641784109505,"1"
"17913",-0.752047918596948,-2.00520313661396,"4"
"17914",-0.681450861398272,-1.35712172997883,"2"
"17917",-0.822476989670415,-2.34592197187263,"4"
"17919",0.230010984836147,0.929963641412714,"4"
"17920",2.94085611143775,-0.631491668287162,"3"
"17921",0.156980132316117,-1.41373784781726,"4"
"17923",-2.16793964740189,2.72033157646298,"1"
"17924",2.12622152882865,0.425776227350982,"3"
"17925",-2.23055916488023,3.2484036467475,"1"
"17926",-0.716128186898179,0.0669228283975842,"2"
"17928",-1.22569405042998,-1.72706224187931,"2"
"17929",0.291524169289459,0.530944854515118,"4"
"17930",1.61543817712468,0.156870066967128,"4"
"17931",-1.02529856866291,-1.21474546623885,"4"
"17932",0.69561404843091,-1.04850480970205,"4"
"17934",0.25832608090092,1.29259160744611,"2"
"17935",-1.75553714092251,0.26991746002908,"2"
"17936",-0.83184601957959,-1.21886039334,"2"
"17937",2.48306199563614,0.484494252871991,"3"
"17939",-2.66310326434014,-0.27825671978169,"1"
"17940",3.46525636825165,2.01628246824018,"3"
"17941",-0.858186928903742,1.8001005979841,"1"
"17942",-2.0150804698956,0.13413005966381,"2"
"17946",-2.05998122430092,0.968532763125261,"1"
"17947",-1.26548293781643,-0.197453112841523,"2"
"17948",-0.930354526364561,2.54618799148143,"1"
"17949",5.54870745105771,4.04200051593097,"3"
"17950",-0.385189368247151,-1.76539735243399,"4"
"17951",0.574949655007014,-0.49526340884005,"4"
"17954",2.2889888594483,-1.24691343140863,"3"
"17955",-0.0664866323741589,2.98215450741836,"2"
"17956",-3.66835832419041,0.409338355695566,"1"
"17957",-1.60333734045474,-1.2490513717797,"2"
"17958",-1.14098419570841,1.207725508239,"2"
"17960",-2.95818231605906,-0.853884113676759,"1"
"17961",2.34795483118334,0.69286818224018,"3"
"17962",-2.25688945675633,-0.97585052617394,"2"
"17964",-0.649138157680268,-2.39525606115421,"4"
"17965",2.30097798098796,-0.444997590274514,"3"
"17966",1.42186345023203,-0.70806746975924,"4"
"17967",-3.24213532507829,0.0704061406642475,"1"
"17968",-2.56119179402673,0.132075536073098,"1"
"17969",-1.50131739801215,-0.74974893403373,"1"
"17970",-0.911257284834255,0.646732457713432,"1"
"17972",-2.94243299229651,-0.285032675774373,"1"
"17973",-0.985736355147128,0.00244972981905928,"2"
"17974",0.0527868894268386,-2.00008653980317,"4"
"17975",2.65507477216107,-0.226003373086371,"3"
"17976",-2.59671045123035,0.486202754033472,"1"
"17977",-0.785766541512142,-0.471098311410493,"2"
"17978",-1.71040200942478,1.50584639978176,"1"
"17979",0.141949246041575,-1.6939911338196,"4"
"17980",0.0181839227331599,-0.0576730154716051,"4"
"17984",-2.1927787727767,-0.936790054876533,"2"
"17985",-0.565741377551782,0.120526480877345,"2"
"17986",-2.90830447907193,-0.119124611163517,"2"
"17987",-1.59861130813661,0.30046584811749,"1"
"17988",-0.843685952180539,-1.67862782576323,"2"
"17990",-0.531372104570134,0.479421692096079,"1"
"17991",-2.5395956632831,1.56052746066995,"1"
"17994",0.0069728419693428,-0.731805147466804,"4"
"17995",-2.49612241699425,1.36416649836805,"1"
"17997",2.02519333622856,1.14570716634216,"3"
"17999",-0.893765666777916,-2.45510995774987,"4"
"18001",-0.351482657419003,-1.22043295444332,"2"
"18004",-3.01666002515302,0.238027962530688,"1"
"18005",-1.15935633315464,-0.990768547778813,"2"
"18006",-0.687465399234182,-0.190485520093996,"2"
"18008",2.10563401342893,1.10239966293641,"3"
"18009",-2.07231810200975,0.0893132400764353,"1"
"18010",-2.53036872631377,0.483867420517236,"1"
"18011",-3.27411827798582,0.152359024224381,"1"
"18013",-1.17564890219624,0.47282060077712,"2"
"18014",-1.83927907314241,-1.1373416246,"2"
"18015",-1.61118980265975,-1.59983927348452,"2"
"18016",1.11167835211442,-1.2494556791399,"4"
"18017",0.0713427515020098,0.828957228233067,"4"
"18018",-2.10335144100411,-1.40164815134379,"2"
"18019",-3.04205606852126,-0.849318365649306,"2"
"18022",-0.36248235673834,-1.27840871875074,"2"
"18024",-0.845215254421642,1.29002874428365,"2"
"18027",-2.1718040296966,-0.826555080953537,"2"
"18030",-0.960757300803396,0.461675482989743,"2"
"18032",-3.31024876460034,0.910804077980513,"1"
"18033",-1.74587669511599,-1.33836307140697,"2"
"18034",-0.129690283915616,-0.392933777445128,"2"
"18035",0.587295318511235,1.28527061289003,"2"
"18036",-0.544809794915545,-2.05218044410248,"4"
"18037",-2.23703552751532,-1.03401987498845,"2"
"18040",-0.778112650221365,-1.37225526797741,"4"
"18041",3.33746455438176,-0.0186613539525502,"3"
"18042",-1.97515760462892,0.0179250067411701,"2"
"18043",-0.36946178793324,-2.31252518411592,"4"
"18044",1.96221028575585,-0.583780062563654,"3"
"18045",-1.59715020571413,-1.22728051547655,"2"
"18048",-1.49730597152756,1.68672991417652,"1"
"18050",-3.41109721437094,1.03517627381507,"1"
"18053",-0.950265924508624,-0.21538311397088,"2"
"18055",2.85047195296527,-0.426920493676509,"3"
"18056",-1.74312769860336,0.971318741892499,"1"
"18058",-1.27499375563202,0.469257061212084,"2"
"18059",-0.146230761150016,0.638658863424571,"2"
"18061",2.04412109213577,0.294805382044391,"3"
"18062",-0.267638685148203,0.0981744283998532,"4"
"18064",-0.06019498090236,1.09970932459713,"4"
"18065",2.3192356858824,-0.143363103309018,"3"
"18066",-1.23803113387336,0.368941713373256,"2"
"18067",-0.958591924748682,-0.575111337587609,"2"
"18068",-3.1831977520914,2.17676561616561,"1"
"18069",1.23034997583202,-1.86983961816441,"4"
"18071",-1.22675097958246,0.19208694180245,"1"
"18072",-1.47684045156082,0.237049877620752,"1"
"18073",2.9240158491571,3.1217637204716,"3"
"18074",-1.83085457433617,1.86009874275173,"1"
"18075",2.16269364477185,-0.344989446558093,"3"
"18077",2.30509368344829,-0.710097440676948,"3"
"18078",-1.37875116941695,0.738091692826174,"1"
"18079",2.29983007710391,-0.23963710621943,"3"
"18080",0.85578304458342,0.937884524675641,"4"
"18081",-0.374523002055361,-0.250364413577852,"2"
"18082",-0.204111749135045,-0.688131866141419,"2"
"18084",-0.995035907713583,0.810406405259629,"2"
"18085",-1.10617338889841,1.77497083347979,"1"
"18086",-2.58700189202361,0.637407431772726,"1"
"18087",1.85377381585246,1.43949089603525,"4"
"18088",-1.77777276844631,-1.10728446640205,"2"
"18092",3.57505524990121,0.928737484362476,"3"
"18093",1.31242271860343,0.407309247272649,"4"
"18094",2.14830718634296,0.700425341818551,"3"
"18095",-0.838260911801761,2.33176078306847,"1"
"18096",0.572034931255008,-0.552822836695583,"2"
"18097",1.90749866131131,-0.699038154701998,"4"
"18099",-1.77566614532048,-0.356398011504368,"2"
"18101",-1.31278776810559,-1.94941580155993,"2"
"18102",5.56151010400717,4.13630828373928,"3"
"18104",-0.300916510509118,-0.112306778171208,"2"
"18105",-2.15391057886691,-1.01237020024549,"2"
"18106",-2.10971713593088,0.798207816490091,"1"
"18108",-2.15421958311603,0.672455011626846,"1"
"18109",4.03011509872137,0.777330243093976,"3"
"18110",-1.68275184032218,-1.17121592737305,"2"
"18112",-0.559320346683683,-1.42150883151173,"4"
"18113",-2.93760147111991,2.2921990954612,"1"
"18114",-2.65122353793443,0.329662159141572,"1"
"18116",1.099885028578,-1.35227155907184,"4"
"18117",-0.664964957444758,-1.26202457737549,"2"
"18118",3.4801821512657,-0.124848154958353,"3"
"18119",-2.72023015471246,0.50912762092832,"1"
"18120",-2.94132314445109,-0.177173535751331,"1"
"18121",-0.231613232528039,1.39257075047207,"2"
"18122",1.49099396621299,-0.888873509066845,"3"
"18123",0.234580658786794,0.649656736475646,"2"
"18125",0.646515155399711,-1.82309436971474,"4"
"18126",-1.61518758721632,-1.19522806821496,"2"
"18127",-0.50017537164575,-1.20302030226708,"2"
"18129",-2.83563490197294,0.0929066484616929,"1"
"18130",0.90376059393623,0.667689366517661,"2"
"18133",0.178606559954654,2.89934693080993,"1"
"18135",0.591716093217406,0.136038473458847,"4"
"18136",0.0583749085219684,-0.913949387715777,"4"
"18138",-2.84512856342938,0.963659901276898,"1"
"18139",3.37591690292605,2.72509384802721,"3"
"18142",0.435251230962052,1.39654064458276,"4"
"18143",0.14450253114236,1.08080060438948,"2"
"18144",2.58100797943719,0.668179656295327,"3"
"18145",1.71799314829086,-1.34487585332312,"4"
"18146",-1.47269459723611,-0.203372558829987,"2"
"18147",-0.863129141331045,-0.0309456519799758,"2"
"18149",0.0211756440441849,-0.436623611645891,"4"
"18150",-0.0373329805728486,-0.992099866837841,"4"
"18151",-0.545312152547572,-0.663669485129424,"4"
"18154",-0.230313414617189,0.180302596208935,"2"
"18155",-0.499473859351917,-1.02524366876985,"4"
"18156",-0.405412734467614,-2.35888593859916,"4"
"18158",-0.229528273581227,-0.876673604557215,"2"
"18159",-1.75906358590296,1.19155726118505,"1"
"18160",-0.358856097234848,-0.99754005438992,"4"
"18161",1.20646556369723,-0.88357622400715,"4"
"18164",-0.888057012072555,-0.271897718359747,"2"
"18165",-1.28536863258558,0.789959532681053,"1"
"18167",0.69569326519462,0.423065691010855,"4"
"18168",0.433317390693993,-0.155496813785616,"4"
"18169",-1.67128177882684,0.0233156950282583,"2"
"18170",0.362379309173524,-0.642714688114481,"4"
"18171",0.747448760740465,-0.527180172131388,"4"
"18172",3.78012931034157,1.47420466298584,"3"
"18173",1.32041014423327,0.586356507707513,"4"
"18174",-1.61456665438321,0.895064880418092,"2"
"18176",-1.78008185610567,1.16866395319902,"1"
"18177",1.17481890485902,-0.444507059263167,"4"
"18178",0.704097000705462,-0.491811465699349,"4"
"18179",1.61198786129894,-0.833740319543766,"4"
"18180",1.8258698087664,-0.0927699222902706,"3"
"18181",-1.10532444942625,-0.775745884136255,"2"
"18183",-0.712835619528402,0.930317657840647,"1"
"18184",-1.99611122902454,0.333413400330598,"2"
"18185",-1.75306225329314,0.734919544284353,"1"
"18188",1.14988266586908,-0.901356721876995,"4"
"18189",0.0484226802903482,-1.0752426002906,"4"
"18190",-1.47408338728453,-0.287903918210671,"1"
"18191",-1.9953330417889,1.14344674098054,"1"
"18192",-0.330397032726377,0.10902900109729,"2"
"18193",-1.73665381253434,0.223853301692842,"1"
"18194",0.193007025955389,1.569994794348,"4"
"18196",-0.5084108762178,-1.84296803310786,"4"
"18198",3.54844998808032,0.750335673439249,"3"
"18200",-1.97741277311458,-0.837542981129987,"2"
"18202",0.101433364594444,0.424355359267086,"4"
"18203",-2.40893927505095,-0.245988453367931,"1"
"18204",0.88533894988141,-0.726153297757597,"4"
"18205",-0.360093583573825,0.311640571479937,"2"
"18209",-1.78696300848238,-0.333267332327073,"2"
"18210",1.84437599737481,-0.673571804908524,"4"
"18211",0.359420459926593,-0.984789205683371,"4"
"18212",-2.61137711210821,0.345953508628301,"1"
"18213",-1.75468292735183,0.554798692453115,"1"
"18215",-1.33025669711983,0.189321020473863,"2"
"18216",-0.731925953503344,-0.212349618776345,"2"
"18217",0.145814032203495,0.32983315544792,"2"
"18218",-0.466285656043182,0.841276091773935,"1"
"18219",1.91341034739269,-0.549832463018885,"3"
"18220",-1.14298736262619,2.24022564116151,"1"
"18221",0.997718463091397,-0.59740885095033,"4"
"18222",-0.742160594823774,0.228313979969038,"2"
"18223",3.25081351963737,0.148710150214472,"3"
"18224",-2.50512962044139,0.68338797077463,"1"
"18225",3.05522591215898,-0.195867812768119,"3"
"18226",2.88090698982713,0.181348648166867,"3"
"18227",-3.02195836821038,0.57098246468549,"1"
"18228",-0.0365140501326721,1.13689712965383,"2"
"18229",3.63162792716872,1.10976676080259,"3"
"18230",2.01504792773768,-0.201044517471208,"3"
"18231",0.839093621883831,1.09184123014565,"3"
"18232",0.0421900942866859,-0.0567118909614061,"2"
"18233",-2.44552495139584,3.4068987996451,"1"
"18235",1.01071370693522,-0.540343852940926,"4"
"18236",0.769442604775469,-0.4206536205904,"4"
"18237",1.00246714153296,-0.276836940724425,"4"
"18239",0.531601467417513,0.615797286233576,"4"
"18240",-0.817858480378529,0.850655679473558,"2"
"18241",2.5618736225784,1.06484481719298,"3"
"18242",1.22318468744588,0.166507761200014,"4"
"18245",1.95811039840501,-0.969244748878952,"4"
"18246",-0.178076061682652,0.271659473137277,"4"
"18248",-0.154244853319432,0.0871679037885432,"4"
"18249",-1.6566689736683,-0.682515698514761,"2"
"18250",-1.88493506193526,0.967992688477242,"1"
"18251",1.97496352151396,2.16631493781602,"3"
"18252",-0.664478569296182,-1.6684981641787,"4"
"18255",-2.04011863112403,-0.0799922578673564,"2"
"18257",1.78147360240946,-0.16172005256829,"3"
"18259",1.08105770686446,-0.45417924197633,"4"
"18260",1.3148274851095,0.498090296604236,"3"
"18261",-0.771113398443451,-0.148325355055699,"2"
"18262",-1.75511714308151,-0.122436579565857,"2"
"18263",0.942262711264902,-1.01967666153566,"4"
"18265",-0.219078027851677,-0.442540500895503,"4"
"18268",-3.15202930525145,0.387040926396194,"1"
"18269",-2.73973494892823,1.46081358116111,"1"
"18270",-1.05488720839015,-1.0685088801877,"4"
"18272",2.07185586836008,-0.618043107388855,"3"
"18273",-0.767510147438674,-0.36327686655983,"4"
"18274",-1.53424908747176,-0.375350598391149,"2"
"18276",-0.92626996845168,0.0135181104026921,"2"
"18277",-1.96833203458695,-0.377880256010015,"2"
"18278",-1.77849328815728,-0.0386602599280442,"2"
"18280",-2.6483048066133,0.850442300684197,"1"
"18281",-2.65967421786109,0.0381645067334314,"1"
"18282",-1.17496341665115,-1.22211889728979,"2"
"18283",2.2589716054284,-1.0337768186078,"3"
"18287",1.1810894771297,-0.441215836652572,"4"
